[debug] [2026-06-25T19:36:08.450Z] ----------------------------------------------------------------------
[debug] [2026-06-25T19:36:08.452Z] Command:       C:\Program Files\nodejs\node.exe C:\Users\pjlos\AppData\Roaming\npm\node_modules\firebase-tools\lib\bin\firebase.js emulators:start --only functions
[debug] [2026-06-25T19:36:08.453Z] CLI Version:   15.17.0
[debug] [2026-06-25T19:36:08.453Z] Platform:      win32
[debug] [2026-06-25T19:36:08.453Z] Node Version:  v24.13.0
[debug] [2026-06-25T19:36:08.453Z] Time:          Thu Jun 25 2026 14:36:08 GMT-0500 (Central Daylight Time)
[debug] [2026-06-25T19:36:08.453Z] ----------------------------------------------------------------------
[debug] 
[debug] [2026-06-25T19:36:10.460Z] > command requires scopes: ["email","openid","https://www.googleapis.com/auth/cloudplatformprojects.readonly","https://www.googleapis.com/auth/firebase","https://www.googleapis.com/auth/cloud-platform"]
[debug] [2026-06-25T19:36:10.460Z] > authorizing via signed-in user (loseyp@gmail.com)
[info] i  emulators: Starting emulators: functions {"metadata":{"emulator":{"name":"hub"},"message":"Starting emulators: functions"}}
[debug] [2026-06-25T19:36:10.476Z] [logging] Logging Emulator only supports listening on one address (127.0.0.1). Not listening on ::1
[debug] [2026-06-25T19:36:10.477Z] assigned listening specs for emulators {"user":{"hub":[{"address":"127.0.0.1","family":"IPv4","port":4400},{"address":"::1","family":"IPv6","port":4400}],"ui":[{"address":"127.0.0.1","family":"IPv4","port":4000},{"address":"::1","family":"IPv6","port":4000}],"logging":[{"address":"127.0.0.1","family":"IPv4","port":4500}]},"metadata":{"message":"assigned listening specs for emulators"}}
[debug] [2026-06-25T19:36:10.486Z] Found emulator hub locator: {"version":"15.17.0","origins":["http://127.0.0.1:4400","http://[::1]:4400"],"pid":22224}
[debug] [2026-06-25T19:36:10.486Z] Write emulator hub locator at C:\Users\pjlos\AppData\Local\Temp\hub-saegroup-c6487.json
[debug] [2026-06-25T19:36:10.504Z] [functions] Functions Emulator only supports listening on one address (127.0.0.1). Not listening on ::1
[debug] [2026-06-25T19:36:10.504Z] [eventarc] Eventarc Emulator only supports listening on one address (127.0.0.1). Not listening on ::1
[debug] [2026-06-25T19:36:10.504Z] [tasks] Cloud Tasks Emulator only supports listening on one address (127.0.0.1). Not listening on ::1
[debug] [2026-06-25T19:36:10.504Z] late-assigned ports for functions and eventarc emulators {"user":{"hub":[{"address":"127.0.0.1","family":"IPv4","port":4400},{"address":"::1","family":"IPv6","port":4400}],"ui":[{"address":"127.0.0.1","family":"IPv4","port":4000},{"address":"::1","family":"IPv6","port":4000}],"logging":[{"address":"127.0.0.1","family":"IPv4","port":4500}],"functions":[{"address":"127.0.0.1","family":"IPv4","port":5001}],"eventarc":[{"address":"127.0.0.1","family":"IPv4","port":9299}],"tasks":[{"address":"127.0.0.1","family":"IPv4","port":9499}]},"metadata":{"message":"late-assigned ports for functions and eventarc emulators"}}
[warn] !  functions: The following emulators are not running, calls to these services from the Functions emulator will affect production: apphosting, auth, firestore, database, hosting, pubsub, storage, dataconnect {"metadata":{"emulator":{"name":"functions"},"message":"The following emulators are not running, calls to these services from the Functions emulator will affect production: \u001b[1mapphosting, auth, firestore, database, hosting, pubsub, storage, dataconnect\u001b[22m"}}
[debug] [2026-06-25T19:36:10.552Z] defaultcredentials: writing to file C:\Users\pjlos\AppData\Roaming\firebase\loseyp_gmail_com_application_default_credentials.json
[debug] [2026-06-25T19:36:10.553Z] Setting GAC to C:\Users\pjlos\AppData\Roaming\firebase\loseyp_gmail_com_application_default_credentials.json {"metadata":{"emulator":{"name":"functions"},"message":"Setting GAC to C:\\Users\\pjlos\\AppData\\Roaming\\firebase\\loseyp_gmail_com_application_default_credentials.json"}}
[debug] [2026-06-25T19:36:10.554Z] Checked if tokens are valid: false, expires at: 1782411327679
[debug] [2026-06-25T19:36:10.554Z] Checked if tokens are valid: false, expires at: 1782411327679
[debug] [2026-06-25T19:36:10.554Z] > refreshing access token with scopes: []
[debug] [2026-06-25T19:36:10.556Z] >>> [apiv2][query] POST https://www.googleapis.com/oauth2/v3/token [none]
[debug] [2026-06-25T19:36:10.556Z] >>> [apiv2][body] POST https://www.googleapis.com/oauth2/v3/token [omitted]
[debug] [2026-06-25T19:36:10.725Z] <<< [apiv2][status] POST https://www.googleapis.com/oauth2/v3/token 200
[debug] [2026-06-25T19:36:10.725Z] <<< [apiv2][body] POST https://www.googleapis.com/oauth2/v3/token [omitted]
[debug] [2026-06-25T19:36:10.737Z] >>> [apiv2][query] GET https://firebase.googleapis.com/v1beta1/projects/saegroup-c6487/adminSdkConfig [none]
[debug] [2026-06-25T19:36:11.139Z] <<< [apiv2][status] GET https://firebase.googleapis.com/v1beta1/projects/saegroup-c6487/adminSdkConfig 200
[debug] [2026-06-25T19:36:11.139Z] <<< [apiv2][body] GET https://firebase.googleapis.com/v1beta1/projects/saegroup-c6487/adminSdkConfig {"projectId":"saegroup-c6487","storageBucket":"saegroup-c6487.firebasestorage.app"}
[info] i  functions: Watching "C:\_Projects\upfittersos.com\apps\functions" for Cloud Functions... {"metadata":{"emulator":{"name":"functions"},"message":"Watching \"C:\\_Projects\\upfittersos.com\\apps\\functions\" for Cloud Functions..."}}
[debug] [2026-06-25T19:36:11.169Z] Validating nodejs source
[warn] !  functions: package.json indicates an outdated version of firebase-functions. Please upgrade using npm install --save firebase-functions@latest in your functions directory. 
[warn] !  functions: Please note that there will be breaking changes when you upgrade. 
[debug] [2026-06-25T19:36:12.802Z] > [functions] package.json contents: {
  "name": "saegroup-os-api",
  "version": "1.0.0",
  "description": "SAE Group OS REST API",
  "main": "lib/index.js",
  "scripts": {
    "build": "tsc && copy src\\swagger.yaml lib\\",
    "serve": "npm run build && firebase emulators:start --only functions",
    "shell": "npm run build && firebase functions:shell",
    "start": "npm run shell",
    "deploy": "firebase deploy --only functions",
    "logs": "firebase functions:log"
  },
  "engines": {
    "node": "20"
  },
  "dependencies": {
    "axios": "^1.14.0",
    "cors": "^2.8.5",
    "dotenv": "^16.4.5",
    "express": "^4.18.2",
    "firebase-admin": "^12.0.0",
    "firebase-functions": "^4.8.0",
    "googleapis": "^171.4.0",
    "swagger-ui-express": "^5.0.0",
    "xml2js": "^0.6.2",
    "yamljs": "^0.3.0"
  },
  "devDependencies": {
    "@types/cors": "^2.8.17",
    "@types/express": "^4.17.21",
    "@types/swagger-ui-express": "^4.1.6",
    "@types/xml2js": "^0.4.14",
    "@types/yamljs": "^0.2.34",
    "typescript": "^5.4.2"
  },
  "private": true
}
[debug] [2026-06-25T19:36:12.802Z] Building nodejs source
[debug] [2026-06-25T19:36:12.802Z] Failed to find version of module node: reached end of search path C:\_Projects\upfittersos.com\apps\functions\node_modules
[warn] !  functions: Your requested "node" version "20" doesn't match your global version "24". Using node@24 from host. 
[info] i  functions: Loaded environment variables from .env. 
[info] i  functions: You are using a version of firebase-functions SDK (4.9.0) that does not have support for the newest Firebase Extensions features. Please update firebase-functions SDK to >=5.1.0 to use them correctly 
[debug] [2026-06-25T19:36:12.805Z] Could not find functions.yaml. Must use http discovery
[debug] [2026-06-25T19:36:12.815Z] Found firebase-functions binary at 'C:\_Projects\upfittersos.com\node_modules\.bin\firebase-functions'
[info] Serving at port 8268

[debug] [2026-06-25T19:36:16.405Z] Got response from /__/functions.yaml {"endpoints":{"runOneTimeMigration":{"platform":"gcfv1","availableMemoryMb":null,"timeoutSeconds":null,"minInstances":null,"maxInstances":null,"ingressSettings":null,"serviceAccountEmail":null,"vpc":null,"httpsTrigger":{},"entryPoint":"runOneTimeMigration"},"migrateZones":{"platform":"gcfv1","availableMemoryMb":null,"timeoutSeconds":null,"minInstances":null,"maxInstances":null,"ingressSettings":null,"serviceAccountEmail":null,"vpc":null,"httpsTrigger":{},"entryPoint":"migrateZones"},"api":{"platform":"gcfv1","availableMemoryMb":null,"timeoutSeconds":null,"minInstances":null,"maxInstances":null,"ingressSettings":null,"serviceAccountEmail":null,"vpc":null,"httpsTrigger":{},"entryPoint":"api"},"generateAutomatedReports":{"platform":"gcfv1","availableMemoryMb":null,"timeoutSeconds":null,"minInstances":null,"maxInstances":null,"ingressSettings":null,"serviceAccountEmail":null,"vpc":null,"scheduleTrigger":{"schedule":"0 * * * *","retryConfig":{"retryCount":null,"maxDoublings":null,"maxRetryDuration":null,"maxBackoffDuration":null,"minBackoffDuration":null},"timeZone":null},"labels":{},"entryPoint":"generateAutomatedReports"},"aggregateShopVitals":{"platform":"gcfv1","availableMemoryMb":null,"timeoutSeconds":null,"minInstances":null,"maxInstances":null,"ingressSettings":null,"serviceAccountEmail":null,"vpc":null,"scheduleTrigger":{"schedule":"*/30 * * * *","retryConfig":{"retryCount":null,"maxDoublings":null,"maxRetryDuration":null,"maxBackoffDuration":null,"minBackoffDuration":null},"timeZone":null},"labels":{},"entryPoint":"aggregateShopVitals"},"onMessageReceived":{"availableMemoryMb":null,"timeoutSeconds":null,"minInstances":null,"maxInstances":null,"ingressSettings":null,"concurrency":null,"serviceAccountEmail":null,"vpc":null,"platform":"gcfv2","labels":{},"eventTrigger":{"eventType":"google.cloud.firestore.document.v1.created","eventFilters":{"database":"(default)","namespace":"(default)"},"eventFilterPathPatterns":{"document":"messages/{messageId}"},"retry":false},"entryPoint":"onMessageReceived"},"onAnnouncementCreated":{"availableMemoryMb":null,"timeoutSeconds":null,"minInstances":null,"maxInstances":null,"ingressSettings":null,"concurrency":null,"serviceAccountEmail":null,"vpc":null,"platform":"gcfv2","labels":{},"eventTrigger":{"eventType":"google.cloud.firestore.document.v1.created","eventFilters":{"database":"(default)","namespace":"(default)"},"eventFilterPathPatterns":{"document":"announcements/{announcementId}"},"retry":false},"entryPoint":"onAnnouncementCreated"},"onQbCustomerWrite":{"platform":"gcfv1","availableMemoryMb":null,"timeoutSeconds":null,"minInstances":null,"maxInstances":null,"ingressSettings":null,"serviceAccountEmail":null,"vpc":null,"eventTrigger":{"eventType":"providers/cloud.firestore/eventTypes/document.write","eventFilters":{"resource":"projects/saegroup-c6487/databases/(default)/documents/businesses/{tenantId}/qb_customers/{customerId}"},"retry":false},"labels":{},"entryPoint":"onQbCustomerWrite"},"onQbJobWrite":{"platform":"gcfv1","availableMemoryMb":null,"timeoutSeconds":null,"minInstances":null,"maxInstances":null,"ingressSettings":null,"serviceAccountEmail":null,"vpc":null,"eventTrigger":{"eventType":"providers/cloud.firestore/eventTypes/document.write","eventFilters":{"resource":"projects/saegroup-c6487/databases/(default)/documents/businesses/{tenantId}/qb_jobs/{jobId}"},"retry":false},"labels":{},"entryPoint":"onQbJobWrite"},"onQbEmployeeWrite":{"platform":"gcfv1","availableMemoryMb":null,"timeoutSeconds":null,"minInstances":null,"maxInstances":null,"ingressSettings":null,"serviceAccountEmail":null,"vpc":null,"eventTrigger":{"eventType":"providers/cloud.firestore/eventTypes/document.write","eventFilters":{"resource":"projects/saegroup-c6487/databases/(default)/documents/businesses/{tenantId}/qb_employees/{employeeId}"},"retry":false},"labels":{},"entryPoint":"onQbEmployeeWrite"},"onQbTimeTrackingWrite":{"platform":"gcfv1","availableMemoryMb":null,"timeoutSeconds":null,"minInstances":null,"maxInstances":null,"ingressSettings":null,"serviceAccountEmail":null,"vpc":null,"eventTrigger":{"eventType":"providers/cloud.firestore/eventTypes/document.write","eventFilters":{"resource":"projects/saegroup-c6487/databases/(default)/documents/businesses/{tenantId}/qb_time_tracking/{timeId}"},"retry":false},"labels":{},"entryPoint":"onQbTimeTrackingWrite"},"syncStaffPermissions":{"platform":"gcfv1","availableMemoryMb":null,"timeoutSeconds":null,"minInstances":null,"maxInstances":null,"ingressSettings":null,"serviceAccountEmail":null,"vpc":null,"eventTrigger":{"eventType":"providers/cloud.firestore/eventTypes/document.write","eventFilters":{"resource":"projects/saegroup-c6487/databases/(default)/documents/businesses/{tenantId}/staff/{staffId}"},"retry":false},"labels":{},"entryPoint":"syncStaffPermissions"},"onChatMessage":{"platform":"gcfv1","availableMemoryMb":null,"timeoutSeconds":null,"minInstances":null,"maxInstances":null,"ingressSettings":null,"serviceAccountEmail":null,"vpc":null,"eventTrigger":{"eventType":"providers/cloud.firestore/eventTypes/document.create","eventFilters":{"resource":"projects/saegroup-c6487/databases/(default)/documents/businesses/{tenantId}/jobs/{jobId}/chat_messages/{messageId}"},"retry":false},"labels":{},"entryPoint":"onChatMessage"},"onZoneUpdated":{"availableMemoryMb":null,"timeoutSeconds":null,"minInstances":null,"maxInstances":null,"ingressSettings":null,"concurrency":null,"serviceAccountEmail":null,"vpc":null,"platform":"gcfv2","labels":{},"eventTrigger":{"eventType":"google.cloud.firestore.document.v1.updated","eventFilters":{"database":"(default)","namespace":"(default)"},"eventFilterPathPatterns":{"document":"businesses/{tenantId}/zones/{zoneId}"},"retry":false},"entryPoint":"onZoneUpdated"},"onJobUpdated":{"availableMemoryMb":null,"timeoutSeconds":null,"minInstances":null,"maxInstances":null,"ingressSettings":null,"concurrency":null,"serviceAccountEmail":null,"vpc":null,"platform":"gcfv2","labels":{},"eventTrigger":{"eventType":"google.cloud.firestore.document.v1.updated","eventFilters":{"database":"(default)","namespace":"(default)"},"eventFilterPathPatterns":{"document":"businesses/{tenantId}/jobs/{jobId}"},"retry":false},"entryPoint":"onJobUpdated"},"checkStaleBays":{"availableMemoryMb":null,"timeoutSeconds":null,"minInstances":null,"maxInstances":null,"ingressSettings":null,"concurrency":null,"serviceAccountEmail":null,"vpc":null,"platform":"gcfv2","labels":{},"scheduleTrigger":{"schedule":"every 15 minutes","retryConfig":{"retryCount":null,"maxDoublings":null,"maxRetrySeconds":null,"minBackoffSeconds":null,"maxBackoffSeconds":null},"timeZone":null},"entryPoint":"checkStaleBays"},"onActivityFeedCreated":{"availableMemoryMb":null,"timeoutSeconds":null,"minInstances":null,"maxInstances":null,"ingressSettings":null,"concurrency":null,"serviceAccountEmail":null,"vpc":null,"platform":"gcfv2","labels":{},"eventTrigger":{"eventType":"google.cloud.firestore.document.v1.created","eventFilters":{"database":"(default)","namespace":"(default)"},"eventFilterPathPatterns":{"document":"businesses/{tenantId}/activity_feed/{feedId}"},"retry":false},"entryPoint":"onActivityFeedCreated"},"onJobTaskWritten":{"availableMemoryMb":null,"timeoutSeconds":null,"minInstances":null,"maxInstances":null,"ingressSettings":null,"concurrency":null,"serviceAccountEmail":null,"vpc":null,"platform":"gcfv2","labels":{},"eventTrigger":{"eventType":"google.cloud.firestore.document.v1.written","eventFilters":{"database":"(default)","namespace":"(default)"},"eventFilterPathPatterns":{"document":"businesses/{tenantId}/jobs/{jobId}/tasks/{taskId}"},"retry":false},"entryPoint":"onJobTaskWritten"},"onJobChatMessageWritten":{"availableMemoryMb":null,"timeoutSeconds":null,"minInstances":null,"maxInstances":null,"ingressSettings":null,"concurrency":null,"serviceAccountEmail":null,"vpc":null,"platform":"gcfv2","labels":{},"eventTrigger":{"eventType":"google.cloud.firestore.document.v1.written","eventFilters":{"database":"(default)","namespace":"(default)"},"eventFilterPathPatterns":{"document":"businesses/{tenantId}/jobs/{jobId}/chat_messages/{messageId}"},"retry":false},"entryPoint":"onJobChatMessageWritten"},"onJobActivityWritten":{"availableMemoryMb":null,"timeoutSeconds":null,"minInstances":null,"maxInstances":null,"ingressSettings":null,"concurrency":null,"serviceAccountEmail":null,"vpc":null,"platform":"gcfv2","labels":{},"eventTrigger":{"eventType":"google.cloud.firestore.document.v1.written","eventFilters":{"database":"(default)","namespace":"(default)"},"eventFilterPathPatterns":{"document":"businesses/{tenantId}/jobs/{jobId}/activity/{activityId}"},"retry":false},"entryPoint":"onJobActivityWritten"},"aggregateEfficiencyStats":{"platform":"gcfv1","availableMemoryMb":null,"timeoutSeconds":null,"minInstances":null,"maxInstances":null,"ingressSettings":null,"serviceAccountEmail":null,"vpc":null,"scheduleTrigger":{"schedule":"*/30 * * * *","retryConfig":{"retryCount":null,"maxDoublings":null,"maxRetryDuration":null,"maxBackoffDuration":null,"minBackoffDuration":null},"timeZone":null},"labels":{},"entryPoint":"aggregateEfficiencyStats"},"forceAggregateEfficiencyStats":{"platform":"gcfv1","labels":{},"availableMemoryMb":null,"timeoutSeconds":null,"minInstances":null,"maxInstances":null,"ingressSettings":null,"serviceAccountEmail":null,"vpc":null,"callableTrigger":{},"entryPoint":"forceAggregateEfficiencyStats"}},"specVersion":"v1alpha1","requiredAPIs":[{"api":"cloudscheduler.googleapis.com","reason":"Needed for scheduled functions."}]}
[info] +  functions: Loaded functions definitions from source: runOneTimeMigration, migrateZones, api, generateAutomatedReports, aggregateShopVitals, onMessageReceived, onAnnouncementCreated, onQbCustomerWrite, onQbJobWrite, onQbEmployeeWrite, onQbTimeTrackingWrite, syncStaffPermissions, onChatMessage, onZoneUpdated, onJobUpdated, checkStaleBays, onActivityFeedCreated, onJobTaskWritten, onJobChatMessageWritten, onJobActivityWritten, aggregateEfficiencyStats, forceAggregateEfficiencyStats. {"metadata":{"emulator":{"name":"functions"},"message":"Loaded functions definitions from source: runOneTimeMigration, migrateZones, api, generateAutomatedReports, aggregateShopVitals, onMessageReceived, onAnnouncementCreated, onQbCustomerWrite, onQbJobWrite, onQbEmployeeWrite, onQbTimeTrackingWrite, syncStaffPermissions, onChatMessage, onZoneUpdated, onJobUpdated, checkStaleBays, onActivityFeedCreated, onJobTaskWritten, onJobChatMessageWritten, onJobActivityWritten, aggregateEfficiencyStats, forceAggregateEfficiencyStats."}}
[info] +  functions[us-central1-runOneTimeMigration]: http function initialized (http://127.0.0.1:5001/saegroup-c6487/us-central1/runOneTimeMigration). {"metadata":{"emulator":{"name":"functions"},"message":"\u001b[1mhttp\u001b[22m function initialized (http://127.0.0.1:5001/saegroup-c6487/us-central1/runOneTimeMigration)."}}
[info] +  functions[us-central1-migrateZones]: http function initialized (http://127.0.0.1:5001/saegroup-c6487/us-central1/migrateZones). {"metadata":{"emulator":{"name":"functions"},"message":"\u001b[1mhttp\u001b[22m function initialized (http://127.0.0.1:5001/saegroup-c6487/us-central1/migrateZones)."}}
[info] +  functions[us-central1-api]: http function initialized (http://127.0.0.1:5001/saegroup-c6487/us-central1/api). {"metadata":{"emulator":{"name":"functions"},"message":"\u001b[1mhttp\u001b[22m function initialized (http://127.0.0.1:5001/saegroup-c6487/us-central1/api)."}}
[info] i  functions[us-central1-generateAutomatedReports]: function ignored because the pubsub emulator does not exist or is not running. {"metadata":{"emulator":{"name":"functions"},"message":"function ignored because the pubsub emulator does not exist or is not running."}}
[info] i  functions[us-central1-aggregateShopVitals]: function ignored because the pubsub emulator does not exist or is not running. {"metadata":{"emulator":{"name":"functions"},"message":"function ignored because the pubsub emulator does not exist or is not running."}}
[info] i  functions[us-central1-onMessageReceived]: function ignored because the firestore emulator does not exist or is not running. {"metadata":{"emulator":{"name":"functions"},"message":"function ignored because the firestore emulator does not exist or is not running."}}
[info] i  functions[us-central1-onAnnouncementCreated]: function ignored because the firestore emulator does not exist or is not running. {"metadata":{"emulator":{"name":"functions"},"message":"function ignored because the firestore emulator does not exist or is not running."}}
[info] i  functions[us-central1-onQbCustomerWrite]: function ignored because the firestore emulator does not exist or is not running. {"metadata":{"emulator":{"name":"functions"},"message":"function ignored because the firestore emulator does not exist or is not running."}}
[info] i  functions[us-central1-onQbJobWrite]: function ignored because the firestore emulator does not exist or is not running. {"metadata":{"emulator":{"name":"functions"},"message":"function ignored because the firestore emulator does not exist or is not running."}}
[info] i  functions[us-central1-onQbEmployeeWrite]: function ignored because the firestore emulator does not exist or is not running. {"metadata":{"emulator":{"name":"functions"},"message":"function ignored because the firestore emulator does not exist or is not running."}}
[info] i  functions[us-central1-onQbTimeTrackingWrite]: function ignored because the firestore emulator does not exist or is not running. {"metadata":{"emulator":{"name":"functions"},"message":"function ignored because the firestore emulator does not exist or is not running."}}
[info] i  functions[us-central1-syncStaffPermissions]: function ignored because the firestore emulator does not exist or is not running. {"metadata":{"emulator":{"name":"functions"},"message":"function ignored because the firestore emulator does not exist or is not running."}}
[info] i  functions[us-central1-onChatMessage]: function ignored because the firestore emulator does not exist or is not running. {"metadata":{"emulator":{"name":"functions"},"message":"function ignored because the firestore emulator does not exist or is not running."}}
[info] i  functions[us-central1-onZoneUpdated]: function ignored because the firestore emulator does not exist or is not running. {"metadata":{"emulator":{"name":"functions"},"message":"function ignored because the firestore emulator does not exist or is not running."}}
[info] i  functions[us-central1-onJobUpdated]: function ignored because the firestore emulator does not exist or is not running. {"metadata":{"emulator":{"name":"functions"},"message":"function ignored because the firestore emulator does not exist or is not running."}}
[info] i  functions[us-central1-checkStaleBays]: function ignored because the pubsub emulator does not exist or is not running. {"metadata":{"emulator":{"name":"functions"},"message":"function ignored because the pubsub emulator does not exist or is not running."}}
[info] i  functions[us-central1-onActivityFeedCreated]: function ignored because the firestore emulator does not exist or is not running. {"metadata":{"emulator":{"name":"functions"},"message":"function ignored because the firestore emulator does not exist or is not running."}}
[info] i  functions[us-central1-onJobTaskWritten]: function ignored because the firestore emulator does not exist or is not running. {"metadata":{"emulator":{"name":"functions"},"message":"function ignored because the firestore emulator does not exist or is not running."}}
[info] i  functions[us-central1-onJobChatMessageWritten]: function ignored because the firestore emulator does not exist or is not running. {"metadata":{"emulator":{"name":"functions"},"message":"function ignored because the firestore emulator does not exist or is not running."}}
[info] i  functions[us-central1-onJobActivityWritten]: function ignored because the firestore emulator does not exist or is not running. {"metadata":{"emulator":{"name":"functions"},"message":"function ignored because the firestore emulator does not exist or is not running."}}
[info] i  functions[us-central1-aggregateEfficiencyStats]: function ignored because the pubsub emulator does not exist or is not running. {"metadata":{"emulator":{"name":"functions"},"message":"function ignored because the pubsub emulator does not exist or is not running."}}
[info] +  functions[us-central1-forceAggregateEfficiencyStats]: http function initialized (http://127.0.0.1:5001/saegroup-c6487/us-central1/forceAggregateEfficiencyStats). {"metadata":{"emulator":{"name":"functions"},"message":"\u001b[1mhttp\u001b[22m function initialized (http://127.0.0.1:5001/saegroup-c6487/us-central1/forceAggregateEfficiencyStats)."}}
[debug] [2026-06-25T19:36:20.564Z] Could not find VSCode notification endpoint: FetchError: request to http://localhost:40001/vscode/notify failed, reason: . If you are not running the Firebase SQL Connect VSCode extension, this is expected and not an issue.
[info] 
┌─────────────────────────────────────────────────────────────┐
│ ✔  All emulators ready! It is now safe to connect your app. │
│ i  View Emulator UI at http://127.0.0.1:4000/               │
└─────────────────────────────────────────────────────────────┘

┌───────────┬────────────────┬─────────────────────────────────┐
│ Emulator  │ Host:Port      │ View in Emulator UI             │
├───────────┼────────────────┼─────────────────────────────────┤
│ Functions │ 127.0.0.1:5001 │ http://127.0.0.1:4000/functions │
└───────────┴────────────────┴─────────────────────────────────┘
  Emulator Hub host: 127.0.0.1 port: 4400
  Other reserved ports: 4500

Issues? Report them at https://github.com/firebase/firebase-tools/issues and attach the *-debug.log files.
 
[debug] [2026-06-27T12:54:31.102Z] ----------------------------------------------------------------------
[debug] [2026-06-27T12:54:31.105Z] Command:       C:\Program Files\nodejs\node.exe C:\Users\pjlos\AppData\Roaming\npm\node_modules\firebase-tools\lib\bin\firebase.js emulators:start --only functions
[debug] [2026-06-27T12:54:31.105Z] CLI Version:   15.17.0
[debug] [2026-06-27T12:54:31.105Z] Platform:      win32
[debug] [2026-06-27T12:54:31.105Z] Node Version:  v24.13.0
[debug] [2026-06-27T12:54:31.105Z] Time:          Sat Jun 27 2026 07:54:31 GMT-0500 (Central Daylight Time)
[debug] [2026-06-27T12:54:31.105Z] ----------------------------------------------------------------------
[debug] 
[debug] [2026-06-27T12:54:31.108Z] >>> [apiv2][query] GET https://firebase-public.firebaseio.com/cli.json [none]
[debug] [2026-06-27T12:54:34.783Z] > command requires scopes: ["email","openid","https://www.googleapis.com/auth/cloudplatformprojects.readonly","https://www.googleapis.com/auth/firebase","https://www.googleapis.com/auth/cloud-platform"]
[debug] [2026-06-27T12:54:34.783Z] > authorizing via signed-in user (loseyp@gmail.com)
[info] i  emulators: Starting emulators: functions {"metadata":{"emulator":{"name":"hub"},"message":"Starting emulators: functions"}}
[debug] [2026-06-27T12:54:34.792Z] [logging] Logging Emulator only supports listening on one address (127.0.0.1). Not listening on ::1
[debug] [2026-06-27T12:54:34.793Z] assigned listening specs for emulators {"user":{"hub":[{"address":"127.0.0.1","family":"IPv4","port":4400},{"address":"::1","family":"IPv6","port":4400}],"ui":[{"address":"127.0.0.1","family":"IPv4","port":4000},{"address":"::1","family":"IPv6","port":4000}],"logging":[{"address":"127.0.0.1","family":"IPv4","port":4500}]},"metadata":{"message":"assigned listening specs for emulators"}}
[debug] [2026-06-27T12:54:34.796Z] Found emulator hub locator: {"version":"15.17.0","origins":["http://127.0.0.1:4400","http://[::1]:4400"],"pid":50704}
[debug] [2026-06-27T12:54:34.797Z] Write emulator hub locator at C:\Users\pjlos\AppData\Local\Temp\hub-saegroup-c6487.json
[debug] [2026-06-27T12:54:34.808Z] [functions] Functions Emulator only supports listening on one address (127.0.0.1). Not listening on ::1
[debug] [2026-06-27T12:54:34.808Z] [eventarc] Eventarc Emulator only supports listening on one address (127.0.0.1). Not listening on ::1
[debug] [2026-06-27T12:54:34.808Z] [tasks] Cloud Tasks Emulator only supports listening on one address (127.0.0.1). Not listening on ::1
[debug] [2026-06-27T12:54:34.808Z] late-assigned ports for functions and eventarc emulators {"user":{"hub":[{"address":"127.0.0.1","family":"IPv4","port":4400},{"address":"::1","family":"IPv6","port":4400}],"ui":[{"address":"127.0.0.1","family":"IPv4","port":4000},{"address":"::1","family":"IPv6","port":4000}],"logging":[{"address":"127.0.0.1","family":"IPv4","port":4500}],"functions":[{"address":"127.0.0.1","family":"IPv4","port":5001}],"eventarc":[{"address":"127.0.0.1","family":"IPv4","port":9299}],"tasks":[{"address":"127.0.0.1","family":"IPv4","port":9499}]},"metadata":{"message":"late-assigned ports for functions and eventarc emulators"}}
[warn] !  functions: The following emulators are not running, calls to these services from the Functions emulator will affect production: apphosting, auth, firestore, database, hosting, pubsub, storage, dataconnect {"metadata":{"emulator":{"name":"functions"},"message":"The following emulators are not running, calls to these services from the Functions emulator will affect production: \u001b[1mapphosting, auth, firestore, database, hosting, pubsub, storage, dataconnect\u001b[22m"}}
[debug] [2026-06-27T12:54:34.835Z] defaultcredentials: writing to file C:\Users\pjlos\AppData\Roaming\firebase\loseyp_gmail_com_application_default_credentials.json
[debug] [2026-06-27T12:54:34.836Z] Setting GAC to C:\Users\pjlos\AppData\Roaming\firebase\loseyp_gmail_com_application_default_credentials.json {"metadata":{"emulator":{"name":"functions"},"message":"Setting GAC to C:\\Users\\pjlos\\AppData\\Roaming\\firebase\\loseyp_gmail_com_application_default_credentials.json"}}
[debug] [2026-06-27T12:54:34.837Z] Checked if tokens are valid: false, expires at: 1782419769725
[debug] [2026-06-27T12:54:34.837Z] Checked if tokens are valid: false, expires at: 1782419769725
[debug] [2026-06-27T12:54:34.837Z] > refreshing access token with scopes: []
[debug] [2026-06-27T12:54:34.838Z] >>> [apiv2][query] POST https://www.googleapis.com/oauth2/v3/token [none]
[debug] [2026-06-27T12:54:34.838Z] >>> [apiv2][body] POST https://www.googleapis.com/oauth2/v3/token [omitted]
[debug] [2026-06-27T12:54:34.887Z] <<< [apiv2][status] GET https://firebase-public.firebaseio.com/cli.json 200
[debug] [2026-06-27T12:54:34.887Z] <<< [apiv2][body] GET https://firebase-public.firebaseio.com/cli.json {"cloudBuildErrorAfter":1594252800000,"cloudBuildWarnAfter":1590019200000,"defaultNode10After":1594252800000,"minVersion":"3.0.5","node8DeploysDisabledAfter":1613390400000,"node8RuntimeDisabledAfter":1615809600000,"node8WarnAfter":1600128000000}
[debug] [2026-06-27T12:54:34.969Z] <<< [apiv2][status] POST https://www.googleapis.com/oauth2/v3/token 200
[debug] [2026-06-27T12:54:34.969Z] <<< [apiv2][body] POST https://www.googleapis.com/oauth2/v3/token [omitted]
[debug] [2026-06-27T12:54:34.978Z] >>> [apiv2][query] GET https://firebase.googleapis.com/v1beta1/projects/saegroup-c6487/adminSdkConfig [none]
[debug] [2026-06-27T12:54:35.325Z] <<< [apiv2][status] GET https://firebase.googleapis.com/v1beta1/projects/saegroup-c6487/adminSdkConfig 200
[debug] [2026-06-27T12:54:35.325Z] <<< [apiv2][body] GET https://firebase.googleapis.com/v1beta1/projects/saegroup-c6487/adminSdkConfig {"projectId":"saegroup-c6487","storageBucket":"saegroup-c6487.firebasestorage.app"}
[info] i  functions: Watching "C:\_Projects\upfittersos.com\apps\functions" for Cloud Functions... {"metadata":{"emulator":{"name":"functions"},"message":"Watching \"C:\\_Projects\\upfittersos.com\\apps\\functions\" for Cloud Functions..."}}
[debug] [2026-06-27T12:54:35.348Z] Validating nodejs source
[warn] !  functions: package.json indicates an outdated version of firebase-functions. Please upgrade using npm install --save firebase-functions@latest in your functions directory. 
[warn] !  functions: Please note that there will be breaking changes when you upgrade. 
[debug] [2026-06-27T12:54:36.910Z] > [functions] package.json contents: {
  "name": "saegroup-os-api",
  "version": "1.0.0",
  "description": "SAE Group OS REST API",
  "main": "lib/index.js",
  "scripts": {
    "build": "tsc && copy src\\swagger.yaml lib\\",
    "serve": "npm run build && firebase emulators:start --only functions",
    "shell": "npm run build && firebase functions:shell",
    "start": "npm run shell",
    "deploy": "firebase deploy --only functions",
    "logs": "firebase functions:log"
  },
  "engines": {
    "node": "20"
  },
  "dependencies": {
    "axios": "^1.14.0",
    "cors": "^2.8.5",
    "dotenv": "^16.4.5",
    "express": "^4.18.2",
    "firebase-admin": "^12.0.0",
    "firebase-functions": "^4.8.0",
    "googleapis": "^171.4.0",
    "swagger-ui-express": "^5.0.0",
    "xml2js": "^0.6.2",
    "yamljs": "^0.3.0"
  },
  "devDependencies": {
    "@types/cors": "^2.8.17",
    "@types/express": "^4.17.21",
    "@types/swagger-ui-express": "^4.1.6",
    "@types/xml2js": "^0.4.14",
    "@types/yamljs": "^0.2.34",
    "typescript": "^5.4.2"
  },
  "private": true
}
[debug] [2026-06-27T12:54:36.911Z] Building nodejs source
[debug] [2026-06-27T12:54:36.911Z] Failed to find version of module node: reached end of search path C:\_Projects\upfittersos.com\apps\functions\node_modules
[warn] !  functions: Your requested "node" version "20" doesn't match your global version "24". Using node@24 from host. 
[info] i  functions: Loaded environment variables from .env. 
[info] i  functions: You are using a version of firebase-functions SDK (4.9.0) that does not have support for the newest Firebase Extensions features. Please update firebase-functions SDK to >=5.1.0 to use them correctly 
[debug] [2026-06-27T12:54:36.914Z] Could not find functions.yaml. Must use http discovery
[debug] [2026-06-27T12:54:36.926Z] Found firebase-functions binary at 'C:\_Projects\upfittersos.com\node_modules\.bin\firebase-functions'
[info] Serving at port 8814

[debug] [2026-06-27T12:54:39.786Z] Got response from /__/functions.yaml {"endpoints":{"runOneTimeMigration":{"platform":"gcfv1","availableMemoryMb":null,"timeoutSeconds":null,"minInstances":null,"maxInstances":null,"ingressSettings":null,"serviceAccountEmail":null,"vpc":null,"httpsTrigger":{},"entryPoint":"runOneTimeMigration"},"migrateZones":{"platform":"gcfv1","availableMemoryMb":null,"timeoutSeconds":null,"minInstances":null,"maxInstances":null,"ingressSettings":null,"serviceAccountEmail":null,"vpc":null,"httpsTrigger":{},"entryPoint":"migrateZones"},"api":{"platform":"gcfv1","availableMemoryMb":null,"timeoutSeconds":null,"minInstances":null,"maxInstances":null,"ingressSettings":null,"serviceAccountEmail":null,"vpc":null,"httpsTrigger":{},"entryPoint":"api"},"generateAutomatedReports":{"platform":"gcfv1","availableMemoryMb":null,"timeoutSeconds":null,"minInstances":null,"maxInstances":null,"ingressSettings":null,"serviceAccountEmail":null,"vpc":null,"scheduleTrigger":{"schedule":"0 * * * *","retryConfig":{"retryCount":null,"maxDoublings":null,"maxRetryDuration":null,"maxBackoffDuration":null,"minBackoffDuration":null},"timeZone":null},"labels":{},"entryPoint":"generateAutomatedReports"},"aggregateShopVitals":{"platform":"gcfv1","availableMemoryMb":null,"timeoutSeconds":null,"minInstances":null,"maxInstances":null,"ingressSettings":null,"serviceAccountEmail":null,"vpc":null,"scheduleTrigger":{"schedule":"*/30 * * * *","retryConfig":{"retryCount":null,"maxDoublings":null,"maxRetryDuration":null,"maxBackoffDuration":null,"minBackoffDuration":null},"timeZone":null},"labels":{},"entryPoint":"aggregateShopVitals"},"onMessageReceived":{"availableMemoryMb":null,"timeoutSeconds":null,"minInstances":null,"maxInstances":null,"ingressSettings":null,"concurrency":null,"serviceAccountEmail":null,"vpc":null,"platform":"gcfv2","labels":{},"eventTrigger":{"eventType":"google.cloud.firestore.document.v1.created","eventFilters":{"database":"(default)","namespace":"(default)"},"eventFilterPathPatterns":{"document":"messages/{messageId}"},"retry":false},"entryPoint":"onMessageReceived"},"onAnnouncementCreated":{"availableMemoryMb":null,"timeoutSeconds":null,"minInstances":null,"maxInstances":null,"ingressSettings":null,"concurrency":null,"serviceAccountEmail":null,"vpc":null,"platform":"gcfv2","labels":{},"eventTrigger":{"eventType":"google.cloud.firestore.document.v1.created","eventFilters":{"database":"(default)","namespace":"(default)"},"eventFilterPathPatterns":{"document":"announcements/{announcementId}"},"retry":false},"entryPoint":"onAnnouncementCreated"},"onQbCustomerWrite":{"platform":"gcfv1","availableMemoryMb":null,"timeoutSeconds":null,"minInstances":null,"maxInstances":null,"ingressSettings":null,"serviceAccountEmail":null,"vpc":null,"eventTrigger":{"eventType":"providers/cloud.firestore/eventTypes/document.write","eventFilters":{"resource":"projects/saegroup-c6487/databases/(default)/documents/businesses/{tenantId}/qb_customers/{customerId}"},"retry":false},"labels":{},"entryPoint":"onQbCustomerWrite"},"onQbJobWrite":{"platform":"gcfv1","availableMemoryMb":null,"timeoutSeconds":null,"minInstances":null,"maxInstances":null,"ingressSettings":null,"serviceAccountEmail":null,"vpc":null,"eventTrigger":{"eventType":"providers/cloud.firestore/eventTypes/document.write","eventFilters":{"resource":"projects/saegroup-c6487/databases/(default)/documents/businesses/{tenantId}/qb_jobs/{jobId}"},"retry":false},"labels":{},"entryPoint":"onQbJobWrite"},"onQbEmployeeWrite":{"platform":"gcfv1","availableMemoryMb":null,"timeoutSeconds":null,"minInstances":null,"maxInstances":null,"ingressSettings":null,"serviceAccountEmail":null,"vpc":null,"eventTrigger":{"eventType":"providers/cloud.firestore/eventTypes/document.write","eventFilters":{"resource":"projects/saegroup-c6487/databases/(default)/documents/businesses/{tenantId}/qb_employees/{employeeId}"},"retry":false},"labels":{},"entryPoint":"onQbEmployeeWrite"},"onQbTimeTrackingWrite":{"platform":"gcfv1","availableMemoryMb":null,"timeoutSeconds":null,"minInstances":null,"maxInstances":null,"ingressSettings":null,"serviceAccountEmail":null,"vpc":null,"eventTrigger":{"eventType":"providers/cloud.firestore/eventTypes/document.write","eventFilters":{"resource":"projects/saegroup-c6487/databases/(default)/documents/businesses/{tenantId}/qb_time_tracking/{timeId}"},"retry":false},"labels":{},"entryPoint":"onQbTimeTrackingWrite"},"syncStaffPermissions":{"platform":"gcfv1","availableMemoryMb":null,"timeoutSeconds":null,"minInstances":null,"maxInstances":null,"ingressSettings":null,"serviceAccountEmail":null,"vpc":null,"eventTrigger":{"eventType":"providers/cloud.firestore/eventTypes/document.write","eventFilters":{"resource":"projects/saegroup-c6487/databases/(default)/documents/businesses/{tenantId}/staff/{staffId}"},"retry":false},"labels":{},"entryPoint":"syncStaffPermissions"},"onChatMessage":{"platform":"gcfv1","availableMemoryMb":null,"timeoutSeconds":null,"minInstances":null,"maxInstances":null,"ingressSettings":null,"serviceAccountEmail":null,"vpc":null,"eventTrigger":{"eventType":"providers/cloud.firestore/eventTypes/document.create","eventFilters":{"resource":"projects/saegroup-c6487/databases/(default)/documents/businesses/{tenantId}/jobs/{jobId}/chat_messages/{messageId}"},"retry":false},"labels":{},"entryPoint":"onChatMessage"},"onZoneUpdated":{"availableMemoryMb":null,"timeoutSeconds":null,"minInstances":null,"maxInstances":null,"ingressSettings":null,"concurrency":null,"serviceAccountEmail":null,"vpc":null,"platform":"gcfv2","labels":{},"eventTrigger":{"eventType":"google.cloud.firestore.document.v1.updated","eventFilters":{"database":"(default)","namespace":"(default)"},"eventFilterPathPatterns":{"document":"businesses/{tenantId}/zones/{zoneId}"},"retry":false},"entryPoint":"onZoneUpdated"},"onJobUpdated":{"availableMemoryMb":null,"timeoutSeconds":null,"minInstances":null,"maxInstances":null,"ingressSettings":null,"concurrency":null,"serviceAccountEmail":null,"vpc":null,"platform":"gcfv2","labels":{},"eventTrigger":{"eventType":"google.cloud.firestore.document.v1.updated","eventFilters":{"database":"(default)","namespace":"(default)"},"eventFilterPathPatterns":{"document":"businesses/{tenantId}/jobs/{jobId}"},"retry":false},"entryPoint":"onJobUpdated"},"checkStaleBays":{"availableMemoryMb":null,"timeoutSeconds":null,"minInstances":null,"maxInstances":null,"ingressSettings":null,"concurrency":null,"serviceAccountEmail":null,"vpc":null,"platform":"gcfv2","labels":{},"scheduleTrigger":{"schedule":"every 15 minutes","retryConfig":{"retryCount":null,"maxDoublings":null,"maxRetrySeconds":null,"minBackoffSeconds":null,"maxBackoffSeconds":null},"timeZone":null},"entryPoint":"checkStaleBays"},"onActivityFeedCreated":{"availableMemoryMb":null,"timeoutSeconds":null,"minInstances":null,"maxInstances":null,"ingressSettings":null,"concurrency":null,"serviceAccountEmail":null,"vpc":null,"platform":"gcfv2","labels":{},"eventTrigger":{"eventType":"google.cloud.firestore.document.v1.created","eventFilters":{"database":"(default)","namespace":"(default)"},"eventFilterPathPatterns":{"document":"businesses/{tenantId}/activity_feed/{feedId}"},"retry":false},"entryPoint":"onActivityFeedCreated"},"onJobTaskWritten":{"availableMemoryMb":null,"timeoutSeconds":null,"minInstances":null,"maxInstances":null,"ingressSettings":null,"concurrency":null,"serviceAccountEmail":null,"vpc":null,"platform":"gcfv2","labels":{},"eventTrigger":{"eventType":"google.cloud.firestore.document.v1.written","eventFilters":{"database":"(default)","namespace":"(default)"},"eventFilterPathPatterns":{"document":"businesses/{tenantId}/jobs/{jobId}/tasks/{taskId}"},"retry":false},"entryPoint":"onJobTaskWritten"},"onJobChatMessageWritten":{"availableMemoryMb":null,"timeoutSeconds":null,"minInstances":null,"maxInstances":null,"ingressSettings":null,"concurrency":null,"serviceAccountEmail":null,"vpc":null,"platform":"gcfv2","labels":{},"eventTrigger":{"eventType":"google.cloud.firestore.document.v1.written","eventFilters":{"database":"(default)","namespace":"(default)"},"eventFilterPathPatterns":{"document":"businesses/{tenantId}/jobs/{jobId}/chat_messages/{messageId}"},"retry":false},"entryPoint":"onJobChatMessageWritten"},"onJobActivityWritten":{"availableMemoryMb":null,"timeoutSeconds":null,"minInstances":null,"maxInstances":null,"ingressSettings":null,"concurrency":null,"serviceAccountEmail":null,"vpc":null,"platform":"gcfv2","labels":{},"eventTrigger":{"eventType":"google.cloud.firestore.document.v1.written","eventFilters":{"database":"(default)","namespace":"(default)"},"eventFilterPathPatterns":{"document":"businesses/{tenantId}/jobs/{jobId}/activity/{activityId}"},"retry":false},"entryPoint":"onJobActivityWritten"},"aggregateEfficiencyStats":{"platform":"gcfv1","availableMemoryMb":null,"timeoutSeconds":null,"minInstances":null,"maxInstances":null,"ingressSettings":null,"serviceAccountEmail":null,"vpc":null,"scheduleTrigger":{"schedule":"*/30 * * * *","retryConfig":{"retryCount":null,"maxDoublings":null,"maxRetryDuration":null,"maxBackoffDuration":null,"minBackoffDuration":null},"timeZone":null},"labels":{},"entryPoint":"aggregateEfficiencyStats"},"forceAggregateEfficiencyStats":{"platform":"gcfv1","labels":{},"availableMemoryMb":null,"timeoutSeconds":null,"minInstances":null,"maxInstances":null,"ingressSettings":null,"serviceAccountEmail":null,"vpc":null,"callableTrigger":{},"entryPoint":"forceAggregateEfficiencyStats"}},"specVersion":"v1alpha1","requiredAPIs":[{"api":"cloudscheduler.googleapis.com","reason":"Needed for scheduled functions."}]}
[info] +  functions: Loaded functions definitions from source: runOneTimeMigration, migrateZones, api, generateAutomatedReports, aggregateShopVitals, onMessageReceived, onAnnouncementCreated, onQbCustomerWrite, onQbJobWrite, onQbEmployeeWrite, onQbTimeTrackingWrite, syncStaffPermissions, onChatMessage, onZoneUpdated, onJobUpdated, checkStaleBays, onActivityFeedCreated, onJobTaskWritten, onJobChatMessageWritten, onJobActivityWritten, aggregateEfficiencyStats, forceAggregateEfficiencyStats. {"metadata":{"emulator":{"name":"functions"},"message":"Loaded functions definitions from source: runOneTimeMigration, migrateZones, api, generateAutomatedReports, aggregateShopVitals, onMessageReceived, onAnnouncementCreated, onQbCustomerWrite, onQbJobWrite, onQbEmployeeWrite, onQbTimeTrackingWrite, syncStaffPermissions, onChatMessage, onZoneUpdated, onJobUpdated, checkStaleBays, onActivityFeedCreated, onJobTaskWritten, onJobChatMessageWritten, onJobActivityWritten, aggregateEfficiencyStats, forceAggregateEfficiencyStats."}}
[info] +  functions[us-central1-runOneTimeMigration]: http function initialized (http://127.0.0.1:5001/saegroup-c6487/us-central1/runOneTimeMigration). {"metadata":{"emulator":{"name":"functions"},"message":"\u001b[1mhttp\u001b[22m function initialized (http://127.0.0.1:5001/saegroup-c6487/us-central1/runOneTimeMigration)."}}
[info] +  functions[us-central1-migrateZones]: http function initialized (http://127.0.0.1:5001/saegroup-c6487/us-central1/migrateZones). {"metadata":{"emulator":{"name":"functions"},"message":"\u001b[1mhttp\u001b[22m function initialized (http://127.0.0.1:5001/saegroup-c6487/us-central1/migrateZones)."}}
[info] +  functions[us-central1-api]: http function initialized (http://127.0.0.1:5001/saegroup-c6487/us-central1/api). {"metadata":{"emulator":{"name":"functions"},"message":"\u001b[1mhttp\u001b[22m function initialized (http://127.0.0.1:5001/saegroup-c6487/us-central1/api)."}}
[info] i  functions[us-central1-generateAutomatedReports]: function ignored because the pubsub emulator does not exist or is not running. {"metadata":{"emulator":{"name":"functions"},"message":"function ignored because the pubsub emulator does not exist or is not running."}}
[info] i  functions[us-central1-aggregateShopVitals]: function ignored because the pubsub emulator does not exist or is not running. {"metadata":{"emulator":{"name":"functions"},"message":"function ignored because the pubsub emulator does not exist or is not running."}}
[info] i  functions[us-central1-onMessageReceived]: function ignored because the firestore emulator does not exist or is not running. {"metadata":{"emulator":{"name":"functions"},"message":"function ignored because the firestore emulator does not exist or is not running."}}
[info] i  functions[us-central1-onAnnouncementCreated]: function ignored because the firestore emulator does not exist or is not running. {"metadata":{"emulator":{"name":"functions"},"message":"function ignored because the firestore emulator does not exist or is not running."}}
[info] i  functions[us-central1-onQbCustomerWrite]: function ignored because the firestore emulator does not exist or is not running. {"metadata":{"emulator":{"name":"functions"},"message":"function ignored because the firestore emulator does not exist or is not running."}}
[info] i  functions[us-central1-onQbJobWrite]: function ignored because the firestore emulator does not exist or is not running. {"metadata":{"emulator":{"name":"functions"},"message":"function ignored because the firestore emulator does not exist or is not running."}}
[info] i  functions[us-central1-onQbEmployeeWrite]: function ignored because the firestore emulator does not exist or is not running. {"metadata":{"emulator":{"name":"functions"},"message":"function ignored because the firestore emulator does not exist or is not running."}}
[info] i  functions[us-central1-onQbTimeTrackingWrite]: function ignored because the firestore emulator does not exist or is not running. {"metadata":{"emulator":{"name":"functions"},"message":"function ignored because the firestore emulator does not exist or is not running."}}
[info] i  functions[us-central1-syncStaffPermissions]: function ignored because the firestore emulator does not exist or is not running. {"metadata":{"emulator":{"name":"functions"},"message":"function ignored because the firestore emulator does not exist or is not running."}}
[info] i  functions[us-central1-onChatMessage]: function ignored because the firestore emulator does not exist or is not running. {"metadata":{"emulator":{"name":"functions"},"message":"function ignored because the firestore emulator does not exist or is not running."}}
[info] i  functions[us-central1-onZoneUpdated]: function ignored because the firestore emulator does not exist or is not running. {"metadata":{"emulator":{"name":"functions"},"message":"function ignored because the firestore emulator does not exist or is not running."}}
[info] i  functions[us-central1-onJobUpdated]: function ignored because the firestore emulator does not exist or is not running. {"metadata":{"emulator":{"name":"functions"},"message":"function ignored because the firestore emulator does not exist or is not running."}}
[info] i  functions[us-central1-checkStaleBays]: function ignored because the pubsub emulator does not exist or is not running. {"metadata":{"emulator":{"name":"functions"},"message":"function ignored because the pubsub emulator does not exist or is not running."}}
[info] i  functions[us-central1-onActivityFeedCreated]: function ignored because the firestore emulator does not exist or is not running. {"metadata":{"emulator":{"name":"functions"},"message":"function ignored because the firestore emulator does not exist or is not running."}}
[info] i  functions[us-central1-onJobTaskWritten]: function ignored because the firestore emulator does not exist or is not running. {"metadata":{"emulator":{"name":"functions"},"message":"function ignored because the firestore emulator does not exist or is not running."}}
[info] i  functions[us-central1-onJobChatMessageWritten]: function ignored because the firestore emulator does not exist or is not running. {"metadata":{"emulator":{"name":"functions"},"message":"function ignored because the firestore emulator does not exist or is not running."}}
[info] i  functions[us-central1-onJobActivityWritten]: function ignored because the firestore emulator does not exist or is not running. {"metadata":{"emulator":{"name":"functions"},"message":"function ignored because the firestore emulator does not exist or is not running."}}
[info] i  functions[us-central1-aggregateEfficiencyStats]: function ignored because the pubsub emulator does not exist or is not running. {"metadata":{"emulator":{"name":"functions"},"message":"function ignored because the pubsub emulator does not exist or is not running."}}
[info] +  functions[us-central1-forceAggregateEfficiencyStats]: http function initialized (http://127.0.0.1:5001/saegroup-c6487/us-central1/forceAggregateEfficiencyStats). {"metadata":{"emulator":{"name":"functions"},"message":"\u001b[1mhttp\u001b[22m function initialized (http://127.0.0.1:5001/saegroup-c6487/us-central1/forceAggregateEfficiencyStats)."}}
[debug] [2026-06-27T12:54:43.846Z] Could not find VSCode notification endpoint: FetchError: request to http://localhost:40001/vscode/notify failed, reason: . If you are not running the Firebase SQL Connect VSCode extension, this is expected and not an issue.
[info] 
┌─────────────────────────────────────────────────────────────┐
│ ✔  All emulators ready! It is now safe to connect your app. │
│ i  View Emulator UI at http://127.0.0.1:4000/               │
└─────────────────────────────────────────────────────────────┘

┌───────────┬────────────────┬─────────────────────────────────┐
│ Emulator  │ Host:Port      │ View in Emulator UI             │
├───────────┼────────────────┼─────────────────────────────────┤
│ Functions │ 127.0.0.1:5001 │ http://127.0.0.1:4000/functions │
└───────────┴────────────────┴─────────────────────────────────┘
  Emulator Hub host: 127.0.0.1 port: 4400
  Other reserved ports: 4500

Issues? Report them at https://github.com/firebase/firebase-tools/issues and attach the *-debug.log files.
 
[debug] [2026-06-27T12:54:53.805Z] [work-queue] {"queuedWork":["/saegroup-c6487/us-central1/api/jobs/H9Wl6ariiHRIVnmNm0DM/companycam-photos-2026-06-27T12:54:53.805Z"],"queueLength":1,"runningWork":[],"workRunningCount":0}
[debug] [2026-06-27T12:54:53.805Z] [work-queue] {"queuedWork":[],"queueLength":0,"runningWork":["/saegroup-c6487/us-central1/api/jobs/H9Wl6ariiHRIVnmNm0DM/companycam-photos-2026-06-27T12:54:53.805Z"],"workRunningCount":1}
[debug] [2026-06-27T12:54:53.805Z] Accepted request OPTIONS /saegroup-c6487/us-central1/api/jobs/H9Wl6ariiHRIVnmNm0DM/companycam-photos --> us-central1-api
[debug] [2026-06-27T12:54:53.806Z] [functions] Runtime ready! Sending request! {"metadata":{"emulator":{"name":"functions"},"message":"[functions] Runtime ready! Sending request!"}}
[debug] [2026-06-27T12:54:53.807Z] [functions] Got req.url=/saegroup-c6487/us-central1/api/jobs/H9Wl6ariiHRIVnmNm0DM/companycam-photos, mapping to path=/jobs/H9Wl6ariiHRIVnmNm0DM/companycam-photos {"metadata":{"emulator":{"name":"functions"},"message":"[functions] Got req.url=/saegroup-c6487/us-central1/api/jobs/H9Wl6ariiHRIVnmNm0DM/companycam-photos, mapping to path=/jobs/H9Wl6ariiHRIVnmNm0DM/companycam-photos"}}
[info] i  functions: Loaded environment variables from .env. 
[debug] [2026-06-27T12:54:53.815Z] [worker-pool] addWorker(us-central1-api) {"metadata":{"emulator":{"name":"functions"},"message":"[worker-pool] addWorker(us-central1-api)"}}
[debug] [2026-06-27T12:54:53.816Z] [worker-pool] Adding worker with key us-central1-api, total=1 {"metadata":{"emulator":{"name":"functions"},"message":"[worker-pool] Adding worker with key us-central1-api, total=1"}}
[debug] [2026-06-27T12:54:54.914Z] [runtime-status] [28080] Resolved module firebase-admin {"declared":true,"installed":true,"version":"12.7.0","resolution":"C:\\_Projects\\upfittersos.com\\node_modules\\firebase-admin\\lib\\index.js"} {"metadata":{"emulator":{"name":"functions"},"function":{"name":"us-central1-api"},"extension":{},"message":"[runtime-status] [28080] Resolved module firebase-admin {\"declared\":true,\"installed\":true,\"version\":\"12.7.0\",\"resolution\":\"C:\\\\_Projects\\\\upfittersos.com\\\\node_modules\\\\firebase-admin\\\\lib\\\\index.js\"}"}}
[debug] [2026-06-27T12:54:54.915Z] [runtime-status] [28080] Resolved module firebase-functions {"declared":true,"installed":true,"version":"4.9.0","resolution":"C:\\_Projects\\upfittersos.com\\node_modules\\firebase-functions\\lib\\v1\\index.js"} {"metadata":{"emulator":{"name":"functions"},"function":{"name":"us-central1-api"},"extension":{},"message":"[runtime-status] [28080] Resolved module firebase-functions {\"declared\":true,\"installed\":true,\"version\":\"4.9.0\",\"resolution\":\"C:\\\\_Projects\\\\upfittersos.com\\\\node_modules\\\\firebase-functions\\\\lib\\\\v1\\\\index.js\"}"}}
[debug] [2026-06-27T12:54:54.915Z] [runtime-status] [28080] Outgoing network have been stubbed. [{"name":"http","status":"mocked"},{"name":"http","status":"mocked"},{"name":"https","status":"mocked"},{"name":"https","status":"mocked"},{"name":"net","status":"mocked"}] {"metadata":{"emulator":{"name":"functions"},"function":{"name":"us-central1-api"},"extension":{},"message":"[runtime-status] [28080] Outgoing network have been stubbed. [{\"name\":\"http\",\"status\":\"mocked\"},{\"name\":\"http\",\"status\":\"mocked\"},{\"name\":\"https\",\"status\":\"mocked\"},{\"name\":\"https\",\"status\":\"mocked\"},{\"name\":\"net\",\"status\":\"mocked\"}]"}}
[debug] [2026-06-27T12:54:54.916Z] [runtime-status] [28080] Resolved module firebase-functions {"declared":true,"installed":true,"version":"4.9.0","resolution":"C:\\_Projects\\upfittersos.com\\node_modules\\firebase-functions\\lib\\v1\\index.js"} {"metadata":{"emulator":{"name":"functions"},"function":{"name":"us-central1-api"},"extension":{},"message":"[runtime-status] [28080] Resolved module firebase-functions {\"declared\":true,\"installed\":true,\"version\":\"4.9.0\",\"resolution\":\"C:\\\\_Projects\\\\upfittersos.com\\\\node_modules\\\\firebase-functions\\\\lib\\\\v1\\\\index.js\"}"}}
[debug] [2026-06-27T12:54:55.111Z] [runtime-status] [28080] Resolved module firebase-admin {"declared":true,"installed":true,"version":"12.7.0","resolution":"C:\\_Projects\\upfittersos.com\\node_modules\\firebase-admin\\lib\\index.js"} {"metadata":{"emulator":{"name":"functions"},"function":{"name":"us-central1-api"},"extension":{},"message":"[runtime-status] [28080] Resolved module firebase-admin {\"declared\":true,\"installed\":true,\"version\":\"12.7.0\",\"resolution\":\"C:\\\\_Projects\\\\upfittersos.com\\\\node_modules\\\\firebase-admin\\\\lib\\\\index.js\"}"}}
[debug] [2026-06-27T12:54:55.113Z] [runtime-status] [28080] Resolved module firebase-functions {"declared":true,"installed":true,"version":"4.9.0","resolution":"C:\\_Projects\\upfittersos.com\\node_modules\\firebase-functions\\lib\\v1\\index.js"} {"metadata":{"emulator":{"name":"functions"},"function":{"name":"us-central1-api"},"extension":{},"message":"[runtime-status] [28080] Resolved module firebase-functions {\"declared\":true,\"installed\":true,\"version\":\"4.9.0\",\"resolution\":\"C:\\\\_Projects\\\\upfittersos.com\\\\node_modules\\\\firebase-functions\\\\lib\\\\v1\\\\index.js\"}"}}
[debug] [2026-06-27T12:54:55.258Z] [runtime-status] [28080] firebase-admin has been stubbed. {"adminResolution":{"declared":true,"installed":true,"version":"12.7.0","resolution":"C:\\_Projects\\upfittersos.com\\node_modules\\firebase-admin\\lib\\index.js"}} {"metadata":{"emulator":{"name":"functions"},"function":{"name":"us-central1-api"},"extension":{},"message":"[runtime-status] [28080] firebase-admin has been stubbed. {\"adminResolution\":{\"declared\":true,\"installed\":true,\"version\":\"12.7.0\",\"resolution\":\"C:\\\\_Projects\\\\upfittersos.com\\\\node_modules\\\\firebase-admin\\\\lib\\\\index.js\"}}"}}
[debug] [2026-06-27T12:54:55.484Z] [runtime-status] [28080] initializeApp(DEFAULT) {"storageBucket":"saegroup-c6487.firebasestorage.app","projectId":"saegroup-c6487"} {"metadata":{"emulator":{"name":"functions"},"function":{"name":"us-central1-api"},"extension":{},"message":"[runtime-status] [28080] initializeApp(DEFAULT) {\"storageBucket\":\"saegroup-c6487.firebasestorage.app\",\"projectId\":\"saegroup-c6487\"}"}}
[warn] !  functions: The Cloud Firestore emulator is not running, so calls to Firestore will affect production. {"metadata":{"emulator":{"name":"functions"},"function":{"name":"us-central1-api"},"extension":{},"message":"The Cloud Firestore emulator is not running, so calls to Firestore will affect production."}}
[debug] [2026-06-27T12:54:56.796Z] [runtime-status] [28080] Functions runtime initialized. {"cwd":"C:\\_Projects\\upfittersos.com\\apps\\functions","node_version":"24.13.0"} {"metadata":{"emulator":{"name":"functions"},"function":{"name":"us-central1-api"},"extension":{},"message":"[runtime-status] [28080] Functions runtime initialized. {\"cwd\":\"C:\\\\_Projects\\\\upfittersos.com\\\\apps\\\\functions\",\"node_version\":\"24.13.0\"}"}}
[debug] [2026-06-27T12:54:56.796Z] [runtime-status] [28080] Listening to port: \\?\pipe\fire_emu_6fb3541b755fae3a {"metadata":{"emulator":{"name":"functions"},"function":{"name":"us-central1-api"},"extension":{},"message":"[runtime-status] [28080] Listening to port: \\\\?\\pipe\\fire_emu_6fb3541b755fae3a"}}
[debug] [2026-06-27T12:54:56.821Z] [worker-us-central1-api-acfb4b2d-1386-42f7-8e85-69c733dbac40]: IDLE {"metadata":{"emulator":{"name":"functions"},"function":{"name":"us-central1-api"},"extension":{},"message":"[worker-us-central1-api-acfb4b2d-1386-42f7-8e85-69c733dbac40]: IDLE"}}
[debug] [2026-06-27T12:54:56.821Z] [worker-pool] submitRequest(triggerId=us-central1-api) {"metadata":{"emulator":{"name":"functions"},"message":"[worker-pool] submitRequest(triggerId=us-central1-api)"}}
[info] i  functions: Beginning execution of "us-central1-api" {"metadata":{"emulator":{"name":"functions"},"function":{"name":"us-central1-api"},"extension":{},"message":"Beginning execution of \"us-central1-api\""}}
[debug] [2026-06-27T12:54:56.822Z] [worker-us-central1-api-acfb4b2d-1386-42f7-8e85-69c733dbac40]: BUSY {"metadata":{"emulator":{"name":"functions"},"function":{"name":"us-central1-api"},"extension":{},"message":"[worker-us-central1-api-acfb4b2d-1386-42f7-8e85-69c733dbac40]: BUSY"}}
[debug] [2026-06-27T12:54:56.825Z] Finishing up request with event=pause {"metadata":{"emulator":{"name":"functions"},"function":{"name":"us-central1-api"},"extension":{},"message":"Finishing up request with event=pause"}}
[info] i  functions: Finished "us-central1-api" in 3.9628ms {"metadata":{"emulator":{"name":"functions"},"function":{"name":"us-central1-api"},"extension":{},"message":"Finished \"us-central1-api\" in 3.9628ms"}}
[debug] [2026-06-27T12:54:56.826Z] [worker-us-central1-api-acfb4b2d-1386-42f7-8e85-69c733dbac40]: IDLE {"metadata":{"emulator":{"name":"functions"},"function":{"name":"us-central1-api"},"extension":{},"message":"[worker-us-central1-api-acfb4b2d-1386-42f7-8e85-69c733dbac40]: IDLE"}}
[debug] [2026-06-27T12:54:56.826Z] Finishing up request with event=finish {"metadata":{"emulator":{"name":"functions"},"function":{"name":"us-central1-api"},"extension":{},"message":"Finishing up request with event=finish"}}
[debug] [2026-06-27T12:54:56.826Z] Finishing up request with event=close {"metadata":{"emulator":{"name":"functions"},"function":{"name":"us-central1-api"},"extension":{},"message":"Finishing up request with event=close"}}
[debug] [2026-06-27T12:54:56.826Z] [work-queue] {"queuedWork":[],"queueLength":0,"runningWork":[],"workRunningCount":0}
[debug] [2026-06-27T12:54:56.827Z] [work-queue] {"queuedWork":["/saegroup-c6487/us-central1/api/jobs/H9Wl6ariiHRIVnmNm0DM/companycam-photos-2026-06-27T12:54:56.827Z"],"queueLength":1,"runningWork":[],"workRunningCount":0}
[debug] [2026-06-27T12:54:56.827Z] [work-queue] {"queuedWork":[],"queueLength":0,"runningWork":["/saegroup-c6487/us-central1/api/jobs/H9Wl6ariiHRIVnmNm0DM/companycam-photos-2026-06-27T12:54:56.827Z"],"workRunningCount":1}
[debug] [2026-06-27T12:54:56.827Z] Accepted request GET /saegroup-c6487/us-central1/api/jobs/H9Wl6ariiHRIVnmNm0DM/companycam-photos --> us-central1-api
[debug] [2026-06-27T12:54:56.827Z] [functions] Runtime ready! Sending request! {"metadata":{"emulator":{"name":"functions"},"message":"[functions] Runtime ready! Sending request!"}}
[debug] [2026-06-27T12:54:56.828Z] [functions] Got req.url=/saegroup-c6487/us-central1/api/jobs/H9Wl6ariiHRIVnmNm0DM/companycam-photos, mapping to path=/jobs/H9Wl6ariiHRIVnmNm0DM/companycam-photos {"metadata":{"emulator":{"name":"functions"},"message":"[functions] Got req.url=/saegroup-c6487/us-central1/api/jobs/H9Wl6ariiHRIVnmNm0DM/companycam-photos, mapping to path=/jobs/H9Wl6ariiHRIVnmNm0DM/companycam-photos"}}
[debug] [2026-06-27T12:54:56.828Z] [worker-pool] submitRequest(triggerId=us-central1-api) {"metadata":{"emulator":{"name":"functions"},"message":"[worker-pool] submitRequest(triggerId=us-central1-api)"}}
[info] i  functions: Beginning execution of "us-central1-api" {"metadata":{"emulator":{"name":"functions"},"function":{"name":"us-central1-api"},"extension":{},"message":"Beginning execution of \"us-central1-api\""}}
[debug] [2026-06-27T12:54:56.828Z] [worker-us-central1-api-acfb4b2d-1386-42f7-8e85-69c733dbac40]: BUSY {"metadata":{"emulator":{"name":"functions"},"function":{"name":"us-central1-api"},"extension":{},"message":"[worker-us-central1-api-acfb4b2d-1386-42f7-8e85-69c733dbac40]: BUSY"}}
[warn] !  functions: The Firebase Authentication emulator is not running, so calls to Firebase Authentication will affect production. {"metadata":{"emulator":{"name":"functions"},"function":{"name":"us-central1-api"},"extension":{},"message":"The Firebase Authentication emulator is not running, so calls to Firebase Authentication will affect production."}}
[warn] !  Google API requested!
   - URL: "https://oauth2.googleapis.com/token"
   - Be careful, this may be a production service. {"metadata":{"emulator":{"name":"functions"},"function":{"name":"us-central1-api"},"extension":{},"message":"Google API requested!\n   - URL: \"https://oauth2.googleapis.com/token\"\n   - Be careful, this may be a production service."}}
[debug] [2026-06-27T12:54:57.659Z] Finishing up request with event=pause {"metadata":{"emulator":{"name":"functions"},"function":{"name":"us-central1-api"},"extension":{},"message":"Finishing up request with event=pause"}}
[info] i  functions: Finished "us-central1-api" in 831.3584ms {"metadata":{"emulator":{"name":"functions"},"function":{"name":"us-central1-api"},"extension":{},"message":"Finished \"us-central1-api\" in 831.3584ms"}}
[debug] [2026-06-27T12:54:57.659Z] [worker-us-central1-api-acfb4b2d-1386-42f7-8e85-69c733dbac40]: IDLE {"metadata":{"emulator":{"name":"functions"},"function":{"name":"us-central1-api"},"extension":{},"message":"[worker-us-central1-api-acfb4b2d-1386-42f7-8e85-69c733dbac40]: IDLE"}}
[debug] [2026-06-27T12:54:57.659Z] Finishing up request with event=finish {"metadata":{"emulator":{"name":"functions"},"function":{"name":"us-central1-api"},"extension":{},"message":"Finishing up request with event=finish"}}
[debug] [2026-06-27T12:54:57.660Z] Finishing up request with event=close {"metadata":{"emulator":{"name":"functions"},"function":{"name":"us-central1-api"},"extension":{},"message":"Finishing up request with event=close"}}
[debug] [2026-06-27T12:54:57.660Z] [work-queue] {"queuedWork":[],"queueLength":0,"runningWork":[],"workRunningCount":0}
[debug] [2026-06-27T12:56:14.701Z] [work-queue] {"queuedWork":["/saegroup-c6487/us-central1/api/jobs/H9Wl6ariiHRIVnmNm0DM/companycam-photos-2026-06-27T12:56:14.701Z"],"queueLength":1,"runningWork":[],"workRunningCount":0}
[debug] [2026-06-27T12:56:14.701Z] [work-queue] {"queuedWork":[],"queueLength":0,"runningWork":["/saegroup-c6487/us-central1/api/jobs/H9Wl6ariiHRIVnmNm0DM/companycam-photos-2026-06-27T12:56:14.701Z"],"workRunningCount":1}
[debug] [2026-06-27T12:56:14.701Z] Accepted request OPTIONS /saegroup-c6487/us-central1/api/jobs/H9Wl6ariiHRIVnmNm0DM/companycam-photos --> us-central1-api
[debug] [2026-06-27T12:56:14.702Z] [functions] Runtime ready! Sending request! {"metadata":{"emulator":{"name":"functions"},"message":"[functions] Runtime ready! Sending request!"}}
[debug] [2026-06-27T12:56:14.702Z] [functions] Got req.url=/saegroup-c6487/us-central1/api/jobs/H9Wl6ariiHRIVnmNm0DM/companycam-photos, mapping to path=/jobs/H9Wl6ariiHRIVnmNm0DM/companycam-photos {"metadata":{"emulator":{"name":"functions"},"message":"[functions] Got req.url=/saegroup-c6487/us-central1/api/jobs/H9Wl6ariiHRIVnmNm0DM/companycam-photos, mapping to path=/jobs/H9Wl6ariiHRIVnmNm0DM/companycam-photos"}}
[debug] [2026-06-27T12:56:14.702Z] [worker-pool] submitRequest(triggerId=us-central1-api) {"metadata":{"emulator":{"name":"functions"},"message":"[worker-pool] submitRequest(triggerId=us-central1-api)"}}
[info] i  functions: Beginning execution of "us-central1-api" {"metadata":{"emulator":{"name":"functions"},"function":{"name":"us-central1-api"},"extension":{},"message":"Beginning execution of \"us-central1-api\""}}
[debug] [2026-06-27T12:56:14.702Z] [worker-us-central1-api-acfb4b2d-1386-42f7-8e85-69c733dbac40]: BUSY {"metadata":{"emulator":{"name":"functions"},"function":{"name":"us-central1-api"},"extension":{},"message":"[worker-us-central1-api-acfb4b2d-1386-42f7-8e85-69c733dbac40]: BUSY"}}
[debug] [2026-06-27T12:56:14.704Z] Finishing up request with event=pause {"metadata":{"emulator":{"name":"functions"},"function":{"name":"us-central1-api"},"extension":{},"message":"Finishing up request with event=pause"}}
[info] i  functions: Finished "us-central1-api" in 1.702ms {"metadata":{"emulator":{"name":"functions"},"function":{"name":"us-central1-api"},"extension":{},"message":"Finished \"us-central1-api\" in 1.702ms"}}
[debug] [2026-06-27T12:56:14.704Z] [worker-us-central1-api-acfb4b2d-1386-42f7-8e85-69c733dbac40]: IDLE {"metadata":{"emulator":{"name":"functions"},"function":{"name":"us-central1-api"},"extension":{},"message":"[worker-us-central1-api-acfb4b2d-1386-42f7-8e85-69c733dbac40]: IDLE"}}
[debug] [2026-06-27T12:56:14.704Z] Finishing up request with event=finish {"metadata":{"emulator":{"name":"functions"},"function":{"name":"us-central1-api"},"extension":{},"message":"Finishing up request with event=finish"}}
[debug] [2026-06-27T12:56:14.704Z] Finishing up request with event=close {"metadata":{"emulator":{"name":"functions"},"function":{"name":"us-central1-api"},"extension":{},"message":"Finishing up request with event=close"}}
[debug] [2026-06-27T12:56:14.704Z] [work-queue] {"queuedWork":[],"queueLength":0,"runningWork":[],"workRunningCount":0}
[debug] [2026-06-27T12:56:14.705Z] [work-queue] {"queuedWork":["/saegroup-c6487/us-central1/api/jobs/H9Wl6ariiHRIVnmNm0DM/companycam-photos-2026-06-27T12:56:14.705Z"],"queueLength":1,"runningWork":[],"workRunningCount":0}
[debug] [2026-06-27T12:56:14.706Z] [work-queue] {"queuedWork":[],"queueLength":0,"runningWork":["/saegroup-c6487/us-central1/api/jobs/H9Wl6ariiHRIVnmNm0DM/companycam-photos-2026-06-27T12:56:14.705Z"],"workRunningCount":1}
[debug] [2026-06-27T12:56:14.706Z] Accepted request GET /saegroup-c6487/us-central1/api/jobs/H9Wl6ariiHRIVnmNm0DM/companycam-photos --> us-central1-api
[debug] [2026-06-27T12:56:14.706Z] [functions] Runtime ready! Sending request! {"metadata":{"emulator":{"name":"functions"},"message":"[functions] Runtime ready! Sending request!"}}
[debug] [2026-06-27T12:56:14.706Z] [functions] Got req.url=/saegroup-c6487/us-central1/api/jobs/H9Wl6ariiHRIVnmNm0DM/companycam-photos, mapping to path=/jobs/H9Wl6ariiHRIVnmNm0DM/companycam-photos {"metadata":{"emulator":{"name":"functions"},"message":"[functions] Got req.url=/saegroup-c6487/us-central1/api/jobs/H9Wl6ariiHRIVnmNm0DM/companycam-photos, mapping to path=/jobs/H9Wl6ariiHRIVnmNm0DM/companycam-photos"}}
[debug] [2026-06-27T12:56:14.706Z] [worker-pool] submitRequest(triggerId=us-central1-api) {"metadata":{"emulator":{"name":"functions"},"message":"[worker-pool] submitRequest(triggerId=us-central1-api)"}}
[info] i  functions: Beginning execution of "us-central1-api" {"metadata":{"emulator":{"name":"functions"},"function":{"name":"us-central1-api"},"extension":{},"message":"Beginning execution of \"us-central1-api\""}}
[debug] [2026-06-27T12:56:14.707Z] [worker-us-central1-api-acfb4b2d-1386-42f7-8e85-69c733dbac40]: BUSY {"metadata":{"emulator":{"name":"functions"},"function":{"name":"us-central1-api"},"extension":{},"message":"[worker-us-central1-api-acfb4b2d-1386-42f7-8e85-69c733dbac40]: BUSY"}}
[debug] [2026-06-27T12:56:14.783Z] Finishing up request with event=pause {"metadata":{"emulator":{"name":"functions"},"function":{"name":"us-central1-api"},"extension":{},"message":"Finishing up request with event=pause"}}
[info] i  functions: Finished "us-central1-api" in 76.4696ms {"metadata":{"emulator":{"name":"functions"},"function":{"name":"us-central1-api"},"extension":{},"message":"Finished \"us-central1-api\" in 76.4696ms"}}
[debug] [2026-06-27T12:56:14.783Z] [worker-us-central1-api-acfb4b2d-1386-42f7-8e85-69c733dbac40]: IDLE {"metadata":{"emulator":{"name":"functions"},"function":{"name":"us-central1-api"},"extension":{},"message":"[worker-us-central1-api-acfb4b2d-1386-42f7-8e85-69c733dbac40]: IDLE"}}
[debug] [2026-06-27T12:56:14.783Z] Finishing up request with event=finish {"metadata":{"emulator":{"name":"functions"},"function":{"name":"us-central1-api"},"extension":{},"message":"Finishing up request with event=finish"}}
[debug] [2026-06-27T12:56:14.783Z] Finishing up request with event=close {"metadata":{"emulator":{"name":"functions"},"function":{"name":"us-central1-api"},"extension":{},"message":"Finishing up request with event=close"}}
[debug] [2026-06-27T12:56:14.783Z] [work-queue] {"queuedWork":[],"queueLength":0,"runningWork":[],"workRunningCount":0}
[debug] [2026-06-27T12:56:24.567Z] File C:\_Projects\upfittersos.com\apps\functions\src\routes\jobs.routes.ts changed, reloading triggers {"metadata":{"emulator":{"name":"functions"},"message":"File C:\\_Projects\\upfittersos.com\\apps\\functions\\src\\routes\\jobs.routes.ts changed, reloading triggers"}}
[debug] [2026-06-27T12:56:25.570Z] Validating nodejs source
[warn] !  functions: package.json indicates an outdated version of firebase-functions. Please upgrade using npm install --save firebase-functions@latest in your functions directory. 
[warn] !  functions: Please note that there will be breaking changes when you upgrade. 
[debug] [2026-06-27T12:56:26.522Z] > [functions] package.json contents: {
  "name": "saegroup-os-api",
  "version": "1.0.0",
  "description": "SAE Group OS REST API",
  "main": "lib/index.js",
  "scripts": {
    "build": "tsc && copy src\\swagger.yaml lib\\",
    "serve": "npm run build && firebase emulators:start --only functions",
    "shell": "npm run build && firebase functions:shell",
    "start": "npm run shell",
    "deploy": "firebase deploy --only functions",
    "logs": "firebase functions:log"
  },
  "engines": {
    "node": "20"
  },
  "dependencies": {
    "axios": "^1.14.0",
    "cors": "^2.8.5",
    "dotenv": "^16.4.5",
    "express": "^4.18.2",
    "firebase-admin": "^12.0.0",
    "firebase-functions": "^4.8.0",
    "googleapis": "^171.4.0",
    "swagger-ui-express": "^5.0.0",
    "xml2js": "^0.6.2",
    "yamljs": "^0.3.0"
  },
  "devDependencies": {
    "@types/cors": "^2.8.17",
    "@types/express": "^4.17.21",
    "@types/swagger-ui-express": "^4.1.6",
    "@types/xml2js": "^0.4.14",
    "@types/yamljs": "^0.2.34",
    "typescript": "^5.4.2"
  },
  "private": true
}
[debug] [2026-06-27T12:56:26.522Z] Building nodejs source
[debug] [2026-06-27T12:56:26.522Z] Failed to find version of module node: reached end of search path C:\_Projects\upfittersos.com\apps\functions\node_modules
[warn] !  functions: Your requested "node" version "20" doesn't match your global version "24". Using node@24 from host. 
[info] i  functions: Loaded environment variables from .env. 
[info] i  functions: You are using a version of firebase-functions SDK (4.9.0) that does not have support for the newest Firebase Extensions features. Please update firebase-functions SDK to >=5.1.0 to use them correctly 
[debug] [2026-06-27T12:56:26.524Z] Could not find functions.yaml. Must use http discovery
[debug] [2026-06-27T12:56:26.531Z] Found firebase-functions binary at 'C:\_Projects\upfittersos.com\node_modules\.bin\firebase-functions'
[info] Serving at port 8404

[debug] [2026-06-27T12:56:28.507Z] Got response from /__/functions.yaml {"endpoints":{"runOneTimeMigration":{"platform":"gcfv1","availableMemoryMb":null,"timeoutSeconds":null,"minInstances":null,"maxInstances":null,"ingressSettings":null,"serviceAccountEmail":null,"vpc":null,"httpsTrigger":{},"entryPoint":"runOneTimeMigration"},"migrateZones":{"platform":"gcfv1","availableMemoryMb":null,"timeoutSeconds":null,"minInstances":null,"maxInstances":null,"ingressSettings":null,"serviceAccountEmail":null,"vpc":null,"httpsTrigger":{},"entryPoint":"migrateZones"},"api":{"platform":"gcfv1","availableMemoryMb":null,"timeoutSeconds":null,"minInstances":null,"maxInstances":null,"ingressSettings":null,"serviceAccountEmail":null,"vpc":null,"httpsTrigger":{},"entryPoint":"api"},"generateAutomatedReports":{"platform":"gcfv1","availableMemoryMb":null,"timeoutSeconds":null,"minInstances":null,"maxInstances":null,"ingressSettings":null,"serviceAccountEmail":null,"vpc":null,"scheduleTrigger":{"schedule":"0 * * * *","retryConfig":{"retryCount":null,"maxDoublings":null,"maxRetryDuration":null,"maxBackoffDuration":null,"minBackoffDuration":null},"timeZone":null},"labels":{},"entryPoint":"generateAutomatedReports"},"aggregateShopVitals":{"platform":"gcfv1","availableMemoryMb":null,"timeoutSeconds":null,"minInstances":null,"maxInstances":null,"ingressSettings":null,"serviceAccountEmail":null,"vpc":null,"scheduleTrigger":{"schedule":"*/30 * * * *","retryConfig":{"retryCount":null,"maxDoublings":null,"maxRetryDuration":null,"maxBackoffDuration":null,"minBackoffDuration":null},"timeZone":null},"labels":{},"entryPoint":"aggregateShopVitals"},"onMessageReceived":{"availableMemoryMb":null,"timeoutSeconds":null,"minInstances":null,"maxInstances":null,"ingressSettings":null,"concurrency":null,"serviceAccountEmail":null,"vpc":null,"platform":"gcfv2","labels":{},"eventTrigger":{"eventType":"google.cloud.firestore.document.v1.created","eventFilters":{"database":"(default)","namespace":"(default)"},"eventFilterPathPatterns":{"document":"messages/{messageId}"},"retry":false},"entryPoint":"onMessageReceived"},"onAnnouncementCreated":{"availableMemoryMb":null,"timeoutSeconds":null,"minInstances":null,"maxInstances":null,"ingressSettings":null,"concurrency":null,"serviceAccountEmail":null,"vpc":null,"platform":"gcfv2","labels":{},"eventTrigger":{"eventType":"google.cloud.firestore.document.v1.created","eventFilters":{"database":"(default)","namespace":"(default)"},"eventFilterPathPatterns":{"document":"announcements/{announcementId}"},"retry":false},"entryPoint":"onAnnouncementCreated"},"onQbCustomerWrite":{"platform":"gcfv1","availableMemoryMb":null,"timeoutSeconds":null,"minInstances":null,"maxInstances":null,"ingressSettings":null,"serviceAccountEmail":null,"vpc":null,"eventTrigger":{"eventType":"providers/cloud.firestore/eventTypes/document.write","eventFilters":{"resource":"projects/saegroup-c6487/databases/(default)/documents/businesses/{tenantId}/qb_customers/{customerId}"},"retry":false},"labels":{},"entryPoint":"onQbCustomerWrite"},"onQbJobWrite":{"platform":"gcfv1","availableMemoryMb":null,"timeoutSeconds":null,"minInstances":null,"maxInstances":null,"ingressSettings":null,"serviceAccountEmail":null,"vpc":null,"eventTrigger":{"eventType":"providers/cloud.firestore/eventTypes/document.write","eventFilters":{"resource":"projects/saegroup-c6487/databases/(default)/documents/businesses/{tenantId}/qb_jobs/{jobId}"},"retry":false},"labels":{},"entryPoint":"onQbJobWrite"},"onQbEmployeeWrite":{"platform":"gcfv1","availableMemoryMb":null,"timeoutSeconds":null,"minInstances":null,"maxInstances":null,"ingressSettings":null,"serviceAccountEmail":null,"vpc":null,"eventTrigger":{"eventType":"providers/cloud.firestore/eventTypes/document.write","eventFilters":{"resource":"projects/saegroup-c6487/databases/(default)/documents/businesses/{tenantId}/qb_employees/{employeeId}"},"retry":false},"labels":{},"entryPoint":"onQbEmployeeWrite"},"onQbTimeTrackingWrite":{"platform":"gcfv1","availableMemoryMb":null,"timeoutSeconds":null,"minInstances":null,"maxInstances":null,"ingressSettings":null,"serviceAccountEmail":null,"vpc":null,"eventTrigger":{"eventType":"providers/cloud.firestore/eventTypes/document.write","eventFilters":{"resource":"projects/saegroup-c6487/databases/(default)/documents/businesses/{tenantId}/qb_time_tracking/{timeId}"},"retry":false},"labels":{},"entryPoint":"onQbTimeTrackingWrite"},"syncStaffPermissions":{"platform":"gcfv1","availableMemoryMb":null,"timeoutSeconds":null,"minInstances":null,"maxInstances":null,"ingressSettings":null,"serviceAccountEmail":null,"vpc":null,"eventTrigger":{"eventType":"providers/cloud.firestore/eventTypes/document.write","eventFilters":{"resource":"projects/saegroup-c6487/databases/(default)/documents/businesses/{tenantId}/staff/{staffId}"},"retry":false},"labels":{},"entryPoint":"syncStaffPermissions"},"onChatMessage":{"platform":"gcfv1","availableMemoryMb":null,"timeoutSeconds":null,"minInstances":null,"maxInstances":null,"ingressSettings":null,"serviceAccountEmail":null,"vpc":null,"eventTrigger":{"eventType":"providers/cloud.firestore/eventTypes/document.create","eventFilters":{"resource":"projects/saegroup-c6487/databases/(default)/documents/businesses/{tenantId}/jobs/{jobId}/chat_messages/{messageId}"},"retry":false},"labels":{},"entryPoint":"onChatMessage"},"onZoneUpdated":{"availableMemoryMb":null,"timeoutSeconds":null,"minInstances":null,"maxInstances":null,"ingressSettings":null,"concurrency":null,"serviceAccountEmail":null,"vpc":null,"platform":"gcfv2","labels":{},"eventTrigger":{"eventType":"google.cloud.firestore.document.v1.updated","eventFilters":{"database":"(default)","namespace":"(default)"},"eventFilterPathPatterns":{"document":"businesses/{tenantId}/zones/{zoneId}"},"retry":false},"entryPoint":"onZoneUpdated"},"onJobUpdated":{"availableMemoryMb":null,"timeoutSeconds":null,"minInstances":null,"maxInstances":null,"ingressSettings":null,"concurrency":null,"serviceAccountEmail":null,"vpc":null,"platform":"gcfv2","labels":{},"eventTrigger":{"eventType":"google.cloud.firestore.document.v1.updated","eventFilters":{"database":"(default)","namespace":"(default)"},"eventFilterPathPatterns":{"document":"businesses/{tenantId}/jobs/{jobId}"},"retry":false},"entryPoint":"onJobUpdated"},"checkStaleBays":{"availableMemoryMb":null,"timeoutSeconds":null,"minInstances":null,"maxInstances":null,"ingressSettings":null,"concurrency":null,"serviceAccountEmail":null,"vpc":null,"platform":"gcfv2","labels":{},"scheduleTrigger":{"schedule":"every 15 minutes","retryConfig":{"retryCount":null,"maxDoublings":null,"maxRetrySeconds":null,"minBackoffSeconds":null,"maxBackoffSeconds":null},"timeZone":null},"entryPoint":"checkStaleBays"},"onActivityFeedCreated":{"availableMemoryMb":null,"timeoutSeconds":null,"minInstances":null,"maxInstances":null,"ingressSettings":null,"concurrency":null,"serviceAccountEmail":null,"vpc":null,"platform":"gcfv2","labels":{},"eventTrigger":{"eventType":"google.cloud.firestore.document.v1.created","eventFilters":{"database":"(default)","namespace":"(default)"},"eventFilterPathPatterns":{"document":"businesses/{tenantId}/activity_feed/{feedId}"},"retry":false},"entryPoint":"onActivityFeedCreated"},"onJobTaskWritten":{"availableMemoryMb":null,"timeoutSeconds":null,"minInstances":null,"maxInstances":null,"ingressSettings":null,"concurrency":null,"serviceAccountEmail":null,"vpc":null,"platform":"gcfv2","labels":{},"eventTrigger":{"eventType":"google.cloud.firestore.document.v1.written","eventFilters":{"database":"(default)","namespace":"(default)"},"eventFilterPathPatterns":{"document":"businesses/{tenantId}/jobs/{jobId}/tasks/{taskId}"},"retry":false},"entryPoint":"onJobTaskWritten"},"onJobChatMessageWritten":{"availableMemoryMb":null,"timeoutSeconds":null,"minInstances":null,"maxInstances":null,"ingressSettings":null,"concurrency":null,"serviceAccountEmail":null,"vpc":null,"platform":"gcfv2","labels":{},"eventTrigger":{"eventType":"google.cloud.firestore.document.v1.written","eventFilters":{"database":"(default)","namespace":"(default)"},"eventFilterPathPatterns":{"document":"businesses/{tenantId}/jobs/{jobId}/chat_messages/{messageId}"},"retry":false},"entryPoint":"onJobChatMessageWritten"},"onJobActivityWritten":{"availableMemoryMb":null,"timeoutSeconds":null,"minInstances":null,"maxInstances":null,"ingressSettings":null,"concurrency":null,"serviceAccountEmail":null,"vpc":null,"platform":"gcfv2","labels":{},"eventTrigger":{"eventType":"google.cloud.firestore.document.v1.written","eventFilters":{"database":"(default)","namespace":"(default)"},"eventFilterPathPatterns":{"document":"businesses/{tenantId}/jobs/{jobId}/activity/{activityId}"},"retry":false},"entryPoint":"onJobActivityWritten"},"aggregateEfficiencyStats":{"platform":"gcfv1","availableMemoryMb":null,"timeoutSeconds":null,"minInstances":null,"maxInstances":null,"ingressSettings":null,"serviceAccountEmail":null,"vpc":null,"scheduleTrigger":{"schedule":"*/30 * * * *","retryConfig":{"retryCount":null,"maxDoublings":null,"maxRetryDuration":null,"maxBackoffDuration":null,"minBackoffDuration":null},"timeZone":null},"labels":{},"entryPoint":"aggregateEfficiencyStats"},"forceAggregateEfficiencyStats":{"platform":"gcfv1","labels":{},"availableMemoryMb":null,"timeoutSeconds":null,"minInstances":null,"maxInstances":null,"ingressSettings":null,"serviceAccountEmail":null,"vpc":null,"callableTrigger":{},"entryPoint":"forceAggregateEfficiencyStats"}},"specVersion":"v1alpha1","requiredAPIs":[{"api":"cloudscheduler.googleapis.com","reason":"Needed for scheduled functions."}]}
[info] +  functions: Loaded functions definitions from source: runOneTimeMigration, migrateZones, api, generateAutomatedReports, aggregateShopVitals, onMessageReceived, onAnnouncementCreated, onQbCustomerWrite, onQbJobWrite, onQbEmployeeWrite, onQbTimeTrackingWrite, syncStaffPermissions, onChatMessage, onZoneUpdated, onJobUpdated, checkStaleBays, onActivityFeedCreated, onJobTaskWritten, onJobChatMessageWritten, onJobActivityWritten, aggregateEfficiencyStats, forceAggregateEfficiencyStats. {"metadata":{"emulator":{"name":"functions"},"message":"Loaded functions definitions from source: runOneTimeMigration, migrateZones, api, generateAutomatedReports, aggregateShopVitals, onMessageReceived, onAnnouncementCreated, onQbCustomerWrite, onQbJobWrite, onQbEmployeeWrite, onQbTimeTrackingWrite, syncStaffPermissions, onChatMessage, onZoneUpdated, onJobUpdated, checkStaleBays, onActivityFeedCreated, onJobTaskWritten, onJobChatMessageWritten, onJobActivityWritten, aggregateEfficiencyStats, forceAggregateEfficiencyStats."}}
[debug] [2026-06-27T12:56:32.553Z] [worker-pool] Shutting down IDLE worker (us-central1-api) {"metadata":{"emulator":{"name":"functions"},"message":"[worker-pool] Shutting down IDLE worker (us-central1-api)"}}
[debug] [2026-06-27T12:56:32.554Z] [worker-us-central1-api-acfb4b2d-1386-42f7-8e85-69c733dbac40]: FINISHING {"metadata":{"emulator":{"name":"functions"},"function":{"name":"us-central1-api"},"extension":{},"message":"[worker-us-central1-api-acfb4b2d-1386-42f7-8e85-69c733dbac40]: FINISHING"}}
[debug] [2026-06-27T12:56:32.571Z] [worker-us-central1-api-acfb4b2d-1386-42f7-8e85-69c733dbac40]: exited {"metadata":{"emulator":{"name":"functions"},"function":{"name":"us-central1-api"},"extension":{},"message":"[worker-us-central1-api-acfb4b2d-1386-42f7-8e85-69c733dbac40]: exited"}}
[debug] [2026-06-27T12:56:32.571Z] [worker-us-central1-api-acfb4b2d-1386-42f7-8e85-69c733dbac40]: FINISHED {"metadata":{"emulator":{"name":"functions"},"function":{"name":"us-central1-api"},"extension":{},"message":"[worker-us-central1-api-acfb4b2d-1386-42f7-8e85-69c733dbac40]: FINISHED"}}
[debug] [2026-06-27T12:56:43.745Z] File C:\_Projects\upfittersos.com\apps\functions\lib\debug_queue.js.map changed, reloading triggers {"metadata":{"emulator":{"name":"functions"},"message":"File C:\\_Projects\\upfittersos.com\\apps\\functions\\lib\\debug_queue.js.map changed, reloading triggers"}}
[debug] [2026-06-27T12:56:43.747Z] File C:\_Projects\upfittersos.com\apps\functions\lib\debug_queue.js changed, reloading triggers {"metadata":{"emulator":{"name":"functions"},"message":"File C:\\_Projects\\upfittersos.com\\apps\\functions\\lib\\debug_queue.js changed, reloading triggers"}}
[debug] [2026-06-27T12:56:43.763Z] File C:\_Projects\upfittersos.com\apps\functions\lib\services\companyCam.service.js.map changed, reloading triggers {"metadata":{"emulator":{"name":"functions"},"message":"File C:\\_Projects\\upfittersos.com\\apps\\functions\\lib\\services\\companyCam.service.js.map changed, reloading triggers"}}
[debug] [2026-06-27T12:56:43.764Z] File C:\_Projects\upfittersos.com\apps\functions\lib\services\companyCam.service.js changed, reloading triggers {"metadata":{"emulator":{"name":"functions"},"message":"File C:\\_Projects\\upfittersos.com\\apps\\functions\\lib\\services\\companyCam.service.js changed, reloading triggers"}}
[debug] [2026-06-27T12:56:43.767Z] File C:\_Projects\upfittersos.com\apps\functions\lib\middleware\companyCamWebhook.js.map changed, reloading triggers {"metadata":{"emulator":{"name":"functions"},"message":"File C:\\_Projects\\upfittersos.com\\apps\\functions\\lib\\middleware\\companyCamWebhook.js.map changed, reloading triggers"}}
[debug] [2026-06-27T12:56:43.768Z] File C:\_Projects\upfittersos.com\apps\functions\lib\middleware\companyCamWebhook.js changed, reloading triggers {"metadata":{"emulator":{"name":"functions"},"message":"File C:\\_Projects\\upfittersos.com\\apps\\functions\\lib\\middleware\\companyCamWebhook.js changed, reloading triggers"}}
[debug] [2026-06-27T12:56:43.772Z] File C:\_Projects\upfittersos.com\apps\functions\lib\middleware\auth.middleware.js.map changed, reloading triggers {"metadata":{"emulator":{"name":"functions"},"message":"File C:\\_Projects\\upfittersos.com\\apps\\functions\\lib\\middleware\\auth.middleware.js.map changed, reloading triggers"}}
[debug] [2026-06-27T12:56:43.773Z] File C:\_Projects\upfittersos.com\apps\functions\lib\middleware\auth.middleware.js changed, reloading triggers {"metadata":{"emulator":{"name":"functions"},"message":"File C:\\_Projects\\upfittersos.com\\apps\\functions\\lib\\middleware\\auth.middleware.js changed, reloading triggers"}}
[debug] [2026-06-27T12:56:43.778Z] File C:\_Projects\upfittersos.com\apps\functions\lib\routes\companyCam.routes.js.map changed, reloading triggers {"metadata":{"emulator":{"name":"functions"},"message":"File C:\\_Projects\\upfittersos.com\\apps\\functions\\lib\\routes\\companyCam.routes.js.map changed, reloading triggers"}}
[debug] [2026-06-27T12:56:43.780Z] File C:\_Projects\upfittersos.com\apps\functions\lib\routes\companyCam.routes.js changed, reloading triggers {"metadata":{"emulator":{"name":"functions"},"message":"File C:\\_Projects\\upfittersos.com\\apps\\functions\\lib\\routes\\companyCam.routes.js changed, reloading triggers"}}
[debug] [2026-06-27T12:56:43.785Z] File C:\_Projects\upfittersos.com\apps\functions\lib\routes\scan.routes.js.map changed, reloading triggers {"metadata":{"emulator":{"name":"functions"},"message":"File C:\\_Projects\\upfittersos.com\\apps\\functions\\lib\\routes\\scan.routes.js.map changed, reloading triggers"}}
[debug] [2026-06-27T12:56:43.785Z] File C:\_Projects\upfittersos.com\apps\functions\lib\routes\scan.routes.js changed, reloading triggers {"metadata":{"emulator":{"name":"functions"},"message":"File C:\\_Projects\\upfittersos.com\\apps\\functions\\lib\\routes\\scan.routes.js changed, reloading triggers"}}
[debug] [2026-06-27T12:56:43.807Z] File C:\_Projects\upfittersos.com\apps\functions\lib\services\qbwc.service.js.map changed, reloading triggers {"metadata":{"emulator":{"name":"functions"},"message":"File C:\\_Projects\\upfittersos.com\\apps\\functions\\lib\\services\\qbwc.service.js.map changed, reloading triggers"}}
[debug] [2026-06-27T12:56:43.808Z] File C:\_Projects\upfittersos.com\apps\functions\lib\services\qbwc.service.js changed, reloading triggers {"metadata":{"emulator":{"name":"functions"},"message":"File C:\\_Projects\\upfittersos.com\\apps\\functions\\lib\\services\\qbwc.service.js changed, reloading triggers"}}
[debug] [2026-06-27T12:56:43.824Z] File C:\_Projects\upfittersos.com\apps\functions\lib\routes\qbwc.routes.js.map changed, reloading triggers {"metadata":{"emulator":{"name":"functions"},"message":"File C:\\_Projects\\upfittersos.com\\apps\\functions\\lib\\routes\\qbwc.routes.js.map changed, reloading triggers"}}
[debug] [2026-06-27T12:56:43.825Z] File C:\_Projects\upfittersos.com\apps\functions\lib\routes\qbwc.routes.js changed, reloading triggers {"metadata":{"emulator":{"name":"functions"},"message":"File C:\\_Projects\\upfittersos.com\\apps\\functions\\lib\\routes\\qbwc.routes.js changed, reloading triggers"}}
[debug] [2026-06-27T12:56:43.831Z] File C:\_Projects\upfittersos.com\apps\functions\lib\routes\units.routes.js.map changed, reloading triggers {"metadata":{"emulator":{"name":"functions"},"message":"File C:\\_Projects\\upfittersos.com\\apps\\functions\\lib\\routes\\units.routes.js.map changed, reloading triggers"}}
[debug] [2026-06-27T12:56:43.833Z] File C:\_Projects\upfittersos.com\apps\functions\lib\routes\units.routes.js changed, reloading triggers {"metadata":{"emulator":{"name":"functions"},"message":"File C:\\_Projects\\upfittersos.com\\apps\\functions\\lib\\routes\\units.routes.js changed, reloading triggers"}}
[debug] [2026-06-27T12:56:43.841Z] File C:\_Projects\upfittersos.com\apps\functions\lib\routes\inventory.routes.js.map changed, reloading triggers {"metadata":{"emulator":{"name":"functions"},"message":"File C:\\_Projects\\upfittersos.com\\apps\\functions\\lib\\routes\\inventory.routes.js.map changed, reloading triggers"}}
[debug] [2026-06-27T12:56:43.842Z] File C:\_Projects\upfittersos.com\apps\functions\lib\routes\inventory.routes.js changed, reloading triggers {"metadata":{"emulator":{"name":"functions"},"message":"File C:\\_Projects\\upfittersos.com\\apps\\functions\\lib\\routes\\inventory.routes.js changed, reloading triggers"}}
[debug] [2026-06-27T12:56:43.846Z] File C:\_Projects\upfittersos.com\apps\functions\lib\utils\permissions.js.map changed, reloading triggers {"metadata":{"emulator":{"name":"functions"},"message":"File C:\\_Projects\\upfittersos.com\\apps\\functions\\lib\\utils\\permissions.js.map changed, reloading triggers"}}
[debug] [2026-06-27T12:56:43.846Z] File C:\_Projects\upfittersos.com\apps\functions\lib\utils\permissions.js changed, reloading triggers {"metadata":{"emulator":{"name":"functions"},"message":"File C:\\_Projects\\upfittersos.com\\apps\\functions\\lib\\utils\\permissions.js changed, reloading triggers"}}
[debug] [2026-06-27T12:56:43.852Z] File C:\_Projects\upfittersos.com\apps\functions\lib\routes\tasks.routes.js.map changed, reloading triggers {"metadata":{"emulator":{"name":"functions"},"message":"File C:\\_Projects\\upfittersos.com\\apps\\functions\\lib\\routes\\tasks.routes.js.map changed, reloading triggers"}}
[debug] [2026-06-27T12:56:43.852Z] File C:\_Projects\upfittersos.com\apps\functions\lib\routes\tasks.routes.js changed, reloading triggers {"metadata":{"emulator":{"name":"functions"},"message":"File C:\\_Projects\\upfittersos.com\\apps\\functions\\lib\\routes\\tasks.routes.js changed, reloading triggers"}}
[debug] [2026-06-27T12:56:43.863Z] File C:\_Projects\upfittersos.com\apps\functions\lib\routes\task_templates.routes.js.map changed, reloading triggers {"metadata":{"emulator":{"name":"functions"},"message":"File C:\\_Projects\\upfittersos.com\\apps\\functions\\lib\\routes\\task_templates.routes.js.map changed, reloading triggers"}}
[debug] [2026-06-27T12:56:43.865Z] File C:\_Projects\upfittersos.com\apps\functions\lib\routes\task_templates.routes.js changed, reloading triggers {"metadata":{"emulator":{"name":"functions"},"message":"File C:\\_Projects\\upfittersos.com\\apps\\functions\\lib\\routes\\task_templates.routes.js changed, reloading triggers"}}
[debug] [2026-06-27T12:56:43.870Z] File C:\_Projects\upfittersos.com\apps\functions\lib\routes\customers.routes.js.map changed, reloading triggers {"metadata":{"emulator":{"name":"functions"},"message":"File C:\\_Projects\\upfittersos.com\\apps\\functions\\lib\\routes\\customers.routes.js.map changed, reloading triggers"}}
[debug] [2026-06-27T12:56:43.870Z] File C:\_Projects\upfittersos.com\apps\functions\lib\routes\customers.routes.js changed, reloading triggers {"metadata":{"emulator":{"name":"functions"},"message":"File C:\\_Projects\\upfittersos.com\\apps\\functions\\lib\\routes\\customers.routes.js changed, reloading triggers"}}
[debug] [2026-06-27T12:56:43.875Z] File C:\_Projects\upfittersos.com\apps\functions\lib\routes\vehicles.routes.js.map changed, reloading triggers {"metadata":{"emulator":{"name":"functions"},"message":"File C:\\_Projects\\upfittersos.com\\apps\\functions\\lib\\routes\\vehicles.routes.js.map changed, reloading triggers"}}
[debug] [2026-06-27T12:56:43.875Z] File C:\_Projects\upfittersos.com\apps\functions\lib\routes\vehicles.routes.js changed, reloading triggers {"metadata":{"emulator":{"name":"functions"},"message":"File C:\\_Projects\\upfittersos.com\\apps\\functions\\lib\\routes\\vehicles.routes.js changed, reloading triggers"}}
[debug] [2026-06-27T12:56:43.895Z] File C:\_Projects\upfittersos.com\apps\functions\lib\routes\jobs.routes.js.map changed, reloading triggers {"metadata":{"emulator":{"name":"functions"},"message":"File C:\\_Projects\\upfittersos.com\\apps\\functions\\lib\\routes\\jobs.routes.js.map changed, reloading triggers"}}
[debug] [2026-06-27T12:56:43.896Z] File C:\_Projects\upfittersos.com\apps\functions\lib\routes\jobs.routes.js changed, reloading triggers {"metadata":{"emulator":{"name":"functions"},"message":"File C:\\_Projects\\upfittersos.com\\apps\\functions\\lib\\routes\\jobs.routes.js changed, reloading triggers"}}
[debug] [2026-06-27T12:56:43.901Z] File C:\_Projects\upfittersos.com\apps\functions\lib\routes\areas.routes.js.map changed, reloading triggers {"metadata":{"emulator":{"name":"functions"},"message":"File C:\\_Projects\\upfittersos.com\\apps\\functions\\lib\\routes\\areas.routes.js.map changed, reloading triggers"}}
[debug] [2026-06-27T12:56:43.905Z] File C:\_Projects\upfittersos.com\apps\functions\lib\routes\areas.routes.js changed, reloading triggers {"metadata":{"emulator":{"name":"functions"},"message":"File C:\\_Projects\\upfittersos.com\\apps\\functions\\lib\\routes\\areas.routes.js changed, reloading triggers"}}
[debug] [2026-06-27T12:56:43.909Z] File C:\_Projects\upfittersos.com\apps\functions\lib\routes\time.routes.js.map changed, reloading triggers {"metadata":{"emulator":{"name":"functions"},"message":"File C:\\_Projects\\upfittersos.com\\apps\\functions\\lib\\routes\\time.routes.js.map changed, reloading triggers"}}
[debug] [2026-06-27T12:56:43.910Z] File C:\_Projects\upfittersos.com\apps\functions\lib\routes\time.routes.js changed, reloading triggers {"metadata":{"emulator":{"name":"functions"},"message":"File C:\\_Projects\\upfittersos.com\\apps\\functions\\lib\\routes\\time.routes.js changed, reloading triggers"}}
[debug] [2026-06-27T12:56:43.913Z] File C:\_Projects\upfittersos.com\apps\functions\lib\routes\purchase_orders.routes.js.map changed, reloading triggers {"metadata":{"emulator":{"name":"functions"},"message":"File C:\\_Projects\\upfittersos.com\\apps\\functions\\lib\\routes\\purchase_orders.routes.js.map changed, reloading triggers"}}
[debug] [2026-06-27T12:56:43.914Z] File C:\_Projects\upfittersos.com\apps\functions\lib\routes\purchase_orders.routes.js changed, reloading triggers {"metadata":{"emulator":{"name":"functions"},"message":"File C:\\_Projects\\upfittersos.com\\apps\\functions\\lib\\routes\\purchase_orders.routes.js changed, reloading triggers"}}
[debug] [2026-06-27T12:56:43.917Z] File C:\_Projects\upfittersos.com\apps\functions\lib\routes\deliveries.routes.js.map changed, reloading triggers {"metadata":{"emulator":{"name":"functions"},"message":"File C:\\_Projects\\upfittersos.com\\apps\\functions\\lib\\routes\\deliveries.routes.js.map changed, reloading triggers"}}
[debug] [2026-06-27T12:56:43.919Z] File C:\_Projects\upfittersos.com\apps\functions\lib\routes\deliveries.routes.js changed, reloading triggers {"metadata":{"emulator":{"name":"functions"},"message":"File C:\\_Projects\\upfittersos.com\\apps\\functions\\lib\\routes\\deliveries.routes.js changed, reloading triggers"}}
[debug] [2026-06-27T12:56:43.922Z] File C:\_Projects\upfittersos.com\apps\functions\lib\notifications.js.map changed, reloading triggers {"metadata":{"emulator":{"name":"functions"},"message":"File C:\\_Projects\\upfittersos.com\\apps\\functions\\lib\\notifications.js.map changed, reloading triggers"}}
[debug] [2026-06-27T12:56:43.922Z] File C:\_Projects\upfittersos.com\apps\functions\lib\notifications.js changed, reloading triggers {"metadata":{"emulator":{"name":"functions"},"message":"File C:\\_Projects\\upfittersos.com\\apps\\functions\\lib\\notifications.js changed, reloading triggers"}}
[debug] [2026-06-27T12:56:43.937Z] File C:\_Projects\upfittersos.com\apps\functions\lib\triggers\qbSync.js.map changed, reloading triggers {"metadata":{"emulator":{"name":"functions"},"message":"File C:\\_Projects\\upfittersos.com\\apps\\functions\\lib\\triggers\\qbSync.js.map changed, reloading triggers"}}
[debug] [2026-06-27T12:56:43.937Z] File C:\_Projects\upfittersos.com\apps\functions\lib\triggers\qbSync.js changed, reloading triggers {"metadata":{"emulator":{"name":"functions"},"message":"File C:\\_Projects\\upfittersos.com\\apps\\functions\\lib\\triggers\\qbSync.js changed, reloading triggers"}}
[debug] [2026-06-27T12:56:43.940Z] File C:\_Projects\upfittersos.com\apps\functions\lib\triggers\staffTriggers.js.map changed, reloading triggers {"metadata":{"emulator":{"name":"functions"},"message":"File C:\\_Projects\\upfittersos.com\\apps\\functions\\lib\\triggers\\staffTriggers.js.map changed, reloading triggers"}}
[debug] [2026-06-27T12:56:43.941Z] File C:\_Projects\upfittersos.com\apps\functions\lib\triggers\staffTriggers.js changed, reloading triggers {"metadata":{"emulator":{"name":"functions"},"message":"File C:\\_Projects\\upfittersos.com\\apps\\functions\\lib\\triggers\\staffTriggers.js changed, reloading triggers"}}
[debug] [2026-06-27T12:56:43.943Z] File C:\_Projects\upfittersos.com\apps\functions\lib\triggers\chatTriggers.js.map changed, reloading triggers {"metadata":{"emulator":{"name":"functions"},"message":"File C:\\_Projects\\upfittersos.com\\apps\\functions\\lib\\triggers\\chatTriggers.js.map changed, reloading triggers"}}
[debug] [2026-06-27T12:56:43.944Z] File C:\_Projects\upfittersos.com\apps\functions\lib\triggers\chatTriggers.js changed, reloading triggers {"metadata":{"emulator":{"name":"functions"},"message":"File C:\\_Projects\\upfittersos.com\\apps\\functions\\lib\\triggers\\chatTriggers.js changed, reloading triggers"}}
[debug] [2026-06-27T12:56:43.956Z] File C:\_Projects\upfittersos.com\apps\functions\lib\triggers\shopFloorTriggers.js.map changed, reloading triggers {"metadata":{"emulator":{"name":"functions"},"message":"File C:\\_Projects\\upfittersos.com\\apps\\functions\\lib\\triggers\\shopFloorTriggers.js.map changed, reloading triggers"}}
[debug] [2026-06-27T12:56:43.957Z] File C:\_Projects\upfittersos.com\apps\functions\lib\triggers\shopFloorTriggers.js changed, reloading triggers {"metadata":{"emulator":{"name":"functions"},"message":"File C:\\_Projects\\upfittersos.com\\apps\\functions\\lib\\triggers\\shopFloorTriggers.js changed, reloading triggers"}}
[debug] [2026-06-27T12:56:43.963Z] File C:\_Projects\upfittersos.com\apps\functions\lib\reports\efficiencyCron.js.map changed, reloading triggers {"metadata":{"emulator":{"name":"functions"},"message":"File C:\\_Projects\\upfittersos.com\\apps\\functions\\lib\\reports\\efficiencyCron.js.map changed, reloading triggers"}}
[debug] [2026-06-27T12:56:43.964Z] File C:\_Projects\upfittersos.com\apps\functions\lib\reports\efficiencyCron.js changed, reloading triggers {"metadata":{"emulator":{"name":"functions"},"message":"File C:\\_Projects\\upfittersos.com\\apps\\functions\\lib\\reports\\efficiencyCron.js changed, reloading triggers"}}
[debug] [2026-06-27T12:56:43.965Z] File C:\_Projects\upfittersos.com\apps\functions\lib\reports\mailer.js.map changed, reloading triggers {"metadata":{"emulator":{"name":"functions"},"message":"File C:\\_Projects\\upfittersos.com\\apps\\functions\\lib\\reports\\mailer.js.map changed, reloading triggers"}}
[debug] [2026-06-27T12:56:43.966Z] File C:\_Projects\upfittersos.com\apps\functions\lib\reports\mailer.js changed, reloading triggers {"metadata":{"emulator":{"name":"functions"},"message":"File C:\\_Projects\\upfittersos.com\\apps\\functions\\lib\\reports\\mailer.js changed, reloading triggers"}}
[debug] [2026-06-27T12:56:43.971Z] File C:\_Projects\upfittersos.com\apps\functions\lib\reports\engine.js.map changed, reloading triggers {"metadata":{"emulator":{"name":"functions"},"message":"File C:\\_Projects\\upfittersos.com\\apps\\functions\\lib\\reports\\engine.js.map changed, reloading triggers"}}
[debug] [2026-06-27T12:56:43.972Z] File C:\_Projects\upfittersos.com\apps\functions\lib\reports\engine.js changed, reloading triggers {"metadata":{"emulator":{"name":"functions"},"message":"File C:\\_Projects\\upfittersos.com\\apps\\functions\\lib\\reports\\engine.js changed, reloading triggers"}}
[debug] [2026-06-27T12:56:43.974Z] File C:\_Projects\upfittersos.com\apps\functions\lib\metrics\vitalsCron.js.map changed, reloading triggers {"metadata":{"emulator":{"name":"functions"},"message":"File C:\\_Projects\\upfittersos.com\\apps\\functions\\lib\\metrics\\vitalsCron.js.map changed, reloading triggers"}}
[debug] [2026-06-27T12:56:43.974Z] File C:\_Projects\upfittersos.com\apps\functions\lib\metrics\vitalsCron.js changed, reloading triggers {"metadata":{"emulator":{"name":"functions"},"message":"File C:\\_Projects\\upfittersos.com\\apps\\functions\\lib\\metrics\\vitalsCron.js changed, reloading triggers"}}
[debug] [2026-06-27T12:56:43.999Z] File C:\_Projects\upfittersos.com\apps\functions\lib\index.js.map changed, reloading triggers {"metadata":{"emulator":{"name":"functions"},"message":"File C:\\_Projects\\upfittersos.com\\apps\\functions\\lib\\index.js.map changed, reloading triggers"}}
[debug] [2026-06-27T12:56:44.001Z] File C:\_Projects\upfittersos.com\apps\functions\lib\index.js changed, reloading triggers {"metadata":{"emulator":{"name":"functions"},"message":"File C:\\_Projects\\upfittersos.com\\apps\\functions\\lib\\index.js changed, reloading triggers"}}
[debug] [2026-06-27T12:56:44.003Z] File C:\_Projects\upfittersos.com\apps\functions\lib\qbwc_local_server.js.map changed, reloading triggers {"metadata":{"emulator":{"name":"functions"},"message":"File C:\\_Projects\\upfittersos.com\\apps\\functions\\lib\\qbwc_local_server.js.map changed, reloading triggers"}}
[debug] [2026-06-27T12:56:44.005Z] File C:\_Projects\upfittersos.com\apps\functions\lib\qbwc_local_server.js changed, reloading triggers {"metadata":{"emulator":{"name":"functions"},"message":"File C:\\_Projects\\upfittersos.com\\apps\\functions\\lib\\qbwc_local_server.js changed, reloading triggers"}}
[debug] [2026-06-27T12:56:44.006Z] File C:\_Projects\upfittersos.com\apps\functions\lib\scripts\migrate_feedback.js.map changed, reloading triggers {"metadata":{"emulator":{"name":"functions"},"message":"File C:\\_Projects\\upfittersos.com\\apps\\functions\\lib\\scripts\\migrate_feedback.js.map changed, reloading triggers"}}
[debug] [2026-06-27T12:56:44.007Z] File C:\_Projects\upfittersos.com\apps\functions\lib\scripts\migrate_feedback.js changed, reloading triggers {"metadata":{"emulator":{"name":"functions"},"message":"File C:\\_Projects\\upfittersos.com\\apps\\functions\\lib\\scripts\\migrate_feedback.js changed, reloading triggers"}}
[debug] [2026-06-27T12:56:44.009Z] File C:\_Projects\upfittersos.com\apps\functions\lib\scripts\migrate_jobs_defaults.js.map changed, reloading triggers {"metadata":{"emulator":{"name":"functions"},"message":"File C:\\_Projects\\upfittersos.com\\apps\\functions\\lib\\scripts\\migrate_jobs_defaults.js.map changed, reloading triggers"}}
[debug] [2026-06-27T12:56:44.009Z] File C:\_Projects\upfittersos.com\apps\functions\lib\scripts\migrate_jobs_defaults.js changed, reloading triggers {"metadata":{"emulator":{"name":"functions"},"message":"File C:\\_Projects\\upfittersos.com\\apps\\functions\\lib\\scripts\\migrate_jobs_defaults.js changed, reloading triggers"}}
[debug] [2026-06-27T12:56:45.013Z] Validating nodejs source
[warn] !  functions: package.json indicates an outdated version of firebase-functions. Please upgrade using npm install --save firebase-functions@latest in your functions directory. 
[warn] !  functions: Please note that there will be breaking changes when you upgrade. 
[debug] [2026-06-27T12:56:45.985Z] > [functions] package.json contents: {
  "name": "saegroup-os-api",
  "version": "1.0.0",
  "description": "SAE Group OS REST API",
  "main": "lib/index.js",
  "scripts": {
    "build": "tsc && copy src\\swagger.yaml lib\\",
    "serve": "npm run build && firebase emulators:start --only functions",
    "shell": "npm run build && firebase functions:shell",
    "start": "npm run shell",
    "deploy": "firebase deploy --only functions",
    "logs": "firebase functions:log"
  },
  "engines": {
    "node": "20"
  },
  "dependencies": {
    "axios": "^1.14.0",
    "cors": "^2.8.5",
    "dotenv": "^16.4.5",
    "express": "^4.18.2",
    "firebase-admin": "^12.0.0",
    "firebase-functions": "^4.8.0",
    "googleapis": "^171.4.0",
    "swagger-ui-express": "^5.0.0",
    "xml2js": "^0.6.2",
    "yamljs": "^0.3.0"
  },
  "devDependencies": {
    "@types/cors": "^2.8.17",
    "@types/express": "^4.17.21",
    "@types/swagger-ui-express": "^4.1.6",
    "@types/xml2js": "^0.4.14",
    "@types/yamljs": "^0.2.34",
    "typescript": "^5.4.2"
  },
  "private": true
}
[debug] [2026-06-27T12:56:45.985Z] Building nodejs source
[debug] [2026-06-27T12:56:45.985Z] Failed to find version of module node: reached end of search path C:\_Projects\upfittersos.com\apps\functions\node_modules
[warn] !  functions: Your requested "node" version "20" doesn't match your global version "24". Using node@24 from host. 
[info] i  functions: Loaded environment variables from .env. 
[info] i  functions: You are using a version of firebase-functions SDK (4.9.0) that does not have support for the newest Firebase Extensions features. Please update firebase-functions SDK to >=5.1.0 to use them correctly 
[debug] [2026-06-27T12:56:45.986Z] Could not find functions.yaml. Must use http discovery
[debug] [2026-06-27T12:56:45.994Z] Found firebase-functions binary at 'C:\_Projects\upfittersos.com\node_modules\.bin\firebase-functions'
[info] Serving at port 8235

[debug] [2026-06-27T12:56:47.869Z] Got response from /__/functions.yaml {"endpoints":{"runOneTimeMigration":{"platform":"gcfv1","availableMemoryMb":null,"timeoutSeconds":null,"minInstances":null,"maxInstances":null,"ingressSettings":null,"serviceAccountEmail":null,"vpc":null,"httpsTrigger":{},"entryPoint":"runOneTimeMigration"},"migrateZones":{"platform":"gcfv1","availableMemoryMb":null,"timeoutSeconds":null,"minInstances":null,"maxInstances":null,"ingressSettings":null,"serviceAccountEmail":null,"vpc":null,"httpsTrigger":{},"entryPoint":"migrateZones"},"api":{"platform":"gcfv1","availableMemoryMb":null,"timeoutSeconds":null,"minInstances":null,"maxInstances":null,"ingressSettings":null,"serviceAccountEmail":null,"vpc":null,"httpsTrigger":{},"entryPoint":"api"},"generateAutomatedReports":{"platform":"gcfv1","availableMemoryMb":null,"timeoutSeconds":null,"minInstances":null,"maxInstances":null,"ingressSettings":null,"serviceAccountEmail":null,"vpc":null,"scheduleTrigger":{"schedule":"0 * * * *","retryConfig":{"retryCount":null,"maxDoublings":null,"maxRetryDuration":null,"maxBackoffDuration":null,"minBackoffDuration":null},"timeZone":null},"labels":{},"entryPoint":"generateAutomatedReports"},"aggregateShopVitals":{"platform":"gcfv1","availableMemoryMb":null,"timeoutSeconds":null,"minInstances":null,"maxInstances":null,"ingressSettings":null,"serviceAccountEmail":null,"vpc":null,"scheduleTrigger":{"schedule":"*/30 * * * *","retryConfig":{"retryCount":null,"maxDoublings":null,"maxRetryDuration":null,"maxBackoffDuration":null,"minBackoffDuration":null},"timeZone":null},"labels":{},"entryPoint":"aggregateShopVitals"},"onMessageReceived":{"availableMemoryMb":null,"timeoutSeconds":null,"minInstances":null,"maxInstances":null,"ingressSettings":null,"concurrency":null,"serviceAccountEmail":null,"vpc":null,"platform":"gcfv2","labels":{},"eventTrigger":{"eventType":"google.cloud.firestore.document.v1.created","eventFilters":{"database":"(default)","namespace":"(default)"},"eventFilterPathPatterns":{"document":"messages/{messageId}"},"retry":false},"entryPoint":"onMessageReceived"},"onAnnouncementCreated":{"availableMemoryMb":null,"timeoutSeconds":null,"minInstances":null,"maxInstances":null,"ingressSettings":null,"concurrency":null,"serviceAccountEmail":null,"vpc":null,"platform":"gcfv2","labels":{},"eventTrigger":{"eventType":"google.cloud.firestore.document.v1.created","eventFilters":{"database":"(default)","namespace":"(default)"},"eventFilterPathPatterns":{"document":"announcements/{announcementId}"},"retry":false},"entryPoint":"onAnnouncementCreated"},"onQbCustomerWrite":{"platform":"gcfv1","availableMemoryMb":null,"timeoutSeconds":null,"minInstances":null,"maxInstances":null,"ingressSettings":null,"serviceAccountEmail":null,"vpc":null,"eventTrigger":{"eventType":"providers/cloud.firestore/eventTypes/document.write","eventFilters":{"resource":"projects/saegroup-c6487/databases/(default)/documents/businesses/{tenantId}/qb_customers/{customerId}"},"retry":false},"labels":{},"entryPoint":"onQbCustomerWrite"},"onQbJobWrite":{"platform":"gcfv1","availableMemoryMb":null,"timeoutSeconds":null,"minInstances":null,"maxInstances":null,"ingressSettings":null,"serviceAccountEmail":null,"vpc":null,"eventTrigger":{"eventType":"providers/cloud.firestore/eventTypes/document.write","eventFilters":{"resource":"projects/saegroup-c6487/databases/(default)/documents/businesses/{tenantId}/qb_jobs/{jobId}"},"retry":false},"labels":{},"entryPoint":"onQbJobWrite"},"onQbEmployeeWrite":{"platform":"gcfv1","availableMemoryMb":null,"timeoutSeconds":null,"minInstances":null,"maxInstances":null,"ingressSettings":null,"serviceAccountEmail":null,"vpc":null,"eventTrigger":{"eventType":"providers/cloud.firestore/eventTypes/document.write","eventFilters":{"resource":"projects/saegroup-c6487/databases/(default)/documents/businesses/{tenantId}/qb_employees/{employeeId}"},"retry":false},"labels":{},"entryPoint":"onQbEmployeeWrite"},"onQbTimeTrackingWrite":{"platform":"gcfv1","availableMemoryMb":null,"timeoutSeconds":null,"minInstances":null,"maxInstances":null,"ingressSettings":null,"serviceAccountEmail":null,"vpc":null,"eventTrigger":{"eventType":"providers/cloud.firestore/eventTypes/document.write","eventFilters":{"resource":"projects/saegroup-c6487/databases/(default)/documents/businesses/{tenantId}/qb_time_tracking/{timeId}"},"retry":false},"labels":{},"entryPoint":"onQbTimeTrackingWrite"},"syncStaffPermissions":{"platform":"gcfv1","availableMemoryMb":null,"timeoutSeconds":null,"minInstances":null,"maxInstances":null,"ingressSettings":null,"serviceAccountEmail":null,"vpc":null,"eventTrigger":{"eventType":"providers/cloud.firestore/eventTypes/document.write","eventFilters":{"resource":"projects/saegroup-c6487/databases/(default)/documents/businesses/{tenantId}/staff/{staffId}"},"retry":false},"labels":{},"entryPoint":"syncStaffPermissions"},"onChatMessage":{"platform":"gcfv1","availableMemoryMb":null,"timeoutSeconds":null,"minInstances":null,"maxInstances":null,"ingressSettings":null,"serviceAccountEmail":null,"vpc":null,"eventTrigger":{"eventType":"providers/cloud.firestore/eventTypes/document.create","eventFilters":{"resource":"projects/saegroup-c6487/databases/(default)/documents/businesses/{tenantId}/jobs/{jobId}/chat_messages/{messageId}"},"retry":false},"labels":{},"entryPoint":"onChatMessage"},"onZoneUpdated":{"availableMemoryMb":null,"timeoutSeconds":null,"minInstances":null,"maxInstances":null,"ingressSettings":null,"concurrency":null,"serviceAccountEmail":null,"vpc":null,"platform":"gcfv2","labels":{},"eventTrigger":{"eventType":"google.cloud.firestore.document.v1.updated","eventFilters":{"database":"(default)","namespace":"(default)"},"eventFilterPathPatterns":{"document":"businesses/{tenantId}/zones/{zoneId}"},"retry":false},"entryPoint":"onZoneUpdated"},"onJobUpdated":{"availableMemoryMb":null,"timeoutSeconds":null,"minInstances":null,"maxInstances":null,"ingressSettings":null,"concurrency":null,"serviceAccountEmail":null,"vpc":null,"platform":"gcfv2","labels":{},"eventTrigger":{"eventType":"google.cloud.firestore.document.v1.updated","eventFilters":{"database":"(default)","namespace":"(default)"},"eventFilterPathPatterns":{"document":"businesses/{tenantId}/jobs/{jobId}"},"retry":false},"entryPoint":"onJobUpdated"},"checkStaleBays":{"availableMemoryMb":null,"timeoutSeconds":null,"minInstances":null,"maxInstances":null,"ingressSettings":null,"concurrency":null,"serviceAccountEmail":null,"vpc":null,"platform":"gcfv2","labels":{},"scheduleTrigger":{"schedule":"every 15 minutes","retryConfig":{"retryCount":null,"maxDoublings":null,"maxRetrySeconds":null,"minBackoffSeconds":null,"maxBackoffSeconds":null},"timeZone":null},"entryPoint":"checkStaleBays"},"onActivityFeedCreated":{"availableMemoryMb":null,"timeoutSeconds":null,"minInstances":null,"maxInstances":null,"ingressSettings":null,"concurrency":null,"serviceAccountEmail":null,"vpc":null,"platform":"gcfv2","labels":{},"eventTrigger":{"eventType":"google.cloud.firestore.document.v1.created","eventFilters":{"database":"(default)","namespace":"(default)"},"eventFilterPathPatterns":{"document":"businesses/{tenantId}/activity_feed/{feedId}"},"retry":false},"entryPoint":"onActivityFeedCreated"},"onJobTaskWritten":{"availableMemoryMb":null,"timeoutSeconds":null,"minInstances":null,"maxInstances":null,"ingressSettings":null,"concurrency":null,"serviceAccountEmail":null,"vpc":null,"platform":"gcfv2","labels":{},"eventTrigger":{"eventType":"google.cloud.firestore.document.v1.written","eventFilters":{"database":"(default)","namespace":"(default)"},"eventFilterPathPatterns":{"document":"businesses/{tenantId}/jobs/{jobId}/tasks/{taskId}"},"retry":false},"entryPoint":"onJobTaskWritten"},"onJobChatMessageWritten":{"availableMemoryMb":null,"timeoutSeconds":null,"minInstances":null,"maxInstances":null,"ingressSettings":null,"concurrency":null,"serviceAccountEmail":null,"vpc":null,"platform":"gcfv2","labels":{},"eventTrigger":{"eventType":"google.cloud.firestore.document.v1.written","eventFilters":{"database":"(default)","namespace":"(default)"},"eventFilterPathPatterns":{"document":"businesses/{tenantId}/jobs/{jobId}/chat_messages/{messageId}"},"retry":false},"entryPoint":"onJobChatMessageWritten"},"onJobActivityWritten":{"availableMemoryMb":null,"timeoutSeconds":null,"minInstances":null,"maxInstances":null,"ingressSettings":null,"concurrency":null,"serviceAccountEmail":null,"vpc":null,"platform":"gcfv2","labels":{},"eventTrigger":{"eventType":"google.cloud.firestore.document.v1.written","eventFilters":{"database":"(default)","namespace":"(default)"},"eventFilterPathPatterns":{"document":"businesses/{tenantId}/jobs/{jobId}/activity/{activityId}"},"retry":false},"entryPoint":"onJobActivityWritten"},"aggregateEfficiencyStats":{"platform":"gcfv1","availableMemoryMb":null,"timeoutSeconds":null,"minInstances":null,"maxInstances":null,"ingressSettings":null,"serviceAccountEmail":null,"vpc":null,"scheduleTrigger":{"schedule":"*/30 * * * *","retryConfig":{"retryCount":null,"maxDoublings":null,"maxRetryDuration":null,"maxBackoffDuration":null,"minBackoffDuration":null},"timeZone":null},"labels":{},"entryPoint":"aggregateEfficiencyStats"},"forceAggregateEfficiencyStats":{"platform":"gcfv1","labels":{},"availableMemoryMb":null,"timeoutSeconds":null,"minInstances":null,"maxInstances":null,"ingressSettings":null,"serviceAccountEmail":null,"vpc":null,"callableTrigger":{},"entryPoint":"forceAggregateEfficiencyStats"}},"specVersion":"v1alpha1","requiredAPIs":[{"api":"cloudscheduler.googleapis.com","reason":"Needed for scheduled functions."}]}
[debug] [2026-06-27T12:56:50.906Z] File C:\_Projects\upfittersos.com\apps\functions\src\routes\jobs.routes.ts changed, reloading triggers {"metadata":{"emulator":{"name":"functions"},"message":"File C:\\_Projects\\upfittersos.com\\apps\\functions\\src\\routes\\jobs.routes.ts changed, reloading triggers"}}
[info] +  functions: Loaded functions definitions from source: runOneTimeMigration, migrateZones, api, generateAutomatedReports, aggregateShopVitals, onMessageReceived, onAnnouncementCreated, onQbCustomerWrite, onQbJobWrite, onQbEmployeeWrite, onQbTimeTrackingWrite, syncStaffPermissions, onChatMessage, onZoneUpdated, onJobUpdated, checkStaleBays, onActivityFeedCreated, onJobTaskWritten, onJobChatMessageWritten, onJobActivityWritten, aggregateEfficiencyStats, forceAggregateEfficiencyStats. {"metadata":{"emulator":{"name":"functions"},"message":"Loaded functions definitions from source: runOneTimeMigration, migrateZones, api, generateAutomatedReports, aggregateShopVitals, onMessageReceived, onAnnouncementCreated, onQbCustomerWrite, onQbJobWrite, onQbEmployeeWrite, onQbTimeTrackingWrite, syncStaffPermissions, onChatMessage, onZoneUpdated, onJobUpdated, checkStaleBays, onActivityFeedCreated, onJobTaskWritten, onJobChatMessageWritten, onJobActivityWritten, aggregateEfficiencyStats, forceAggregateEfficiencyStats."}}
[debug] [2026-06-27T12:56:51.907Z] Validating nodejs source
[warn] !  functions: package.json indicates an outdated version of firebase-functions. Please upgrade using npm install --save firebase-functions@latest in your functions directory. 
[warn] !  functions: Please note that there will be breaking changes when you upgrade. 
[debug] [2026-06-27T12:56:52.874Z] > [functions] package.json contents: {
  "name": "saegroup-os-api",
  "version": "1.0.0",
  "description": "SAE Group OS REST API",
  "main": "lib/index.js",
  "scripts": {
    "build": "tsc && copy src\\swagger.yaml lib\\",
    "serve": "npm run build && firebase emulators:start --only functions",
    "shell": "npm run build && firebase functions:shell",
    "start": "npm run shell",
    "deploy": "firebase deploy --only functions",
    "logs": "firebase functions:log"
  },
  "engines": {
    "node": "20"
  },
  "dependencies": {
    "axios": "^1.14.0",
    "cors": "^2.8.5",
    "dotenv": "^16.4.5",
    "express": "^4.18.2",
    "firebase-admin": "^12.0.0",
    "firebase-functions": "^4.8.0",
    "googleapis": "^171.4.0",
    "swagger-ui-express": "^5.0.0",
    "xml2js": "^0.6.2",
    "yamljs": "^0.3.0"
  },
  "devDependencies": {
    "@types/cors": "^2.8.17",
    "@types/express": "^4.17.21",
    "@types/swagger-ui-express": "^4.1.6",
    "@types/xml2js": "^0.4.14",
    "@types/yamljs": "^0.2.34",
    "typescript": "^5.4.2"
  },
  "private": true
}
[debug] [2026-06-27T12:56:52.874Z] Building nodejs source
[debug] [2026-06-27T12:56:52.874Z] Failed to find version of module node: reached end of search path C:\_Projects\upfittersos.com\apps\functions\node_modules
[warn] !  functions: Your requested "node" version "20" doesn't match your global version "24". Using node@24 from host. 
[info] i  functions: Loaded environment variables from .env. 
[info] i  functions: You are using a version of firebase-functions SDK (4.9.0) that does not have support for the newest Firebase Extensions features. Please update firebase-functions SDK to >=5.1.0 to use them correctly 
[debug] [2026-06-27T12:56:52.876Z] Could not find functions.yaml. Must use http discovery
[debug] [2026-06-27T12:56:52.885Z] Found firebase-functions binary at 'C:\_Projects\upfittersos.com\node_modules\.bin\firebase-functions'
[info] Serving at port 8744

[debug] [2026-06-27T12:56:55.002Z] Got response from /__/functions.yaml {"endpoints":{"runOneTimeMigration":{"platform":"gcfv1","availableMemoryMb":null,"timeoutSeconds":null,"minInstances":null,"maxInstances":null,"ingressSettings":null,"serviceAccountEmail":null,"vpc":null,"httpsTrigger":{},"entryPoint":"runOneTimeMigration"},"migrateZones":{"platform":"gcfv1","availableMemoryMb":null,"timeoutSeconds":null,"minInstances":null,"maxInstances":null,"ingressSettings":null,"serviceAccountEmail":null,"vpc":null,"httpsTrigger":{},"entryPoint":"migrateZones"},"api":{"platform":"gcfv1","availableMemoryMb":null,"timeoutSeconds":null,"minInstances":null,"maxInstances":null,"ingressSettings":null,"serviceAccountEmail":null,"vpc":null,"httpsTrigger":{},"entryPoint":"api"},"generateAutomatedReports":{"platform":"gcfv1","availableMemoryMb":null,"timeoutSeconds":null,"minInstances":null,"maxInstances":null,"ingressSettings":null,"serviceAccountEmail":null,"vpc":null,"scheduleTrigger":{"schedule":"0 * * * *","retryConfig":{"retryCount":null,"maxDoublings":null,"maxRetryDuration":null,"maxBackoffDuration":null,"minBackoffDuration":null},"timeZone":null},"labels":{},"entryPoint":"generateAutomatedReports"},"aggregateShopVitals":{"platform":"gcfv1","availableMemoryMb":null,"timeoutSeconds":null,"minInstances":null,"maxInstances":null,"ingressSettings":null,"serviceAccountEmail":null,"vpc":null,"scheduleTrigger":{"schedule":"*/30 * * * *","retryConfig":{"retryCount":null,"maxDoublings":null,"maxRetryDuration":null,"maxBackoffDuration":null,"minBackoffDuration":null},"timeZone":null},"labels":{},"entryPoint":"aggregateShopVitals"},"onMessageReceived":{"availableMemoryMb":null,"timeoutSeconds":null,"minInstances":null,"maxInstances":null,"ingressSettings":null,"concurrency":null,"serviceAccountEmail":null,"vpc":null,"platform":"gcfv2","labels":{},"eventTrigger":{"eventType":"google.cloud.firestore.document.v1.created","eventFilters":{"database":"(default)","namespace":"(default)"},"eventFilterPathPatterns":{"document":"messages/{messageId}"},"retry":false},"entryPoint":"onMessageReceived"},"onAnnouncementCreated":{"availableMemoryMb":null,"timeoutSeconds":null,"minInstances":null,"maxInstances":null,"ingressSettings":null,"concurrency":null,"serviceAccountEmail":null,"vpc":null,"platform":"gcfv2","labels":{},"eventTrigger":{"eventType":"google.cloud.firestore.document.v1.created","eventFilters":{"database":"(default)","namespace":"(default)"},"eventFilterPathPatterns":{"document":"announcements/{announcementId}"},"retry":false},"entryPoint":"onAnnouncementCreated"},"onQbCustomerWrite":{"platform":"gcfv1","availableMemoryMb":null,"timeoutSeconds":null,"minInstances":null,"maxInstances":null,"ingressSettings":null,"serviceAccountEmail":null,"vpc":null,"eventTrigger":{"eventType":"providers/cloud.firestore/eventTypes/document.write","eventFilters":{"resource":"projects/saegroup-c6487/databases/(default)/documents/businesses/{tenantId}/qb_customers/{customerId}"},"retry":false},"labels":{},"entryPoint":"onQbCustomerWrite"},"onQbJobWrite":{"platform":"gcfv1","availableMemoryMb":null,"timeoutSeconds":null,"minInstances":null,"maxInstances":null,"ingressSettings":null,"serviceAccountEmail":null,"vpc":null,"eventTrigger":{"eventType":"providers/cloud.firestore/eventTypes/document.write","eventFilters":{"resource":"projects/saegroup-c6487/databases/(default)/documents/businesses/{tenantId}/qb_jobs/{jobId}"},"retry":false},"labels":{},"entryPoint":"onQbJobWrite"},"onQbEmployeeWrite":{"platform":"gcfv1","availableMemoryMb":null,"timeoutSeconds":null,"minInstances":null,"maxInstances":null,"ingressSettings":null,"serviceAccountEmail":null,"vpc":null,"eventTrigger":{"eventType":"providers/cloud.firestore/eventTypes/document.write","eventFilters":{"resource":"projects/saegroup-c6487/databases/(default)/documents/businesses/{tenantId}/qb_employees/{employeeId}"},"retry":false},"labels":{},"entryPoint":"onQbEmployeeWrite"},"onQbTimeTrackingWrite":{"platform":"gcfv1","availableMemoryMb":null,"timeoutSeconds":null,"minInstances":null,"maxInstances":null,"ingressSettings":null,"serviceAccountEmail":null,"vpc":null,"eventTrigger":{"eventType":"providers/cloud.firestore/eventTypes/document.write","eventFilters":{"resource":"projects/saegroup-c6487/databases/(default)/documents/businesses/{tenantId}/qb_time_tracking/{timeId}"},"retry":false},"labels":{},"entryPoint":"onQbTimeTrackingWrite"},"syncStaffPermissions":{"platform":"gcfv1","availableMemoryMb":null,"timeoutSeconds":null,"minInstances":null,"maxInstances":null,"ingressSettings":null,"serviceAccountEmail":null,"vpc":null,"eventTrigger":{"eventType":"providers/cloud.firestore/eventTypes/document.write","eventFilters":{"resource":"projects/saegroup-c6487/databases/(default)/documents/businesses/{tenantId}/staff/{staffId}"},"retry":false},"labels":{},"entryPoint":"syncStaffPermissions"},"onChatMessage":{"platform":"gcfv1","availableMemoryMb":null,"timeoutSeconds":null,"minInstances":null,"maxInstances":null,"ingressSettings":null,"serviceAccountEmail":null,"vpc":null,"eventTrigger":{"eventType":"providers/cloud.firestore/eventTypes/document.create","eventFilters":{"resource":"projects/saegroup-c6487/databases/(default)/documents/businesses/{tenantId}/jobs/{jobId}/chat_messages/{messageId}"},"retry":false},"labels":{},"entryPoint":"onChatMessage"},"onZoneUpdated":{"availableMemoryMb":null,"timeoutSeconds":null,"minInstances":null,"maxInstances":null,"ingressSettings":null,"concurrency":null,"serviceAccountEmail":null,"vpc":null,"platform":"gcfv2","labels":{},"eventTrigger":{"eventType":"google.cloud.firestore.document.v1.updated","eventFilters":{"database":"(default)","namespace":"(default)"},"eventFilterPathPatterns":{"document":"businesses/{tenantId}/zones/{zoneId}"},"retry":false},"entryPoint":"onZoneUpdated"},"onJobUpdated":{"availableMemoryMb":null,"timeoutSeconds":null,"minInstances":null,"maxInstances":null,"ingressSettings":null,"concurrency":null,"serviceAccountEmail":null,"vpc":null,"platform":"gcfv2","labels":{},"eventTrigger":{"eventType":"google.cloud.firestore.document.v1.updated","eventFilters":{"database":"(default)","namespace":"(default)"},"eventFilterPathPatterns":{"document":"businesses/{tenantId}/jobs/{jobId}"},"retry":false},"entryPoint":"onJobUpdated"},"checkStaleBays":{"availableMemoryMb":null,"timeoutSeconds":null,"minInstances":null,"maxInstances":null,"ingressSettings":null,"concurrency":null,"serviceAccountEmail":null,"vpc":null,"platform":"gcfv2","labels":{},"scheduleTrigger":{"schedule":"every 15 minutes","retryConfig":{"retryCount":null,"maxDoublings":null,"maxRetrySeconds":null,"minBackoffSeconds":null,"maxBackoffSeconds":null},"timeZone":null},"entryPoint":"checkStaleBays"},"onActivityFeedCreated":{"availableMemoryMb":null,"timeoutSeconds":null,"minInstances":null,"maxInstances":null,"ingressSettings":null,"concurrency":null,"serviceAccountEmail":null,"vpc":null,"platform":"gcfv2","labels":{},"eventTrigger":{"eventType":"google.cloud.firestore.document.v1.created","eventFilters":{"database":"(default)","namespace":"(default)"},"eventFilterPathPatterns":{"document":"businesses/{tenantId}/activity_feed/{feedId}"},"retry":false},"entryPoint":"onActivityFeedCreated"},"onJobTaskWritten":{"availableMemoryMb":null,"timeoutSeconds":null,"minInstances":null,"maxInstances":null,"ingressSettings":null,"concurrency":null,"serviceAccountEmail":null,"vpc":null,"platform":"gcfv2","labels":{},"eventTrigger":{"eventType":"google.cloud.firestore.document.v1.written","eventFilters":{"database":"(default)","namespace":"(default)"},"eventFilterPathPatterns":{"document":"businesses/{tenantId}/jobs/{jobId}/tasks/{taskId}"},"retry":false},"entryPoint":"onJobTaskWritten"},"onJobChatMessageWritten":{"availableMemoryMb":null,"timeoutSeconds":null,"minInstances":null,"maxInstances":null,"ingressSettings":null,"concurrency":null,"serviceAccountEmail":null,"vpc":null,"platform":"gcfv2","labels":{},"eventTrigger":{"eventType":"google.cloud.firestore.document.v1.written","eventFilters":{"database":"(default)","namespace":"(default)"},"eventFilterPathPatterns":{"document":"businesses/{tenantId}/jobs/{jobId}/chat_messages/{messageId}"},"retry":false},"entryPoint":"onJobChatMessageWritten"},"onJobActivityWritten":{"availableMemoryMb":null,"timeoutSeconds":null,"minInstances":null,"maxInstances":null,"ingressSettings":null,"concurrency":null,"serviceAccountEmail":null,"vpc":null,"platform":"gcfv2","labels":{},"eventTrigger":{"eventType":"google.cloud.firestore.document.v1.written","eventFilters":{"database":"(default)","namespace":"(default)"},"eventFilterPathPatterns":{"document":"businesses/{tenantId}/jobs/{jobId}/activity/{activityId}"},"retry":false},"entryPoint":"onJobActivityWritten"},"aggregateEfficiencyStats":{"platform":"gcfv1","availableMemoryMb":null,"timeoutSeconds":null,"minInstances":null,"maxInstances":null,"ingressSettings":null,"serviceAccountEmail":null,"vpc":null,"scheduleTrigger":{"schedule":"*/30 * * * *","retryConfig":{"retryCount":null,"maxDoublings":null,"maxRetryDuration":null,"maxBackoffDuration":null,"minBackoffDuration":null},"timeZone":null},"labels":{},"entryPoint":"aggregateEfficiencyStats"},"forceAggregateEfficiencyStats":{"platform":"gcfv1","labels":{},"availableMemoryMb":null,"timeoutSeconds":null,"minInstances":null,"maxInstances":null,"ingressSettings":null,"serviceAccountEmail":null,"vpc":null,"callableTrigger":{},"entryPoint":"forceAggregateEfficiencyStats"}},"specVersion":"v1alpha1","requiredAPIs":[{"api":"cloudscheduler.googleapis.com","reason":"Needed for scheduled functions."}]}
[info] +  functions: Loaded functions definitions from source: runOneTimeMigration, migrateZones, api, generateAutomatedReports, aggregateShopVitals, onMessageReceived, onAnnouncementCreated, onQbCustomerWrite, onQbJobWrite, onQbEmployeeWrite, onQbTimeTrackingWrite, syncStaffPermissions, onChatMessage, onZoneUpdated, onJobUpdated, checkStaleBays, onActivityFeedCreated, onJobTaskWritten, onJobChatMessageWritten, onJobActivityWritten, aggregateEfficiencyStats, forceAggregateEfficiencyStats. {"metadata":{"emulator":{"name":"functions"},"message":"Loaded functions definitions from source: runOneTimeMigration, migrateZones, api, generateAutomatedReports, aggregateShopVitals, onMessageReceived, onAnnouncementCreated, onQbCustomerWrite, onQbJobWrite, onQbEmployeeWrite, onQbTimeTrackingWrite, syncStaffPermissions, onChatMessage, onZoneUpdated, onJobUpdated, checkStaleBays, onActivityFeedCreated, onJobTaskWritten, onJobChatMessageWritten, onJobActivityWritten, aggregateEfficiencyStats, forceAggregateEfficiencyStats."}}
[debug] [2026-06-27T12:57:06.960Z] File C:\_Projects\upfittersos.com\apps\functions\lib\debug_queue.js.map changed, reloading triggers {"metadata":{"emulator":{"name":"functions"},"message":"File C:\\_Projects\\upfittersos.com\\apps\\functions\\lib\\debug_queue.js.map changed, reloading triggers"}}
[debug] [2026-06-27T12:57:06.961Z] File C:\_Projects\upfittersos.com\apps\functions\lib\debug_queue.js changed, reloading triggers {"metadata":{"emulator":{"name":"functions"},"message":"File C:\\_Projects\\upfittersos.com\\apps\\functions\\lib\\debug_queue.js changed, reloading triggers"}}
[debug] [2026-06-27T12:57:06.978Z] File C:\_Projects\upfittersos.com\apps\functions\lib\services\companyCam.service.js.map changed, reloading triggers {"metadata":{"emulator":{"name":"functions"},"message":"File C:\\_Projects\\upfittersos.com\\apps\\functions\\lib\\services\\companyCam.service.js.map changed, reloading triggers"}}
[debug] [2026-06-27T12:57:06.978Z] File C:\_Projects\upfittersos.com\apps\functions\lib\services\companyCam.service.js changed, reloading triggers {"metadata":{"emulator":{"name":"functions"},"message":"File C:\\_Projects\\upfittersos.com\\apps\\functions\\lib\\services\\companyCam.service.js changed, reloading triggers"}}
[debug] [2026-06-27T12:57:06.981Z] File C:\_Projects\upfittersos.com\apps\functions\lib\middleware\companyCamWebhook.js.map changed, reloading triggers {"metadata":{"emulator":{"name":"functions"},"message":"File C:\\_Projects\\upfittersos.com\\apps\\functions\\lib\\middleware\\companyCamWebhook.js.map changed, reloading triggers"}}
[debug] [2026-06-27T12:57:06.982Z] File C:\_Projects\upfittersos.com\apps\functions\lib\middleware\companyCamWebhook.js changed, reloading triggers {"metadata":{"emulator":{"name":"functions"},"message":"File C:\\_Projects\\upfittersos.com\\apps\\functions\\lib\\middleware\\companyCamWebhook.js changed, reloading triggers"}}
[debug] [2026-06-27T12:57:06.986Z] File C:\_Projects\upfittersos.com\apps\functions\lib\middleware\auth.middleware.js.map changed, reloading triggers {"metadata":{"emulator":{"name":"functions"},"message":"File C:\\_Projects\\upfittersos.com\\apps\\functions\\lib\\middleware\\auth.middleware.js.map changed, reloading triggers"}}
[debug] [2026-06-27T12:57:06.987Z] File C:\_Projects\upfittersos.com\apps\functions\lib\middleware\auth.middleware.js changed, reloading triggers {"metadata":{"emulator":{"name":"functions"},"message":"File C:\\_Projects\\upfittersos.com\\apps\\functions\\lib\\middleware\\auth.middleware.js changed, reloading triggers"}}
[debug] [2026-06-27T12:57:06.993Z] File C:\_Projects\upfittersos.com\apps\functions\lib\routes\companyCam.routes.js.map changed, reloading triggers {"metadata":{"emulator":{"name":"functions"},"message":"File C:\\_Projects\\upfittersos.com\\apps\\functions\\lib\\routes\\companyCam.routes.js.map changed, reloading triggers"}}
[debug] [2026-06-27T12:57:06.994Z] File C:\_Projects\upfittersos.com\apps\functions\lib\routes\companyCam.routes.js changed, reloading triggers {"metadata":{"emulator":{"name":"functions"},"message":"File C:\\_Projects\\upfittersos.com\\apps\\functions\\lib\\routes\\companyCam.routes.js changed, reloading triggers"}}
[debug] [2026-06-27T12:57:06.999Z] File C:\_Projects\upfittersos.com\apps\functions\lib\routes\scan.routes.js.map changed, reloading triggers {"metadata":{"emulator":{"name":"functions"},"message":"File C:\\_Projects\\upfittersos.com\\apps\\functions\\lib\\routes\\scan.routes.js.map changed, reloading triggers"}}
[debug] [2026-06-27T12:57:07.002Z] File C:\_Projects\upfittersos.com\apps\functions\lib\routes\scan.routes.js changed, reloading triggers {"metadata":{"emulator":{"name":"functions"},"message":"File C:\\_Projects\\upfittersos.com\\apps\\functions\\lib\\routes\\scan.routes.js changed, reloading triggers"}}
[debug] [2026-06-27T12:57:07.022Z] File C:\_Projects\upfittersos.com\apps\functions\lib\services\qbwc.service.js.map changed, reloading triggers {"metadata":{"emulator":{"name":"functions"},"message":"File C:\\_Projects\\upfittersos.com\\apps\\functions\\lib\\services\\qbwc.service.js.map changed, reloading triggers"}}
[debug] [2026-06-27T12:57:07.023Z] File C:\_Projects\upfittersos.com\apps\functions\lib\services\qbwc.service.js changed, reloading triggers {"metadata":{"emulator":{"name":"functions"},"message":"File C:\\_Projects\\upfittersos.com\\apps\\functions\\lib\\services\\qbwc.service.js changed, reloading triggers"}}
[debug] [2026-06-27T12:57:07.039Z] File C:\_Projects\upfittersos.com\apps\functions\lib\routes\qbwc.routes.js.map changed, reloading triggers {"metadata":{"emulator":{"name":"functions"},"message":"File C:\\_Projects\\upfittersos.com\\apps\\functions\\lib\\routes\\qbwc.routes.js.map changed, reloading triggers"}}
[debug] [2026-06-27T12:57:07.040Z] File C:\_Projects\upfittersos.com\apps\functions\lib\routes\qbwc.routes.js changed, reloading triggers {"metadata":{"emulator":{"name":"functions"},"message":"File C:\\_Projects\\upfittersos.com\\apps\\functions\\lib\\routes\\qbwc.routes.js changed, reloading triggers"}}
[debug] [2026-06-27T12:57:07.044Z] File C:\_Projects\upfittersos.com\apps\functions\lib\routes\units.routes.js.map changed, reloading triggers {"metadata":{"emulator":{"name":"functions"},"message":"File C:\\_Projects\\upfittersos.com\\apps\\functions\\lib\\routes\\units.routes.js.map changed, reloading triggers"}}
[debug] [2026-06-27T12:57:07.046Z] File C:\_Projects\upfittersos.com\apps\functions\lib\routes\units.routes.js changed, reloading triggers {"metadata":{"emulator":{"name":"functions"},"message":"File C:\\_Projects\\upfittersos.com\\apps\\functions\\lib\\routes\\units.routes.js changed, reloading triggers"}}
[debug] [2026-06-27T12:57:07.057Z] File C:\_Projects\upfittersos.com\apps\functions\lib\routes\inventory.routes.js.map changed, reloading triggers {"metadata":{"emulator":{"name":"functions"},"message":"File C:\\_Projects\\upfittersos.com\\apps\\functions\\lib\\routes\\inventory.routes.js.map changed, reloading triggers"}}
[debug] [2026-06-27T12:57:07.057Z] File C:\_Projects\upfittersos.com\apps\functions\lib\routes\inventory.routes.js changed, reloading triggers {"metadata":{"emulator":{"name":"functions"},"message":"File C:\\_Projects\\upfittersos.com\\apps\\functions\\lib\\routes\\inventory.routes.js changed, reloading triggers"}}
[debug] [2026-06-27T12:57:07.061Z] File C:\_Projects\upfittersos.com\apps\functions\lib\utils\permissions.js.map changed, reloading triggers {"metadata":{"emulator":{"name":"functions"},"message":"File C:\\_Projects\\upfittersos.com\\apps\\functions\\lib\\utils\\permissions.js.map changed, reloading triggers"}}
[debug] [2026-06-27T12:57:07.061Z] File C:\_Projects\upfittersos.com\apps\functions\lib\utils\permissions.js changed, reloading triggers {"metadata":{"emulator":{"name":"functions"},"message":"File C:\\_Projects\\upfittersos.com\\apps\\functions\\lib\\utils\\permissions.js changed, reloading triggers"}}
[debug] [2026-06-27T12:57:07.073Z] File C:\_Projects\upfittersos.com\apps\functions\lib\routes\tasks.routes.js.map changed, reloading triggers {"metadata":{"emulator":{"name":"functions"},"message":"File C:\\_Projects\\upfittersos.com\\apps\\functions\\lib\\routes\\tasks.routes.js.map changed, reloading triggers"}}
[debug] [2026-06-27T12:57:07.075Z] File C:\_Projects\upfittersos.com\apps\functions\lib\routes\tasks.routes.js changed, reloading triggers {"metadata":{"emulator":{"name":"functions"},"message":"File C:\\_Projects\\upfittersos.com\\apps\\functions\\lib\\routes\\tasks.routes.js changed, reloading triggers"}}
[debug] [2026-06-27T12:57:07.079Z] File C:\_Projects\upfittersos.com\apps\functions\lib\routes\task_templates.routes.js.map changed, reloading triggers {"metadata":{"emulator":{"name":"functions"},"message":"File C:\\_Projects\\upfittersos.com\\apps\\functions\\lib\\routes\\task_templates.routes.js.map changed, reloading triggers"}}
[debug] [2026-06-27T12:57:07.079Z] File C:\_Projects\upfittersos.com\apps\functions\lib\routes\task_templates.routes.js changed, reloading triggers {"metadata":{"emulator":{"name":"functions"},"message":"File C:\\_Projects\\upfittersos.com\\apps\\functions\\lib\\routes\\task_templates.routes.js changed, reloading triggers"}}
[debug] [2026-06-27T12:57:07.085Z] File C:\_Projects\upfittersos.com\apps\functions\lib\routes\customers.routes.js.map changed, reloading triggers {"metadata":{"emulator":{"name":"functions"},"message":"File C:\\_Projects\\upfittersos.com\\apps\\functions\\lib\\routes\\customers.routes.js.map changed, reloading triggers"}}
[debug] [2026-06-27T12:57:07.086Z] File C:\_Projects\upfittersos.com\apps\functions\lib\routes\customers.routes.js changed, reloading triggers {"metadata":{"emulator":{"name":"functions"},"message":"File C:\\_Projects\\upfittersos.com\\apps\\functions\\lib\\routes\\customers.routes.js changed, reloading triggers"}}
[debug] [2026-06-27T12:57:07.091Z] File C:\_Projects\upfittersos.com\apps\functions\lib\routes\vehicles.routes.js.map changed, reloading triggers {"metadata":{"emulator":{"name":"functions"},"message":"File C:\\_Projects\\upfittersos.com\\apps\\functions\\lib\\routes\\vehicles.routes.js.map changed, reloading triggers"}}
[debug] [2026-06-27T12:57:07.092Z] File C:\_Projects\upfittersos.com\apps\functions\lib\routes\vehicles.routes.js changed, reloading triggers {"metadata":{"emulator":{"name":"functions"},"message":"File C:\\_Projects\\upfittersos.com\\apps\\functions\\lib\\routes\\vehicles.routes.js changed, reloading triggers"}}
[debug] [2026-06-27T12:57:07.111Z] File C:\_Projects\upfittersos.com\apps\functions\lib\routes\jobs.routes.js.map changed, reloading triggers {"metadata":{"emulator":{"name":"functions"},"message":"File C:\\_Projects\\upfittersos.com\\apps\\functions\\lib\\routes\\jobs.routes.js.map changed, reloading triggers"}}
[debug] [2026-06-27T12:57:07.111Z] File C:\_Projects\upfittersos.com\apps\functions\lib\routes\jobs.routes.js changed, reloading triggers {"metadata":{"emulator":{"name":"functions"},"message":"File C:\\_Projects\\upfittersos.com\\apps\\functions\\lib\\routes\\jobs.routes.js changed, reloading triggers"}}
[debug] [2026-06-27T12:57:07.117Z] File C:\_Projects\upfittersos.com\apps\functions\lib\routes\areas.routes.js.map changed, reloading triggers {"metadata":{"emulator":{"name":"functions"},"message":"File C:\\_Projects\\upfittersos.com\\apps\\functions\\lib\\routes\\areas.routes.js.map changed, reloading triggers"}}
[debug] [2026-06-27T12:57:07.121Z] File C:\_Projects\upfittersos.com\apps\functions\lib\routes\areas.routes.js changed, reloading triggers {"metadata":{"emulator":{"name":"functions"},"message":"File C:\\_Projects\\upfittersos.com\\apps\\functions\\lib\\routes\\areas.routes.js changed, reloading triggers"}}
[debug] [2026-06-27T12:57:07.128Z] File C:\_Projects\upfittersos.com\apps\functions\lib\routes\time.routes.js.map changed, reloading triggers {"metadata":{"emulator":{"name":"functions"},"message":"File C:\\_Projects\\upfittersos.com\\apps\\functions\\lib\\routes\\time.routes.js.map changed, reloading triggers"}}
[debug] [2026-06-27T12:57:07.129Z] File C:\_Projects\upfittersos.com\apps\functions\lib\routes\time.routes.js changed, reloading triggers {"metadata":{"emulator":{"name":"functions"},"message":"File C:\\_Projects\\upfittersos.com\\apps\\functions\\lib\\routes\\time.routes.js changed, reloading triggers"}}
[debug] [2026-06-27T12:57:07.133Z] File C:\_Projects\upfittersos.com\apps\functions\lib\routes\purchase_orders.routes.js.map changed, reloading triggers {"metadata":{"emulator":{"name":"functions"},"message":"File C:\\_Projects\\upfittersos.com\\apps\\functions\\lib\\routes\\purchase_orders.routes.js.map changed, reloading triggers"}}
[debug] [2026-06-27T12:57:07.133Z] File C:\_Projects\upfittersos.com\apps\functions\lib\routes\purchase_orders.routes.js changed, reloading triggers {"metadata":{"emulator":{"name":"functions"},"message":"File C:\\_Projects\\upfittersos.com\\apps\\functions\\lib\\routes\\purchase_orders.routes.js changed, reloading triggers"}}
[debug] [2026-06-27T12:57:07.137Z] File C:\_Projects\upfittersos.com\apps\functions\lib\routes\deliveries.routes.js.map changed, reloading triggers {"metadata":{"emulator":{"name":"functions"},"message":"File C:\\_Projects\\upfittersos.com\\apps\\functions\\lib\\routes\\deliveries.routes.js.map changed, reloading triggers"}}
[debug] [2026-06-27T12:57:07.138Z] File C:\_Projects\upfittersos.com\apps\functions\lib\routes\deliveries.routes.js changed, reloading triggers {"metadata":{"emulator":{"name":"functions"},"message":"File C:\\_Projects\\upfittersos.com\\apps\\functions\\lib\\routes\\deliveries.routes.js changed, reloading triggers"}}
[debug] [2026-06-27T12:57:07.141Z] File C:\_Projects\upfittersos.com\apps\functions\lib\notifications.js.map changed, reloading triggers {"metadata":{"emulator":{"name":"functions"},"message":"File C:\\_Projects\\upfittersos.com\\apps\\functions\\lib\\notifications.js.map changed, reloading triggers"}}
[debug] [2026-06-27T12:57:07.142Z] File C:\_Projects\upfittersos.com\apps\functions\lib\notifications.js changed, reloading triggers {"metadata":{"emulator":{"name":"functions"},"message":"File C:\\_Projects\\upfittersos.com\\apps\\functions\\lib\\notifications.js changed, reloading triggers"}}
[debug] [2026-06-27T12:57:07.157Z] File C:\_Projects\upfittersos.com\apps\functions\lib\triggers\qbSync.js.map changed, reloading triggers {"metadata":{"emulator":{"name":"functions"},"message":"File C:\\_Projects\\upfittersos.com\\apps\\functions\\lib\\triggers\\qbSync.js.map changed, reloading triggers"}}
[debug] [2026-06-27T12:57:07.157Z] File C:\_Projects\upfittersos.com\apps\functions\lib\triggers\qbSync.js changed, reloading triggers {"metadata":{"emulator":{"name":"functions"},"message":"File C:\\_Projects\\upfittersos.com\\apps\\functions\\lib\\triggers\\qbSync.js changed, reloading triggers"}}
[debug] [2026-06-27T12:57:07.160Z] File C:\_Projects\upfittersos.com\apps\functions\lib\triggers\staffTriggers.js.map changed, reloading triggers {"metadata":{"emulator":{"name":"functions"},"message":"File C:\\_Projects\\upfittersos.com\\apps\\functions\\lib\\triggers\\staffTriggers.js.map changed, reloading triggers"}}
[debug] [2026-06-27T12:57:07.160Z] File C:\_Projects\upfittersos.com\apps\functions\lib\triggers\staffTriggers.js changed, reloading triggers {"metadata":{"emulator":{"name":"functions"},"message":"File C:\\_Projects\\upfittersos.com\\apps\\functions\\lib\\triggers\\staffTriggers.js changed, reloading triggers"}}
[debug] [2026-06-27T12:57:07.163Z] File C:\_Projects\upfittersos.com\apps\functions\lib\triggers\chatTriggers.js.map changed, reloading triggers {"metadata":{"emulator":{"name":"functions"},"message":"File C:\\_Projects\\upfittersos.com\\apps\\functions\\lib\\triggers\\chatTriggers.js.map changed, reloading triggers"}}
[debug] [2026-06-27T12:57:07.164Z] File C:\_Projects\upfittersos.com\apps\functions\lib\triggers\chatTriggers.js changed, reloading triggers {"metadata":{"emulator":{"name":"functions"},"message":"File C:\\_Projects\\upfittersos.com\\apps\\functions\\lib\\triggers\\chatTriggers.js changed, reloading triggers"}}
[debug] [2026-06-27T12:57:07.176Z] File C:\_Projects\upfittersos.com\apps\functions\lib\triggers\shopFloorTriggers.js.map changed, reloading triggers {"metadata":{"emulator":{"name":"functions"},"message":"File C:\\_Projects\\upfittersos.com\\apps\\functions\\lib\\triggers\\shopFloorTriggers.js.map changed, reloading triggers"}}
[debug] [2026-06-27T12:57:07.177Z] File C:\_Projects\upfittersos.com\apps\functions\lib\triggers\shopFloorTriggers.js changed, reloading triggers {"metadata":{"emulator":{"name":"functions"},"message":"File C:\\_Projects\\upfittersos.com\\apps\\functions\\lib\\triggers\\shopFloorTriggers.js changed, reloading triggers"}}
[debug] [2026-06-27T12:57:07.183Z] File C:\_Projects\upfittersos.com\apps\functions\lib\reports\efficiencyCron.js.map changed, reloading triggers {"metadata":{"emulator":{"name":"functions"},"message":"File C:\\_Projects\\upfittersos.com\\apps\\functions\\lib\\reports\\efficiencyCron.js.map changed, reloading triggers"}}
[debug] [2026-06-27T12:57:07.184Z] File C:\_Projects\upfittersos.com\apps\functions\lib\reports\efficiencyCron.js changed, reloading triggers {"metadata":{"emulator":{"name":"functions"},"message":"File C:\\_Projects\\upfittersos.com\\apps\\functions\\lib\\reports\\efficiencyCron.js changed, reloading triggers"}}
[debug] [2026-06-27T12:57:07.186Z] File C:\_Projects\upfittersos.com\apps\functions\lib\reports\mailer.js.map changed, reloading triggers {"metadata":{"emulator":{"name":"functions"},"message":"File C:\\_Projects\\upfittersos.com\\apps\\functions\\lib\\reports\\mailer.js.map changed, reloading triggers"}}
[debug] [2026-06-27T12:57:07.186Z] File C:\_Projects\upfittersos.com\apps\functions\lib\reports\mailer.js changed, reloading triggers {"metadata":{"emulator":{"name":"functions"},"message":"File C:\\_Projects\\upfittersos.com\\apps\\functions\\lib\\reports\\mailer.js changed, reloading triggers"}}
[debug] [2026-06-27T12:57:07.190Z] File C:\_Projects\upfittersos.com\apps\functions\lib\reports\engine.js.map changed, reloading triggers {"metadata":{"emulator":{"name":"functions"},"message":"File C:\\_Projects\\upfittersos.com\\apps\\functions\\lib\\reports\\engine.js.map changed, reloading triggers"}}
[debug] [2026-06-27T12:57:07.191Z] File C:\_Projects\upfittersos.com\apps\functions\lib\reports\engine.js changed, reloading triggers {"metadata":{"emulator":{"name":"functions"},"message":"File C:\\_Projects\\upfittersos.com\\apps\\functions\\lib\\reports\\engine.js changed, reloading triggers"}}
[debug] [2026-06-27T12:57:07.193Z] File C:\_Projects\upfittersos.com\apps\functions\lib\metrics\vitalsCron.js.map changed, reloading triggers {"metadata":{"emulator":{"name":"functions"},"message":"File C:\\_Projects\\upfittersos.com\\apps\\functions\\lib\\metrics\\vitalsCron.js.map changed, reloading triggers"}}
[debug] [2026-06-27T12:57:07.193Z] File C:\_Projects\upfittersos.com\apps\functions\lib\metrics\vitalsCron.js changed, reloading triggers {"metadata":{"emulator":{"name":"functions"},"message":"File C:\\_Projects\\upfittersos.com\\apps\\functions\\lib\\metrics\\vitalsCron.js changed, reloading triggers"}}
[debug] [2026-06-27T12:57:07.219Z] File C:\_Projects\upfittersos.com\apps\functions\lib\index.js.map changed, reloading triggers {"metadata":{"emulator":{"name":"functions"},"message":"File C:\\_Projects\\upfittersos.com\\apps\\functions\\lib\\index.js.map changed, reloading triggers"}}
[debug] [2026-06-27T12:57:07.220Z] File C:\_Projects\upfittersos.com\apps\functions\lib\index.js changed, reloading triggers {"metadata":{"emulator":{"name":"functions"},"message":"File C:\\_Projects\\upfittersos.com\\apps\\functions\\lib\\index.js changed, reloading triggers"}}
[debug] [2026-06-27T12:57:07.224Z] File C:\_Projects\upfittersos.com\apps\functions\lib\qbwc_local_server.js.map changed, reloading triggers {"metadata":{"emulator":{"name":"functions"},"message":"File C:\\_Projects\\upfittersos.com\\apps\\functions\\lib\\qbwc_local_server.js.map changed, reloading triggers"}}
[debug] [2026-06-27T12:57:07.224Z] File C:\_Projects\upfittersos.com\apps\functions\lib\qbwc_local_server.js changed, reloading triggers {"metadata":{"emulator":{"name":"functions"},"message":"File C:\\_Projects\\upfittersos.com\\apps\\functions\\lib\\qbwc_local_server.js changed, reloading triggers"}}
[debug] [2026-06-27T12:57:07.225Z] File C:\_Projects\upfittersos.com\apps\functions\lib\scripts\migrate_feedback.js.map changed, reloading triggers {"metadata":{"emulator":{"name":"functions"},"message":"File C:\\_Projects\\upfittersos.com\\apps\\functions\\lib\\scripts\\migrate_feedback.js.map changed, reloading triggers"}}
[debug] [2026-06-27T12:57:07.227Z] File C:\_Projects\upfittersos.com\apps\functions\lib\scripts\migrate_feedback.js changed, reloading triggers {"metadata":{"emulator":{"name":"functions"},"message":"File C:\\_Projects\\upfittersos.com\\apps\\functions\\lib\\scripts\\migrate_feedback.js changed, reloading triggers"}}
[debug] [2026-06-27T12:57:07.228Z] File C:\_Projects\upfittersos.com\apps\functions\lib\scripts\migrate_jobs_defaults.js.map changed, reloading triggers {"metadata":{"emulator":{"name":"functions"},"message":"File C:\\_Projects\\upfittersos.com\\apps\\functions\\lib\\scripts\\migrate_jobs_defaults.js.map changed, reloading triggers"}}
[debug] [2026-06-27T12:57:07.229Z] File C:\_Projects\upfittersos.com\apps\functions\lib\scripts\migrate_jobs_defaults.js changed, reloading triggers {"metadata":{"emulator":{"name":"functions"},"message":"File C:\\_Projects\\upfittersos.com\\apps\\functions\\lib\\scripts\\migrate_jobs_defaults.js changed, reloading triggers"}}
[debug] [2026-06-27T12:57:07.389Z] File C:\_Projects\upfittersos.com\apps\functions\lib\swagger.yaml changed, reloading triggers {"metadata":{"emulator":{"name":"functions"},"message":"File C:\\_Projects\\upfittersos.com\\apps\\functions\\lib\\swagger.yaml changed, reloading triggers"}}
[debug] [2026-06-27T12:57:08.396Z] Validating nodejs source
[warn] !  functions: package.json indicates an outdated version of firebase-functions. Please upgrade using npm install --save firebase-functions@latest in your functions directory. 
[warn] !  functions: Please note that there will be breaking changes when you upgrade. 
[debug] [2026-06-27T12:57:09.355Z] > [functions] package.json contents: {
  "name": "saegroup-os-api",
  "version": "1.0.0",
  "description": "SAE Group OS REST API",
  "main": "lib/index.js",
  "scripts": {
    "build": "tsc && copy src\\swagger.yaml lib\\",
    "serve": "npm run build && firebase emulators:start --only functions",
    "shell": "npm run build && firebase functions:shell",
    "start": "npm run shell",
    "deploy": "firebase deploy --only functions",
    "logs": "firebase functions:log"
  },
  "engines": {
    "node": "20"
  },
  "dependencies": {
    "axios": "^1.14.0",
    "cors": "^2.8.5",
    "dotenv": "^16.4.5",
    "express": "^4.18.2",
    "firebase-admin": "^12.0.0",
    "firebase-functions": "^4.8.0",
    "googleapis": "^171.4.0",
    "swagger-ui-express": "^5.0.0",
    "xml2js": "^0.6.2",
    "yamljs": "^0.3.0"
  },
  "devDependencies": {
    "@types/cors": "^2.8.17",
    "@types/express": "^4.17.21",
    "@types/swagger-ui-express": "^4.1.6",
    "@types/xml2js": "^0.4.14",
    "@types/yamljs": "^0.2.34",
    "typescript": "^5.4.2"
  },
  "private": true
}
[debug] [2026-06-27T12:57:09.356Z] Building nodejs source
[debug] [2026-06-27T12:57:09.356Z] Failed to find version of module node: reached end of search path C:\_Projects\upfittersos.com\apps\functions\node_modules
[warn] !  functions: Your requested "node" version "20" doesn't match your global version "24". Using node@24 from host. 
[info] i  functions: Loaded environment variables from .env. 
[info] i  functions: You are using a version of firebase-functions SDK (4.9.0) that does not have support for the newest Firebase Extensions features. Please update firebase-functions SDK to >=5.1.0 to use them correctly 
[debug] [2026-06-27T12:57:09.357Z] Could not find functions.yaml. Must use http discovery
[debug] [2026-06-27T12:57:09.365Z] Found firebase-functions binary at 'C:\_Projects\upfittersos.com\node_modules\.bin\firebase-functions'
[info] Serving at port 8231

[debug] [2026-06-27T12:57:11.376Z] Got response from /__/functions.yaml {"endpoints":{"runOneTimeMigration":{"platform":"gcfv1","availableMemoryMb":null,"timeoutSeconds":null,"minInstances":null,"maxInstances":null,"ingressSettings":null,"serviceAccountEmail":null,"vpc":null,"httpsTrigger":{},"entryPoint":"runOneTimeMigration"},"migrateZones":{"platform":"gcfv1","availableMemoryMb":null,"timeoutSeconds":null,"minInstances":null,"maxInstances":null,"ingressSettings":null,"serviceAccountEmail":null,"vpc":null,"httpsTrigger":{},"entryPoint":"migrateZones"},"api":{"platform":"gcfv1","availableMemoryMb":null,"timeoutSeconds":null,"minInstances":null,"maxInstances":null,"ingressSettings":null,"serviceAccountEmail":null,"vpc":null,"httpsTrigger":{},"entryPoint":"api"},"generateAutomatedReports":{"platform":"gcfv1","availableMemoryMb":null,"timeoutSeconds":null,"minInstances":null,"maxInstances":null,"ingressSettings":null,"serviceAccountEmail":null,"vpc":null,"scheduleTrigger":{"schedule":"0 * * * *","retryConfig":{"retryCount":null,"maxDoublings":null,"maxRetryDuration":null,"maxBackoffDuration":null,"minBackoffDuration":null},"timeZone":null},"labels":{},"entryPoint":"generateAutomatedReports"},"aggregateShopVitals":{"platform":"gcfv1","availableMemoryMb":null,"timeoutSeconds":null,"minInstances":null,"maxInstances":null,"ingressSettings":null,"serviceAccountEmail":null,"vpc":null,"scheduleTrigger":{"schedule":"*/30 * * * *","retryConfig":{"retryCount":null,"maxDoublings":null,"maxRetryDuration":null,"maxBackoffDuration":null,"minBackoffDuration":null},"timeZone":null},"labels":{},"entryPoint":"aggregateShopVitals"},"onMessageReceived":{"availableMemoryMb":null,"timeoutSeconds":null,"minInstances":null,"maxInstances":null,"ingressSettings":null,"concurrency":null,"serviceAccountEmail":null,"vpc":null,"platform":"gcfv2","labels":{},"eventTrigger":{"eventType":"google.cloud.firestore.document.v1.created","eventFilters":{"database":"(default)","namespace":"(default)"},"eventFilterPathPatterns":{"document":"messages/{messageId}"},"retry":false},"entryPoint":"onMessageReceived"},"onAnnouncementCreated":{"availableMemoryMb":null,"timeoutSeconds":null,"minInstances":null,"maxInstances":null,"ingressSettings":null,"concurrency":null,"serviceAccountEmail":null,"vpc":null,"platform":"gcfv2","labels":{},"eventTrigger":{"eventType":"google.cloud.firestore.document.v1.created","eventFilters":{"database":"(default)","namespace":"(default)"},"eventFilterPathPatterns":{"document":"announcements/{announcementId}"},"retry":false},"entryPoint":"onAnnouncementCreated"},"onQbCustomerWrite":{"platform":"gcfv1","availableMemoryMb":null,"timeoutSeconds":null,"minInstances":null,"maxInstances":null,"ingressSettings":null,"serviceAccountEmail":null,"vpc":null,"eventTrigger":{"eventType":"providers/cloud.firestore/eventTypes/document.write","eventFilters":{"resource":"projects/saegroup-c6487/databases/(default)/documents/businesses/{tenantId}/qb_customers/{customerId}"},"retry":false},"labels":{},"entryPoint":"onQbCustomerWrite"},"onQbJobWrite":{"platform":"gcfv1","availableMemoryMb":null,"timeoutSeconds":null,"minInstances":null,"maxInstances":null,"ingressSettings":null,"serviceAccountEmail":null,"vpc":null,"eventTrigger":{"eventType":"providers/cloud.firestore/eventTypes/document.write","eventFilters":{"resource":"projects/saegroup-c6487/databases/(default)/documents/businesses/{tenantId}/qb_jobs/{jobId}"},"retry":false},"labels":{},"entryPoint":"onQbJobWrite"},"onQbEmployeeWrite":{"platform":"gcfv1","availableMemoryMb":null,"timeoutSeconds":null,"minInstances":null,"maxInstances":null,"ingressSettings":null,"serviceAccountEmail":null,"vpc":null,"eventTrigger":{"eventType":"providers/cloud.firestore/eventTypes/document.write","eventFilters":{"resource":"projects/saegroup-c6487/databases/(default)/documents/businesses/{tenantId}/qb_employees/{employeeId}"},"retry":false},"labels":{},"entryPoint":"onQbEmployeeWrite"},"onQbTimeTrackingWrite":{"platform":"gcfv1","availableMemoryMb":null,"timeoutSeconds":null,"minInstances":null,"maxInstances":null,"ingressSettings":null,"serviceAccountEmail":null,"vpc":null,"eventTrigger":{"eventType":"providers/cloud.firestore/eventTypes/document.write","eventFilters":{"resource":"projects/saegroup-c6487/databases/(default)/documents/businesses/{tenantId}/qb_time_tracking/{timeId}"},"retry":false},"labels":{},"entryPoint":"onQbTimeTrackingWrite"},"syncStaffPermissions":{"platform":"gcfv1","availableMemoryMb":null,"timeoutSeconds":null,"minInstances":null,"maxInstances":null,"ingressSettings":null,"serviceAccountEmail":null,"vpc":null,"eventTrigger":{"eventType":"providers/cloud.firestore/eventTypes/document.write","eventFilters":{"resource":"projects/saegroup-c6487/databases/(default)/documents/businesses/{tenantId}/staff/{staffId}"},"retry":false},"labels":{},"entryPoint":"syncStaffPermissions"},"onChatMessage":{"platform":"gcfv1","availableMemoryMb":null,"timeoutSeconds":null,"minInstances":null,"maxInstances":null,"ingressSettings":null,"serviceAccountEmail":null,"vpc":null,"eventTrigger":{"eventType":"providers/cloud.firestore/eventTypes/document.create","eventFilters":{"resource":"projects/saegroup-c6487/databases/(default)/documents/businesses/{tenantId}/jobs/{jobId}/chat_messages/{messageId}"},"retry":false},"labels":{},"entryPoint":"onChatMessage"},"onZoneUpdated":{"availableMemoryMb":null,"timeoutSeconds":null,"minInstances":null,"maxInstances":null,"ingressSettings":null,"concurrency":null,"serviceAccountEmail":null,"vpc":null,"platform":"gcfv2","labels":{},"eventTrigger":{"eventType":"google.cloud.firestore.document.v1.updated","eventFilters":{"database":"(default)","namespace":"(default)"},"eventFilterPathPatterns":{"document":"businesses/{tenantId}/zones/{zoneId}"},"retry":false},"entryPoint":"onZoneUpdated"},"onJobUpdated":{"availableMemoryMb":null,"timeoutSeconds":null,"minInstances":null,"maxInstances":null,"ingressSettings":null,"concurrency":null,"serviceAccountEmail":null,"vpc":null,"platform":"gcfv2","labels":{},"eventTrigger":{"eventType":"google.cloud.firestore.document.v1.updated","eventFilters":{"database":"(default)","namespace":"(default)"},"eventFilterPathPatterns":{"document":"businesses/{tenantId}/jobs/{jobId}"},"retry":false},"entryPoint":"onJobUpdated"},"checkStaleBays":{"availableMemoryMb":null,"timeoutSeconds":null,"minInstances":null,"maxInstances":null,"ingressSettings":null,"concurrency":null,"serviceAccountEmail":null,"vpc":null,"platform":"gcfv2","labels":{},"scheduleTrigger":{"schedule":"every 15 minutes","retryConfig":{"retryCount":null,"maxDoublings":null,"maxRetrySeconds":null,"minBackoffSeconds":null,"maxBackoffSeconds":null},"timeZone":null},"entryPoint":"checkStaleBays"},"onActivityFeedCreated":{"availableMemoryMb":null,"timeoutSeconds":null,"minInstances":null,"maxInstances":null,"ingressSettings":null,"concurrency":null,"serviceAccountEmail":null,"vpc":null,"platform":"gcfv2","labels":{},"eventTrigger":{"eventType":"google.cloud.firestore.document.v1.created","eventFilters":{"database":"(default)","namespace":"(default)"},"eventFilterPathPatterns":{"document":"businesses/{tenantId}/activity_feed/{feedId}"},"retry":false},"entryPoint":"onActivityFeedCreated"},"onJobTaskWritten":{"availableMemoryMb":null,"timeoutSeconds":null,"minInstances":null,"maxInstances":null,"ingressSettings":null,"concurrency":null,"serviceAccountEmail":null,"vpc":null,"platform":"gcfv2","labels":{},"eventTrigger":{"eventType":"google.cloud.firestore.document.v1.written","eventFilters":{"database":"(default)","namespace":"(default)"},"eventFilterPathPatterns":{"document":"businesses/{tenantId}/jobs/{jobId}/tasks/{taskId}"},"retry":false},"entryPoint":"onJobTaskWritten"},"onJobChatMessageWritten":{"availableMemoryMb":null,"timeoutSeconds":null,"minInstances":null,"maxInstances":null,"ingressSettings":null,"concurrency":null,"serviceAccountEmail":null,"vpc":null,"platform":"gcfv2","labels":{},"eventTrigger":{"eventType":"google.cloud.firestore.document.v1.written","eventFilters":{"database":"(default)","namespace":"(default)"},"eventFilterPathPatterns":{"document":"businesses/{tenantId}/jobs/{jobId}/chat_messages/{messageId}"},"retry":false},"entryPoint":"onJobChatMessageWritten"},"onJobActivityWritten":{"availableMemoryMb":null,"timeoutSeconds":null,"minInstances":null,"maxInstances":null,"ingressSettings":null,"concurrency":null,"serviceAccountEmail":null,"vpc":null,"platform":"gcfv2","labels":{},"eventTrigger":{"eventType":"google.cloud.firestore.document.v1.written","eventFilters":{"database":"(default)","namespace":"(default)"},"eventFilterPathPatterns":{"document":"businesses/{tenantId}/jobs/{jobId}/activity/{activityId}"},"retry":false},"entryPoint":"onJobActivityWritten"},"aggregateEfficiencyStats":{"platform":"gcfv1","availableMemoryMb":null,"timeoutSeconds":null,"minInstances":null,"maxInstances":null,"ingressSettings":null,"serviceAccountEmail":null,"vpc":null,"scheduleTrigger":{"schedule":"*/30 * * * *","retryConfig":{"retryCount":null,"maxDoublings":null,"maxRetryDuration":null,"maxBackoffDuration":null,"minBackoffDuration":null},"timeZone":null},"labels":{},"entryPoint":"aggregateEfficiencyStats"},"forceAggregateEfficiencyStats":{"platform":"gcfv1","labels":{},"availableMemoryMb":null,"timeoutSeconds":null,"minInstances":null,"maxInstances":null,"ingressSettings":null,"serviceAccountEmail":null,"vpc":null,"callableTrigger":{},"entryPoint":"forceAggregateEfficiencyStats"}},"specVersion":"v1alpha1","requiredAPIs":[{"api":"cloudscheduler.googleapis.com","reason":"Needed for scheduled functions."}]}
[info] +  functions: Loaded functions definitions from source: runOneTimeMigration, migrateZones, api, generateAutomatedReports, aggregateShopVitals, onMessageReceived, onAnnouncementCreated, onQbCustomerWrite, onQbJobWrite, onQbEmployeeWrite, onQbTimeTrackingWrite, syncStaffPermissions, onChatMessage, onZoneUpdated, onJobUpdated, checkStaleBays, onActivityFeedCreated, onJobTaskWritten, onJobChatMessageWritten, onJobActivityWritten, aggregateEfficiencyStats, forceAggregateEfficiencyStats. {"metadata":{"emulator":{"name":"functions"},"message":"Loaded functions definitions from source: runOneTimeMigration, migrateZones, api, generateAutomatedReports, aggregateShopVitals, onMessageReceived, onAnnouncementCreated, onQbCustomerWrite, onQbJobWrite, onQbEmployeeWrite, onQbTimeTrackingWrite, syncStaffPermissions, onChatMessage, onZoneUpdated, onJobUpdated, checkStaleBays, onActivityFeedCreated, onJobTaskWritten, onJobChatMessageWritten, onJobActivityWritten, aggregateEfficiencyStats, forceAggregateEfficiencyStats."}}
[debug] [2026-06-27T13:19:13.516Z] [work-queue] {"queuedWork":["/saegroup-c6487/us-central1/api/jobs/H9Wl6ariiHRIVnmNm0DM/companycam-photos-2026-06-27T13:19:13.516Z"],"queueLength":1,"runningWork":[],"workRunningCount":0}
[debug] [2026-06-27T13:19:13.516Z] [work-queue] {"queuedWork":[],"queueLength":0,"runningWork":["/saegroup-c6487/us-central1/api/jobs/H9Wl6ariiHRIVnmNm0DM/companycam-photos-2026-06-27T13:19:13.516Z"],"workRunningCount":1}
[debug] [2026-06-27T13:19:13.516Z] Accepted request OPTIONS /saegroup-c6487/us-central1/api/jobs/H9Wl6ariiHRIVnmNm0DM/companycam-photos --> us-central1-api
[debug] [2026-06-27T13:19:13.518Z] [functions] Runtime ready! Sending request! {"metadata":{"emulator":{"name":"functions"},"message":"[functions] Runtime ready! Sending request!"}}
[debug] [2026-06-27T13:19:13.518Z] [functions] Got req.url=/saegroup-c6487/us-central1/api/jobs/H9Wl6ariiHRIVnmNm0DM/companycam-photos, mapping to path=/jobs/H9Wl6ariiHRIVnmNm0DM/companycam-photos {"metadata":{"emulator":{"name":"functions"},"message":"[functions] Got req.url=/saegroup-c6487/us-central1/api/jobs/H9Wl6ariiHRIVnmNm0DM/companycam-photos, mapping to path=/jobs/H9Wl6ariiHRIVnmNm0DM/companycam-photos"}}
[debug] [2026-06-27T13:19:13.518Z] [worker-pool] Cleaned up workers for us-central1-api: 1 --> 0 {"metadata":{"emulator":{"name":"functions"},"message":"[worker-pool] Cleaned up workers for us-central1-api: 1 --> 0"}}
[info] i  functions: Loaded environment variables from .env. 
[debug] [2026-06-27T13:19:13.528Z] [worker-pool] addWorker(us-central1-api) {"metadata":{"emulator":{"name":"functions"},"message":"[worker-pool] addWorker(us-central1-api)"}}
[debug] [2026-06-27T13:19:13.528Z] [worker-pool] Adding worker with key us-central1-api, total=1 {"metadata":{"emulator":{"name":"functions"},"message":"[worker-pool] Adding worker with key us-central1-api, total=1"}}
[debug] [2026-06-27T13:19:14.660Z] [runtime-status] [25652] Resolved module firebase-admin {"declared":true,"installed":true,"version":"12.7.0","resolution":"C:\\_Projects\\upfittersos.com\\node_modules\\firebase-admin\\lib\\index.js"} {"metadata":{"emulator":{"name":"functions"},"function":{"name":"us-central1-api"},"extension":{},"message":"[runtime-status] [25652] Resolved module firebase-admin {\"declared\":true,\"installed\":true,\"version\":\"12.7.0\",\"resolution\":\"C:\\\\_Projects\\\\upfittersos.com\\\\node_modules\\\\firebase-admin\\\\lib\\\\index.js\"}"}}
[debug] [2026-06-27T13:19:14.661Z] [runtime-status] [25652] Resolved module firebase-functions {"declared":true,"installed":true,"version":"4.9.0","resolution":"C:\\_Projects\\upfittersos.com\\node_modules\\firebase-functions\\lib\\v1\\index.js"} {"metadata":{"emulator":{"name":"functions"},"function":{"name":"us-central1-api"},"extension":{},"message":"[runtime-status] [25652] Resolved module firebase-functions {\"declared\":true,\"installed\":true,\"version\":\"4.9.0\",\"resolution\":\"C:\\\\_Projects\\\\upfittersos.com\\\\node_modules\\\\firebase-functions\\\\lib\\\\v1\\\\index.js\"}"}}
[debug] [2026-06-27T13:19:14.661Z] [runtime-status] [25652] Outgoing network have been stubbed. [{"name":"http","status":"mocked"},{"name":"http","status":"mocked"},{"name":"https","status":"mocked"},{"name":"https","status":"mocked"},{"name":"net","status":"mocked"}] {"metadata":{"emulator":{"name":"functions"},"function":{"name":"us-central1-api"},"extension":{},"message":"[runtime-status] [25652] Outgoing network have been stubbed. [{\"name\":\"http\",\"status\":\"mocked\"},{\"name\":\"http\",\"status\":\"mocked\"},{\"name\":\"https\",\"status\":\"mocked\"},{\"name\":\"https\",\"status\":\"mocked\"},{\"name\":\"net\",\"status\":\"mocked\"}]"}}
[debug] [2026-06-27T13:19:14.662Z] [runtime-status] [25652] Resolved module firebase-functions {"declared":true,"installed":true,"version":"4.9.0","resolution":"C:\\_Projects\\upfittersos.com\\node_modules\\firebase-functions\\lib\\v1\\index.js"} {"metadata":{"emulator":{"name":"functions"},"function":{"name":"us-central1-api"},"extension":{},"message":"[runtime-status] [25652] Resolved module firebase-functions {\"declared\":true,\"installed\":true,\"version\":\"4.9.0\",\"resolution\":\"C:\\\\_Projects\\\\upfittersos.com\\\\node_modules\\\\firebase-functions\\\\lib\\\\v1\\\\index.js\"}"}}
[debug] [2026-06-27T13:19:14.845Z] [runtime-status] [25652] Resolved module firebase-admin {"declared":true,"installed":true,"version":"12.7.0","resolution":"C:\\_Projects\\upfittersos.com\\node_modules\\firebase-admin\\lib\\index.js"} {"metadata":{"emulator":{"name":"functions"},"function":{"name":"us-central1-api"},"extension":{},"message":"[runtime-status] [25652] Resolved module firebase-admin {\"declared\":true,\"installed\":true,\"version\":\"12.7.0\",\"resolution\":\"C:\\\\_Projects\\\\upfittersos.com\\\\node_modules\\\\firebase-admin\\\\lib\\\\index.js\"}"}}
[debug] [2026-06-27T13:19:14.847Z] [runtime-status] [25652] Resolved module firebase-functions {"declared":true,"installed":true,"version":"4.9.0","resolution":"C:\\_Projects\\upfittersos.com\\node_modules\\firebase-functions\\lib\\v1\\index.js"} {"metadata":{"emulator":{"name":"functions"},"function":{"name":"us-central1-api"},"extension":{},"message":"[runtime-status] [25652] Resolved module firebase-functions {\"declared\":true,\"installed\":true,\"version\":\"4.9.0\",\"resolution\":\"C:\\\\_Projects\\\\upfittersos.com\\\\node_modules\\\\firebase-functions\\\\lib\\\\v1\\\\index.js\"}"}}
[debug] [2026-06-27T13:19:14.995Z] [runtime-status] [25652] firebase-admin has been stubbed. {"adminResolution":{"declared":true,"installed":true,"version":"12.7.0","resolution":"C:\\_Projects\\upfittersos.com\\node_modules\\firebase-admin\\lib\\index.js"}} {"metadata":{"emulator":{"name":"functions"},"function":{"name":"us-central1-api"},"extension":{},"message":"[runtime-status] [25652] firebase-admin has been stubbed. {\"adminResolution\":{\"declared\":true,\"installed\":true,\"version\":\"12.7.0\",\"resolution\":\"C:\\\\_Projects\\\\upfittersos.com\\\\node_modules\\\\firebase-admin\\\\lib\\\\index.js\"}}"}}
[debug] [2026-06-27T13:19:15.217Z] [runtime-status] [25652] initializeApp(DEFAULT) {"storageBucket":"saegroup-c6487.firebasestorage.app","projectId":"saegroup-c6487"} {"metadata":{"emulator":{"name":"functions"},"function":{"name":"us-central1-api"},"extension":{},"message":"[runtime-status] [25652] initializeApp(DEFAULT) {\"storageBucket\":\"saegroup-c6487.firebasestorage.app\",\"projectId\":\"saegroup-c6487\"}"}}
[debug] [2026-06-27T13:19:16.525Z] [runtime-status] [25652] Functions runtime initialized. {"cwd":"C:\\_Projects\\upfittersos.com\\apps\\functions","node_version":"24.13.0"} {"metadata":{"emulator":{"name":"functions"},"function":{"name":"us-central1-api"},"extension":{},"message":"[runtime-status] [25652] Functions runtime initialized. {\"cwd\":\"C:\\\\_Projects\\\\upfittersos.com\\\\apps\\\\functions\",\"node_version\":\"24.13.0\"}"}}
[debug] [2026-06-27T13:19:16.526Z] [runtime-status] [25652] Listening to port: \\?\pipe\fire_emu_96124497f110ab48 {"metadata":{"emulator":{"name":"functions"},"function":{"name":"us-central1-api"},"extension":{},"message":"[runtime-status] [25652] Listening to port: \\\\?\\pipe\\fire_emu_96124497f110ab48"}}
[debug] [2026-06-27T13:19:16.604Z] [worker-us-central1-api-290ca4c0-1fcb-4578-ae32-29b4b92066f8]: IDLE {"metadata":{"emulator":{"name":"functions"},"function":{"name":"us-central1-api"},"extension":{},"message":"[worker-us-central1-api-290ca4c0-1fcb-4578-ae32-29b4b92066f8]: IDLE"}}
[debug] [2026-06-27T13:19:16.604Z] [worker-pool] submitRequest(triggerId=us-central1-api) {"metadata":{"emulator":{"name":"functions"},"message":"[worker-pool] submitRequest(triggerId=us-central1-api)"}}
[info] i  functions: Beginning execution of "us-central1-api" {"metadata":{"emulator":{"name":"functions"},"function":{"name":"us-central1-api"},"extension":{},"message":"Beginning execution of \"us-central1-api\""}}
[debug] [2026-06-27T13:19:16.604Z] [worker-us-central1-api-290ca4c0-1fcb-4578-ae32-29b4b92066f8]: BUSY {"metadata":{"emulator":{"name":"functions"},"function":{"name":"us-central1-api"},"extension":{},"message":"[worker-us-central1-api-290ca4c0-1fcb-4578-ae32-29b4b92066f8]: BUSY"}}
[debug] [2026-06-27T13:19:16.607Z] Finishing up request with event=pause {"metadata":{"emulator":{"name":"functions"},"function":{"name":"us-central1-api"},"extension":{},"message":"Finishing up request with event=pause"}}
[info] i  functions: Finished "us-central1-api" in 3.5293ms {"metadata":{"emulator":{"name":"functions"},"function":{"name":"us-central1-api"},"extension":{},"message":"Finished \"us-central1-api\" in 3.5293ms"}}
[debug] [2026-06-27T13:19:16.608Z] [worker-us-central1-api-290ca4c0-1fcb-4578-ae32-29b4b92066f8]: IDLE {"metadata":{"emulator":{"name":"functions"},"function":{"name":"us-central1-api"},"extension":{},"message":"[worker-us-central1-api-290ca4c0-1fcb-4578-ae32-29b4b92066f8]: IDLE"}}
[debug] [2026-06-27T13:19:16.608Z] Finishing up request with event=finish {"metadata":{"emulator":{"name":"functions"},"function":{"name":"us-central1-api"},"extension":{},"message":"Finishing up request with event=finish"}}
[debug] [2026-06-27T13:19:16.608Z] Finishing up request with event=close {"metadata":{"emulator":{"name":"functions"},"function":{"name":"us-central1-api"},"extension":{},"message":"Finishing up request with event=close"}}
[debug] [2026-06-27T13:19:16.608Z] [work-queue] {"queuedWork":[],"queueLength":0,"runningWork":[],"workRunningCount":0}
[debug] [2026-06-27T13:19:16.609Z] [work-queue] {"queuedWork":["/saegroup-c6487/us-central1/api/jobs/H9Wl6ariiHRIVnmNm0DM/companycam-photos-2026-06-27T13:19:16.609Z"],"queueLength":1,"runningWork":[],"workRunningCount":0}
[debug] [2026-06-27T13:19:16.609Z] [work-queue] {"queuedWork":[],"queueLength":0,"runningWork":["/saegroup-c6487/us-central1/api/jobs/H9Wl6ariiHRIVnmNm0DM/companycam-photos-2026-06-27T13:19:16.609Z"],"workRunningCount":1}
[debug] [2026-06-27T13:19:16.609Z] Accepted request GET /saegroup-c6487/us-central1/api/jobs/H9Wl6ariiHRIVnmNm0DM/companycam-photos --> us-central1-api
[debug] [2026-06-27T13:19:16.610Z] [functions] Runtime ready! Sending request! {"metadata":{"emulator":{"name":"functions"},"message":"[functions] Runtime ready! Sending request!"}}
[debug] [2026-06-27T13:19:16.610Z] [functions] Got req.url=/saegroup-c6487/us-central1/api/jobs/H9Wl6ariiHRIVnmNm0DM/companycam-photos, mapping to path=/jobs/H9Wl6ariiHRIVnmNm0DM/companycam-photos {"metadata":{"emulator":{"name":"functions"},"message":"[functions] Got req.url=/saegroup-c6487/us-central1/api/jobs/H9Wl6ariiHRIVnmNm0DM/companycam-photos, mapping to path=/jobs/H9Wl6ariiHRIVnmNm0DM/companycam-photos"}}
[debug] [2026-06-27T13:19:16.610Z] [worker-pool] submitRequest(triggerId=us-central1-api) {"metadata":{"emulator":{"name":"functions"},"message":"[worker-pool] submitRequest(triggerId=us-central1-api)"}}
[info] i  functions: Beginning execution of "us-central1-api" {"metadata":{"emulator":{"name":"functions"},"function":{"name":"us-central1-api"},"extension":{},"message":"Beginning execution of \"us-central1-api\""}}
[debug] [2026-06-27T13:19:16.610Z] [worker-us-central1-api-290ca4c0-1fcb-4578-ae32-29b4b92066f8]: BUSY {"metadata":{"emulator":{"name":"functions"},"function":{"name":"us-central1-api"},"extension":{},"message":"[worker-us-central1-api-290ca4c0-1fcb-4578-ae32-29b4b92066f8]: BUSY"}}
[warn] !  Google API requested!
   - URL: "https://oauth2.googleapis.com/token"
   - Be careful, this may be a production service. {"metadata":{"emulator":{"name":"functions"},"function":{"name":"us-central1-api"},"extension":{},"message":"Google API requested!\n   - URL: \"https://oauth2.googleapis.com/token\"\n   - Be careful, this may be a production service."}}
[debug] [2026-06-27T13:19:18.358Z] Finishing up request with event=pause {"metadata":{"emulator":{"name":"functions"},"function":{"name":"us-central1-api"},"extension":{},"message":"Finishing up request with event=pause"}}
[info] i  functions: Finished "us-central1-api" in 1748.0145ms {"metadata":{"emulator":{"name":"functions"},"function":{"name":"us-central1-api"},"extension":{},"message":"Finished \"us-central1-api\" in 1748.0145ms"}}
[debug] [2026-06-27T13:19:18.359Z] [worker-us-central1-api-290ca4c0-1fcb-4578-ae32-29b4b92066f8]: IDLE {"metadata":{"emulator":{"name":"functions"},"function":{"name":"us-central1-api"},"extension":{},"message":"[worker-us-central1-api-290ca4c0-1fcb-4578-ae32-29b4b92066f8]: IDLE"}}
[debug] [2026-06-27T13:19:18.359Z] [work-queue] {"queuedWork":[],"queueLength":0,"runningWork":[],"workRunningCount":0}
[debug] [2026-06-27T13:19:18.359Z] Finishing up request with event=pause {"metadata":{"emulator":{"name":"functions"},"function":{"name":"us-central1-api"},"extension":{},"message":"Finishing up request with event=pause"}}
[debug] [2026-06-27T13:19:18.359Z] Finishing up request with event=pause {"metadata":{"emulator":{"name":"functions"},"function":{"name":"us-central1-api"},"extension":{},"message":"Finishing up request with event=pause"}}
[debug] [2026-06-27T13:19:18.359Z] Finishing up request with event=finish {"metadata":{"emulator":{"name":"functions"},"function":{"name":"us-central1-api"},"extension":{},"message":"Finishing up request with event=finish"}}
[debug] [2026-06-27T13:19:18.359Z] Finishing up request with event=close {"metadata":{"emulator":{"name":"functions"},"function":{"name":"us-central1-api"},"extension":{},"message":"Finishing up request with event=close"}}
[debug] [2026-06-27T13:26:36.918Z] File C:\_Projects\upfittersos.com\apps\functions\check_qbwc_status.js changed, reloading triggers {"metadata":{"emulator":{"name":"functions"},"message":"File C:\\_Projects\\upfittersos.com\\apps\\functions\\check_qbwc_status.js changed, reloading triggers"}}
[debug] [2026-06-27T13:26:37.928Z] Validating nodejs source
[warn] !  functions: package.json indicates an outdated version of firebase-functions. Please upgrade using npm install --save firebase-functions@latest in your functions directory. 
[warn] !  functions: Please note that there will be breaking changes when you upgrade. 
[debug] [2026-06-27T13:26:38.928Z] > [functions] package.json contents: {
  "name": "saegroup-os-api",
  "version": "1.0.0",
  "description": "SAE Group OS REST API",
  "main": "lib/index.js",
  "scripts": {
    "build": "tsc && copy src\\swagger.yaml lib\\",
    "serve": "npm run build && firebase emulators:start --only functions",
    "shell": "npm run build && firebase functions:shell",
    "start": "npm run shell",
    "deploy": "firebase deploy --only functions",
    "logs": "firebase functions:log"
  },
  "engines": {
    "node": "20"
  },
  "dependencies": {
    "axios": "^1.14.0",
    "cors": "^2.8.5",
    "dotenv": "^16.4.5",
    "express": "^4.18.2",
    "firebase-admin": "^12.0.0",
    "firebase-functions": "^4.8.0",
    "googleapis": "^171.4.0",
    "swagger-ui-express": "^5.0.0",
    "xml2js": "^0.6.2",
    "yamljs": "^0.3.0"
  },
  "devDependencies": {
    "@types/cors": "^2.8.17",
    "@types/express": "^4.17.21",
    "@types/swagger-ui-express": "^4.1.6",
    "@types/xml2js": "^0.4.14",
    "@types/yamljs": "^0.2.34",
    "typescript": "^5.4.2"
  },
  "private": true
}
[debug] [2026-06-27T13:26:38.928Z] Building nodejs source
[debug] [2026-06-27T13:26:38.928Z] Failed to find version of module node: reached end of search path C:\_Projects\upfittersos.com\apps\functions\node_modules
[warn] !  functions: Your requested "node" version "20" doesn't match your global version "24". Using node@24 from host. 
[info] i  functions: Loaded environment variables from .env. 
[info] i  functions: You are using a version of firebase-functions SDK (4.9.0) that does not have support for the newest Firebase Extensions features. Please update firebase-functions SDK to >=5.1.0 to use them correctly 
[debug] [2026-06-27T13:26:38.930Z] Could not find functions.yaml. Must use http discovery
[debug] [2026-06-27T13:26:38.939Z] Found firebase-functions binary at 'C:\_Projects\upfittersos.com\node_modules\.bin\firebase-functions'
[info] Serving at port 8820

[debug] [2026-06-27T13:26:40.975Z] Got response from /__/functions.yaml {"endpoints":{"runOneTimeMigration":{"platform":"gcfv1","availableMemoryMb":null,"timeoutSeconds":null,"minInstances":null,"maxInstances":null,"ingressSettings":null,"serviceAccountEmail":null,"vpc":null,"httpsTrigger":{},"entryPoint":"runOneTimeMigration"},"migrateZones":{"platform":"gcfv1","availableMemoryMb":null,"timeoutSeconds":null,"minInstances":null,"maxInstances":null,"ingressSettings":null,"serviceAccountEmail":null,"vpc":null,"httpsTrigger":{},"entryPoint":"migrateZones"},"api":{"platform":"gcfv1","availableMemoryMb":null,"timeoutSeconds":null,"minInstances":null,"maxInstances":null,"ingressSettings":null,"serviceAccountEmail":null,"vpc":null,"httpsTrigger":{},"entryPoint":"api"},"generateAutomatedReports":{"platform":"gcfv1","availableMemoryMb":null,"timeoutSeconds":null,"minInstances":null,"maxInstances":null,"ingressSettings":null,"serviceAccountEmail":null,"vpc":null,"scheduleTrigger":{"schedule":"0 * * * *","retryConfig":{"retryCount":null,"maxDoublings":null,"maxRetryDuration":null,"maxBackoffDuration":null,"minBackoffDuration":null},"timeZone":null},"labels":{},"entryPoint":"generateAutomatedReports"},"aggregateShopVitals":{"platform":"gcfv1","availableMemoryMb":null,"timeoutSeconds":null,"minInstances":null,"maxInstances":null,"ingressSettings":null,"serviceAccountEmail":null,"vpc":null,"scheduleTrigger":{"schedule":"*/30 * * * *","retryConfig":{"retryCount":null,"maxDoublings":null,"maxRetryDuration":null,"maxBackoffDuration":null,"minBackoffDuration":null},"timeZone":null},"labels":{},"entryPoint":"aggregateShopVitals"},"onMessageReceived":{"availableMemoryMb":null,"timeoutSeconds":null,"minInstances":null,"maxInstances":null,"ingressSettings":null,"concurrency":null,"serviceAccountEmail":null,"vpc":null,"platform":"gcfv2","labels":{},"eventTrigger":{"eventType":"google.cloud.firestore.document.v1.created","eventFilters":{"database":"(default)","namespace":"(default)"},"eventFilterPathPatterns":{"document":"messages/{messageId}"},"retry":false},"entryPoint":"onMessageReceived"},"onAnnouncementCreated":{"availableMemoryMb":null,"timeoutSeconds":null,"minInstances":null,"maxInstances":null,"ingressSettings":null,"concurrency":null,"serviceAccountEmail":null,"vpc":null,"platform":"gcfv2","labels":{},"eventTrigger":{"eventType":"google.cloud.firestore.document.v1.created","eventFilters":{"database":"(default)","namespace":"(default)"},"eventFilterPathPatterns":{"document":"announcements/{announcementId}"},"retry":false},"entryPoint":"onAnnouncementCreated"},"onQbCustomerWrite":{"platform":"gcfv1","availableMemoryMb":null,"timeoutSeconds":null,"minInstances":null,"maxInstances":null,"ingressSettings":null,"serviceAccountEmail":null,"vpc":null,"eventTrigger":{"eventType":"providers/cloud.firestore/eventTypes/document.write","eventFilters":{"resource":"projects/saegroup-c6487/databases/(default)/documents/businesses/{tenantId}/qb_customers/{customerId}"},"retry":false},"labels":{},"entryPoint":"onQbCustomerWrite"},"onQbJobWrite":{"platform":"gcfv1","availableMemoryMb":null,"timeoutSeconds":null,"minInstances":null,"maxInstances":null,"ingressSettings":null,"serviceAccountEmail":null,"vpc":null,"eventTrigger":{"eventType":"providers/cloud.firestore/eventTypes/document.write","eventFilters":{"resource":"projects/saegroup-c6487/databases/(default)/documents/businesses/{tenantId}/qb_jobs/{jobId}"},"retry":false},"labels":{},"entryPoint":"onQbJobWrite"},"onQbEmployeeWrite":{"platform":"gcfv1","availableMemoryMb":null,"timeoutSeconds":null,"minInstances":null,"maxInstances":null,"ingressSettings":null,"serviceAccountEmail":null,"vpc":null,"eventTrigger":{"eventType":"providers/cloud.firestore/eventTypes/document.write","eventFilters":{"resource":"projects/saegroup-c6487/databases/(default)/documents/businesses/{tenantId}/qb_employees/{employeeId}"},"retry":false},"labels":{},"entryPoint":"onQbEmployeeWrite"},"onQbTimeTrackingWrite":{"platform":"gcfv1","availableMemoryMb":null,"timeoutSeconds":null,"minInstances":null,"maxInstances":null,"ingressSettings":null,"serviceAccountEmail":null,"vpc":null,"eventTrigger":{"eventType":"providers/cloud.firestore/eventTypes/document.write","eventFilters":{"resource":"projects/saegroup-c6487/databases/(default)/documents/businesses/{tenantId}/qb_time_tracking/{timeId}"},"retry":false},"labels":{},"entryPoint":"onQbTimeTrackingWrite"},"syncStaffPermissions":{"platform":"gcfv1","availableMemoryMb":null,"timeoutSeconds":null,"minInstances":null,"maxInstances":null,"ingressSettings":null,"serviceAccountEmail":null,"vpc":null,"eventTrigger":{"eventType":"providers/cloud.firestore/eventTypes/document.write","eventFilters":{"resource":"projects/saegroup-c6487/databases/(default)/documents/businesses/{tenantId}/staff/{staffId}"},"retry":false},"labels":{},"entryPoint":"syncStaffPermissions"},"onChatMessage":{"platform":"gcfv1","availableMemoryMb":null,"timeoutSeconds":null,"minInstances":null,"maxInstances":null,"ingressSettings":null,"serviceAccountEmail":null,"vpc":null,"eventTrigger":{"eventType":"providers/cloud.firestore/eventTypes/document.create","eventFilters":{"resource":"projects/saegroup-c6487/databases/(default)/documents/businesses/{tenantId}/jobs/{jobId}/chat_messages/{messageId}"},"retry":false},"labels":{},"entryPoint":"onChatMessage"},"onZoneUpdated":{"availableMemoryMb":null,"timeoutSeconds":null,"minInstances":null,"maxInstances":null,"ingressSettings":null,"concurrency":null,"serviceAccountEmail":null,"vpc":null,"platform":"gcfv2","labels":{},"eventTrigger":{"eventType":"google.cloud.firestore.document.v1.updated","eventFilters":{"database":"(default)","namespace":"(default)"},"eventFilterPathPatterns":{"document":"businesses/{tenantId}/zones/{zoneId}"},"retry":false},"entryPoint":"onZoneUpdated"},"onJobUpdated":{"availableMemoryMb":null,"timeoutSeconds":null,"minInstances":null,"maxInstances":null,"ingressSettings":null,"concurrency":null,"serviceAccountEmail":null,"vpc":null,"platform":"gcfv2","labels":{},"eventTrigger":{"eventType":"google.cloud.firestore.document.v1.updated","eventFilters":{"database":"(default)","namespace":"(default)"},"eventFilterPathPatterns":{"document":"businesses/{tenantId}/jobs/{jobId}"},"retry":false},"entryPoint":"onJobUpdated"},"checkStaleBays":{"availableMemoryMb":null,"timeoutSeconds":null,"minInstances":null,"maxInstances":null,"ingressSettings":null,"concurrency":null,"serviceAccountEmail":null,"vpc":null,"platform":"gcfv2","labels":{},"scheduleTrigger":{"schedule":"every 15 minutes","retryConfig":{"retryCount":null,"maxDoublings":null,"maxRetrySeconds":null,"minBackoffSeconds":null,"maxBackoffSeconds":null},"timeZone":null},"entryPoint":"checkStaleBays"},"onActivityFeedCreated":{"availableMemoryMb":null,"timeoutSeconds":null,"minInstances":null,"maxInstances":null,"ingressSettings":null,"concurrency":null,"serviceAccountEmail":null,"vpc":null,"platform":"gcfv2","labels":{},"eventTrigger":{"eventType":"google.cloud.firestore.document.v1.created","eventFilters":{"database":"(default)","namespace":"(default)"},"eventFilterPathPatterns":{"document":"businesses/{tenantId}/activity_feed/{feedId}"},"retry":false},"entryPoint":"onActivityFeedCreated"},"onJobTaskWritten":{"availableMemoryMb":null,"timeoutSeconds":null,"minInstances":null,"maxInstances":null,"ingressSettings":null,"concurrency":null,"serviceAccountEmail":null,"vpc":null,"platform":"gcfv2","labels":{},"eventTrigger":{"eventType":"google.cloud.firestore.document.v1.written","eventFilters":{"database":"(default)","namespace":"(default)"},"eventFilterPathPatterns":{"document":"businesses/{tenantId}/jobs/{jobId}/tasks/{taskId}"},"retry":false},"entryPoint":"onJobTaskWritten"},"onJobChatMessageWritten":{"availableMemoryMb":null,"timeoutSeconds":null,"minInstances":null,"maxInstances":null,"ingressSettings":null,"concurrency":null,"serviceAccountEmail":null,"vpc":null,"platform":"gcfv2","labels":{},"eventTrigger":{"eventType":"google.cloud.firestore.document.v1.written","eventFilters":{"database":"(default)","namespace":"(default)"},"eventFilterPathPatterns":{"document":"businesses/{tenantId}/jobs/{jobId}/chat_messages/{messageId}"},"retry":false},"entryPoint":"onJobChatMessageWritten"},"onJobActivityWritten":{"availableMemoryMb":null,"timeoutSeconds":null,"minInstances":null,"maxInstances":null,"ingressSettings":null,"concurrency":null,"serviceAccountEmail":null,"vpc":null,"platform":"gcfv2","labels":{},"eventTrigger":{"eventType":"google.cloud.firestore.document.v1.written","eventFilters":{"database":"(default)","namespace":"(default)"},"eventFilterPathPatterns":{"document":"businesses/{tenantId}/jobs/{jobId}/activity/{activityId}"},"retry":false},"entryPoint":"onJobActivityWritten"},"aggregateEfficiencyStats":{"platform":"gcfv1","availableMemoryMb":null,"timeoutSeconds":null,"minInstances":null,"maxInstances":null,"ingressSettings":null,"serviceAccountEmail":null,"vpc":null,"scheduleTrigger":{"schedule":"*/30 * * * *","retryConfig":{"retryCount":null,"maxDoublings":null,"maxRetryDuration":null,"maxBackoffDuration":null,"minBackoffDuration":null},"timeZone":null},"labels":{},"entryPoint":"aggregateEfficiencyStats"},"forceAggregateEfficiencyStats":{"platform":"gcfv1","labels":{},"availableMemoryMb":null,"timeoutSeconds":null,"minInstances":null,"maxInstances":null,"ingressSettings":null,"serviceAccountEmail":null,"vpc":null,"callableTrigger":{},"entryPoint":"forceAggregateEfficiencyStats"}},"specVersion":"v1alpha1","requiredAPIs":[{"api":"cloudscheduler.googleapis.com","reason":"Needed for scheduled functions."}]}
[debug] [2026-06-27T13:26:43.355Z] File C:\_Projects\upfittersos.com\apps\functions\check_qbwc_status.js changed, reloading triggers {"metadata":{"emulator":{"name":"functions"},"message":"File C:\\_Projects\\upfittersos.com\\apps\\functions\\check_qbwc_status.js changed, reloading triggers"}}
[debug] [2026-06-27T13:26:44.357Z] Validating nodejs source
[warn] !  functions: package.json indicates an outdated version of firebase-functions. Please upgrade using npm install --save firebase-functions@latest in your functions directory. 
[warn] !  functions: Please note that there will be breaking changes when you upgrade. 
[debug] [2026-06-27T13:26:45.774Z] > [functions] package.json contents: {
  "name": "saegroup-os-api",
  "version": "1.0.0",
  "description": "SAE Group OS REST API",
  "main": "lib/index.js",
  "scripts": {
    "build": "tsc && copy src\\swagger.yaml lib\\",
    "serve": "npm run build && firebase emulators:start --only functions",
    "shell": "npm run build && firebase functions:shell",
    "start": "npm run shell",
    "deploy": "firebase deploy --only functions",
    "logs": "firebase functions:log"
  },
  "engines": {
    "node": "20"
  },
  "dependencies": {
    "axios": "^1.14.0",
    "cors": "^2.8.5",
    "dotenv": "^16.4.5",
    "express": "^4.18.2",
    "firebase-admin": "^12.0.0",
    "firebase-functions": "^4.8.0",
    "googleapis": "^171.4.0",
    "swagger-ui-express": "^5.0.0",
    "xml2js": "^0.6.2",
    "yamljs": "^0.3.0"
  },
  "devDependencies": {
    "@types/cors": "^2.8.17",
    "@types/express": "^4.17.21",
    "@types/swagger-ui-express": "^4.1.6",
    "@types/xml2js": "^0.4.14",
    "@types/yamljs": "^0.2.34",
    "typescript": "^5.4.2"
  },
  "private": true
}
[debug] [2026-06-27T13:26:45.775Z] Building nodejs source
[debug] [2026-06-27T13:26:45.775Z] Failed to find version of module node: reached end of search path C:\_Projects\upfittersos.com\apps\functions\node_modules
[warn] !  functions: Your requested "node" version "20" doesn't match your global version "24". Using node@24 from host. 
[info] i  functions: Loaded environment variables from .env. 
[info] i  functions: You are using a version of firebase-functions SDK (4.9.0) that does not have support for the newest Firebase Extensions features. Please update firebase-functions SDK to >=5.1.0 to use them correctly 
[debug] [2026-06-27T13:26:45.776Z] Could not find functions.yaml. Must use http discovery
[debug] [2026-06-27T13:26:45.785Z] Found firebase-functions binary at 'C:\_Projects\upfittersos.com\node_modules\.bin\firebase-functions'
[info] +  functions: Loaded functions definitions from source: runOneTimeMigration, migrateZones, api, generateAutomatedReports, aggregateShopVitals, onMessageReceived, onAnnouncementCreated, onQbCustomerWrite, onQbJobWrite, onQbEmployeeWrite, onQbTimeTrackingWrite, syncStaffPermissions, onChatMessage, onZoneUpdated, onJobUpdated, checkStaleBays, onActivityFeedCreated, onJobTaskWritten, onJobChatMessageWritten, onJobActivityWritten, aggregateEfficiencyStats, forceAggregateEfficiencyStats. {"metadata":{"emulator":{"name":"functions"},"message":"Loaded functions definitions from source: runOneTimeMigration, migrateZones, api, generateAutomatedReports, aggregateShopVitals, onMessageReceived, onAnnouncementCreated, onQbCustomerWrite, onQbJobWrite, onQbEmployeeWrite, onQbTimeTrackingWrite, syncStaffPermissions, onChatMessage, onZoneUpdated, onJobUpdated, checkStaleBays, onActivityFeedCreated, onJobTaskWritten, onJobChatMessageWritten, onJobActivityWritten, aggregateEfficiencyStats, forceAggregateEfficiencyStats."}}
[debug] [2026-06-27T13:26:45.814Z] [worker-pool] Shutting down IDLE worker (us-central1-api) {"metadata":{"emulator":{"name":"functions"},"message":"[worker-pool] Shutting down IDLE worker (us-central1-api)"}}
[debug] [2026-06-27T13:26:45.814Z] [worker-us-central1-api-290ca4c0-1fcb-4578-ae32-29b4b92066f8]: FINISHING {"metadata":{"emulator":{"name":"functions"},"function":{"name":"us-central1-api"},"extension":{},"message":"[worker-us-central1-api-290ca4c0-1fcb-4578-ae32-29b4b92066f8]: FINISHING"}}
[debug] [2026-06-27T13:26:45.836Z] [worker-us-central1-api-290ca4c0-1fcb-4578-ae32-29b4b92066f8]: exited {"metadata":{"emulator":{"name":"functions"},"function":{"name":"us-central1-api"},"extension":{},"message":"[worker-us-central1-api-290ca4c0-1fcb-4578-ae32-29b4b92066f8]: exited"}}
[debug] [2026-06-27T13:26:45.836Z] [worker-us-central1-api-290ca4c0-1fcb-4578-ae32-29b4b92066f8]: FINISHED {"metadata":{"emulator":{"name":"functions"},"function":{"name":"us-central1-api"},"extension":{},"message":"[worker-us-central1-api-290ca4c0-1fcb-4578-ae32-29b4b92066f8]: FINISHED"}}
[info] Serving at port 8709

[debug] [2026-06-27T13:26:48.112Z] Got response from /__/functions.yaml {"endpoints":{"runOneTimeMigration":{"platform":"gcfv1","availableMemoryMb":null,"timeoutSeconds":null,"minInstances":null,"maxInstances":null,"ingressSettings":null,"serviceAccountEmail":null,"vpc":null,"httpsTrigger":{},"entryPoint":"runOneTimeMigration"},"migrateZones":{"platform":"gcfv1","availableMemoryMb":null,"timeoutSeconds":null,"minInstances":null,"maxInstances":null,"ingressSettings":null,"serviceAccountEmail":null,"vpc":null,"httpsTrigger":{},"entryPoint":"migrateZones"},"api":{"platform":"gcfv1","availableMemoryMb":null,"timeoutSeconds":null,"minInstances":null,"maxInstances":null,"ingressSettings":null,"serviceAccountEmail":null,"vpc":null,"httpsTrigger":{},"entryPoint":"api"},"generateAutomatedReports":{"platform":"gcfv1","availableMemoryMb":null,"timeoutSeconds":null,"minInstances":null,"maxInstances":null,"ingressSettings":null,"serviceAccountEmail":null,"vpc":null,"scheduleTrigger":{"schedule":"0 * * * *","retryConfig":{"retryCount":null,"maxDoublings":null,"maxRetryDuration":null,"maxBackoffDuration":null,"minBackoffDuration":null},"timeZone":null},"labels":{},"entryPoint":"generateAutomatedReports"},"aggregateShopVitals":{"platform":"gcfv1","availableMemoryMb":null,"timeoutSeconds":null,"minInstances":null,"maxInstances":null,"ingressSettings":null,"serviceAccountEmail":null,"vpc":null,"scheduleTrigger":{"schedule":"*/30 * * * *","retryConfig":{"retryCount":null,"maxDoublings":null,"maxRetryDuration":null,"maxBackoffDuration":null,"minBackoffDuration":null},"timeZone":null},"labels":{},"entryPoint":"aggregateShopVitals"},"onMessageReceived":{"availableMemoryMb":null,"timeoutSeconds":null,"minInstances":null,"maxInstances":null,"ingressSettings":null,"concurrency":null,"serviceAccountEmail":null,"vpc":null,"platform":"gcfv2","labels":{},"eventTrigger":{"eventType":"google.cloud.firestore.document.v1.created","eventFilters":{"database":"(default)","namespace":"(default)"},"eventFilterPathPatterns":{"document":"messages/{messageId}"},"retry":false},"entryPoint":"onMessageReceived"},"onAnnouncementCreated":{"availableMemoryMb":null,"timeoutSeconds":null,"minInstances":null,"maxInstances":null,"ingressSettings":null,"concurrency":null,"serviceAccountEmail":null,"vpc":null,"platform":"gcfv2","labels":{},"eventTrigger":{"eventType":"google.cloud.firestore.document.v1.created","eventFilters":{"database":"(default)","namespace":"(default)"},"eventFilterPathPatterns":{"document":"announcements/{announcementId}"},"retry":false},"entryPoint":"onAnnouncementCreated"},"onQbCustomerWrite":{"platform":"gcfv1","availableMemoryMb":null,"timeoutSeconds":null,"minInstances":null,"maxInstances":null,"ingressSettings":null,"serviceAccountEmail":null,"vpc":null,"eventTrigger":{"eventType":"providers/cloud.firestore/eventTypes/document.write","eventFilters":{"resource":"projects/saegroup-c6487/databases/(default)/documents/businesses/{tenantId}/qb_customers/{customerId}"},"retry":false},"labels":{},"entryPoint":"onQbCustomerWrite"},"onQbJobWrite":{"platform":"gcfv1","availableMemoryMb":null,"timeoutSeconds":null,"minInstances":null,"maxInstances":null,"ingressSettings":null,"serviceAccountEmail":null,"vpc":null,"eventTrigger":{"eventType":"providers/cloud.firestore/eventTypes/document.write","eventFilters":{"resource":"projects/saegroup-c6487/databases/(default)/documents/businesses/{tenantId}/qb_jobs/{jobId}"},"retry":false},"labels":{},"entryPoint":"onQbJobWrite"},"onQbEmployeeWrite":{"platform":"gcfv1","availableMemoryMb":null,"timeoutSeconds":null,"minInstances":null,"maxInstances":null,"ingressSettings":null,"serviceAccountEmail":null,"vpc":null,"eventTrigger":{"eventType":"providers/cloud.firestore/eventTypes/document.write","eventFilters":{"resource":"projects/saegroup-c6487/databases/(default)/documents/businesses/{tenantId}/qb_employees/{employeeId}"},"retry":false},"labels":{},"entryPoint":"onQbEmployeeWrite"},"onQbTimeTrackingWrite":{"platform":"gcfv1","availableMemoryMb":null,"timeoutSeconds":null,"minInstances":null,"maxInstances":null,"ingressSettings":null,"serviceAccountEmail":null,"vpc":null,"eventTrigger":{"eventType":"providers/cloud.firestore/eventTypes/document.write","eventFilters":{"resource":"projects/saegroup-c6487/databases/(default)/documents/businesses/{tenantId}/qb_time_tracking/{timeId}"},"retry":false},"labels":{},"entryPoint":"onQbTimeTrackingWrite"},"syncStaffPermissions":{"platform":"gcfv1","availableMemoryMb":null,"timeoutSeconds":null,"minInstances":null,"maxInstances":null,"ingressSettings":null,"serviceAccountEmail":null,"vpc":null,"eventTrigger":{"eventType":"providers/cloud.firestore/eventTypes/document.write","eventFilters":{"resource":"projects/saegroup-c6487/databases/(default)/documents/businesses/{tenantId}/staff/{staffId}"},"retry":false},"labels":{},"entryPoint":"syncStaffPermissions"},"onChatMessage":{"platform":"gcfv1","availableMemoryMb":null,"timeoutSeconds":null,"minInstances":null,"maxInstances":null,"ingressSettings":null,"serviceAccountEmail":null,"vpc":null,"eventTrigger":{"eventType":"providers/cloud.firestore/eventTypes/document.create","eventFilters":{"resource":"projects/saegroup-c6487/databases/(default)/documents/businesses/{tenantId}/jobs/{jobId}/chat_messages/{messageId}"},"retry":false},"labels":{},"entryPoint":"onChatMessage"},"onZoneUpdated":{"availableMemoryMb":null,"timeoutSeconds":null,"minInstances":null,"maxInstances":null,"ingressSettings":null,"concurrency":null,"serviceAccountEmail":null,"vpc":null,"platform":"gcfv2","labels":{},"eventTrigger":{"eventType":"google.cloud.firestore.document.v1.updated","eventFilters":{"database":"(default)","namespace":"(default)"},"eventFilterPathPatterns":{"document":"businesses/{tenantId}/zones/{zoneId}"},"retry":false},"entryPoint":"onZoneUpdated"},"onJobUpdated":{"availableMemoryMb":null,"timeoutSeconds":null,"minInstances":null,"maxInstances":null,"ingressSettings":null,"concurrency":null,"serviceAccountEmail":null,"vpc":null,"platform":"gcfv2","labels":{},"eventTrigger":{"eventType":"google.cloud.firestore.document.v1.updated","eventFilters":{"database":"(default)","namespace":"(default)"},"eventFilterPathPatterns":{"document":"businesses/{tenantId}/jobs/{jobId}"},"retry":false},"entryPoint":"onJobUpdated"},"checkStaleBays":{"availableMemoryMb":null,"timeoutSeconds":null,"minInstances":null,"maxInstances":null,"ingressSettings":null,"concurrency":null,"serviceAccountEmail":null,"vpc":null,"platform":"gcfv2","labels":{},"scheduleTrigger":{"schedule":"every 15 minutes","retryConfig":{"retryCount":null,"maxDoublings":null,"maxRetrySeconds":null,"minBackoffSeconds":null,"maxBackoffSeconds":null},"timeZone":null},"entryPoint":"checkStaleBays"},"onActivityFeedCreated":{"availableMemoryMb":null,"timeoutSeconds":null,"minInstances":null,"maxInstances":null,"ingressSettings":null,"concurrency":null,"serviceAccountEmail":null,"vpc":null,"platform":"gcfv2","labels":{},"eventTrigger":{"eventType":"google.cloud.firestore.document.v1.created","eventFilters":{"database":"(default)","namespace":"(default)"},"eventFilterPathPatterns":{"document":"businesses/{tenantId}/activity_feed/{feedId}"},"retry":false},"entryPoint":"onActivityFeedCreated"},"onJobTaskWritten":{"availableMemoryMb":null,"timeoutSeconds":null,"minInstances":null,"maxInstances":null,"ingressSettings":null,"concurrency":null,"serviceAccountEmail":null,"vpc":null,"platform":"gcfv2","labels":{},"eventTrigger":{"eventType":"google.cloud.firestore.document.v1.written","eventFilters":{"database":"(default)","namespace":"(default)"},"eventFilterPathPatterns":{"document":"businesses/{tenantId}/jobs/{jobId}/tasks/{taskId}"},"retry":false},"entryPoint":"onJobTaskWritten"},"onJobChatMessageWritten":{"availableMemoryMb":null,"timeoutSeconds":null,"minInstances":null,"maxInstances":null,"ingressSettings":null,"concurrency":null,"serviceAccountEmail":null,"vpc":null,"platform":"gcfv2","labels":{},"eventTrigger":{"eventType":"google.cloud.firestore.document.v1.written","eventFilters":{"database":"(default)","namespace":"(default)"},"eventFilterPathPatterns":{"document":"businesses/{tenantId}/jobs/{jobId}/chat_messages/{messageId}"},"retry":false},"entryPoint":"onJobChatMessageWritten"},"onJobActivityWritten":{"availableMemoryMb":null,"timeoutSeconds":null,"minInstances":null,"maxInstances":null,"ingressSettings":null,"concurrency":null,"serviceAccountEmail":null,"vpc":null,"platform":"gcfv2","labels":{},"eventTrigger":{"eventType":"google.cloud.firestore.document.v1.written","eventFilters":{"database":"(default)","namespace":"(default)"},"eventFilterPathPatterns":{"document":"businesses/{tenantId}/jobs/{jobId}/activity/{activityId}"},"retry":false},"entryPoint":"onJobActivityWritten"},"aggregateEfficiencyStats":{"platform":"gcfv1","availableMemoryMb":null,"timeoutSeconds":null,"minInstances":null,"maxInstances":null,"ingressSettings":null,"serviceAccountEmail":null,"vpc":null,"scheduleTrigger":{"schedule":"*/30 * * * *","retryConfig":{"retryCount":null,"maxDoublings":null,"maxRetryDuration":null,"maxBackoffDuration":null,"minBackoffDuration":null},"timeZone":null},"labels":{},"entryPoint":"aggregateEfficiencyStats"},"forceAggregateEfficiencyStats":{"platform":"gcfv1","labels":{},"availableMemoryMb":null,"timeoutSeconds":null,"minInstances":null,"maxInstances":null,"ingressSettings":null,"serviceAccountEmail":null,"vpc":null,"callableTrigger":{},"entryPoint":"forceAggregateEfficiencyStats"}},"specVersion":"v1alpha1","requiredAPIs":[{"api":"cloudscheduler.googleapis.com","reason":"Needed for scheduled functions."}]}
[debug] [2026-06-27T13:26:49.471Z] File C:\_Projects\upfittersos.com\apps\functions\check_qbwc_status.js changed, reloading triggers {"metadata":{"emulator":{"name":"functions"},"message":"File C:\\_Projects\\upfittersos.com\\apps\\functions\\check_qbwc_status.js changed, reloading triggers"}}
[debug] [2026-06-27T13:26:50.483Z] Validating nodejs source
[warn] !  functions: package.json indicates an outdated version of firebase-functions. Please upgrade using npm install --save firebase-functions@latest in your functions directory. 
[warn] !  functions: Please note that there will be breaking changes when you upgrade. 
[debug] [2026-06-27T13:26:51.798Z] > [functions] package.json contents: {
  "name": "saegroup-os-api",
  "version": "1.0.0",
  "description": "SAE Group OS REST API",
  "main": "lib/index.js",
  "scripts": {
    "build": "tsc && copy src\\swagger.yaml lib\\",
    "serve": "npm run build && firebase emulators:start --only functions",
    "shell": "npm run build && firebase functions:shell",
    "start": "npm run shell",
    "deploy": "firebase deploy --only functions",
    "logs": "firebase functions:log"
  },
  "engines": {
    "node": "20"
  },
  "dependencies": {
    "axios": "^1.14.0",
    "cors": "^2.8.5",
    "dotenv": "^16.4.5",
    "express": "^4.18.2",
    "firebase-admin": "^12.0.0",
    "firebase-functions": "^4.8.0",
    "googleapis": "^171.4.0",
    "swagger-ui-express": "^5.0.0",
    "xml2js": "^0.6.2",
    "yamljs": "^0.3.0"
  },
  "devDependencies": {
    "@types/cors": "^2.8.17",
    "@types/express": "^4.17.21",
    "@types/swagger-ui-express": "^4.1.6",
    "@types/xml2js": "^0.4.14",
    "@types/yamljs": "^0.2.34",
    "typescript": "^5.4.2"
  },
  "private": true
}
[debug] [2026-06-27T13:26:51.798Z] Building nodejs source
[debug] [2026-06-27T13:26:51.798Z] Failed to find version of module node: reached end of search path C:\_Projects\upfittersos.com\apps\functions\node_modules
[warn] !  functions: Your requested "node" version "20" doesn't match your global version "24". Using node@24 from host. 
[info] i  functions: Loaded environment variables from .env. 
[info] i  functions: You are using a version of firebase-functions SDK (4.9.0) that does not have support for the newest Firebase Extensions features. Please update firebase-functions SDK to >=5.1.0 to use them correctly 
[debug] [2026-06-27T13:26:51.800Z] Could not find functions.yaml. Must use http discovery
[debug] [2026-06-27T13:26:51.809Z] Found firebase-functions binary at 'C:\_Projects\upfittersos.com\node_modules\.bin\firebase-functions'
[info] Serving at port 8562

[info] +  functions: Loaded functions definitions from source: runOneTimeMigration, migrateZones, api, generateAutomatedReports, aggregateShopVitals, onMessageReceived, onAnnouncementCreated, onQbCustomerWrite, onQbJobWrite, onQbEmployeeWrite, onQbTimeTrackingWrite, syncStaffPermissions, onChatMessage, onZoneUpdated, onJobUpdated, checkStaleBays, onActivityFeedCreated, onJobTaskWritten, onJobChatMessageWritten, onJobActivityWritten, aggregateEfficiencyStats, forceAggregateEfficiencyStats. {"metadata":{"emulator":{"name":"functions"},"message":"Loaded functions definitions from source: runOneTimeMigration, migrateZones, api, generateAutomatedReports, aggregateShopVitals, onMessageReceived, onAnnouncementCreated, onQbCustomerWrite, onQbJobWrite, onQbEmployeeWrite, onQbTimeTrackingWrite, syncStaffPermissions, onChatMessage, onZoneUpdated, onJobUpdated, checkStaleBays, onActivityFeedCreated, onJobTaskWritten, onJobChatMessageWritten, onJobActivityWritten, aggregateEfficiencyStats, forceAggregateEfficiencyStats."}}
[debug] [2026-06-27T13:26:54.158Z] Got response from /__/functions.yaml {"endpoints":{"runOneTimeMigration":{"platform":"gcfv1","availableMemoryMb":null,"timeoutSeconds":null,"minInstances":null,"maxInstances":null,"ingressSettings":null,"serviceAccountEmail":null,"vpc":null,"httpsTrigger":{},"entryPoint":"runOneTimeMigration"},"migrateZones":{"platform":"gcfv1","availableMemoryMb":null,"timeoutSeconds":null,"minInstances":null,"maxInstances":null,"ingressSettings":null,"serviceAccountEmail":null,"vpc":null,"httpsTrigger":{},"entryPoint":"migrateZones"},"api":{"platform":"gcfv1","availableMemoryMb":null,"timeoutSeconds":null,"minInstances":null,"maxInstances":null,"ingressSettings":null,"serviceAccountEmail":null,"vpc":null,"httpsTrigger":{},"entryPoint":"api"},"generateAutomatedReports":{"platform":"gcfv1","availableMemoryMb":null,"timeoutSeconds":null,"minInstances":null,"maxInstances":null,"ingressSettings":null,"serviceAccountEmail":null,"vpc":null,"scheduleTrigger":{"schedule":"0 * * * *","retryConfig":{"retryCount":null,"maxDoublings":null,"maxRetryDuration":null,"maxBackoffDuration":null,"minBackoffDuration":null},"timeZone":null},"labels":{},"entryPoint":"generateAutomatedReports"},"aggregateShopVitals":{"platform":"gcfv1","availableMemoryMb":null,"timeoutSeconds":null,"minInstances":null,"maxInstances":null,"ingressSettings":null,"serviceAccountEmail":null,"vpc":null,"scheduleTrigger":{"schedule":"*/30 * * * *","retryConfig":{"retryCount":null,"maxDoublings":null,"maxRetryDuration":null,"maxBackoffDuration":null,"minBackoffDuration":null},"timeZone":null},"labels":{},"entryPoint":"aggregateShopVitals"},"onMessageReceived":{"availableMemoryMb":null,"timeoutSeconds":null,"minInstances":null,"maxInstances":null,"ingressSettings":null,"concurrency":null,"serviceAccountEmail":null,"vpc":null,"platform":"gcfv2","labels":{},"eventTrigger":{"eventType":"google.cloud.firestore.document.v1.created","eventFilters":{"database":"(default)","namespace":"(default)"},"eventFilterPathPatterns":{"document":"messages/{messageId}"},"retry":false},"entryPoint":"onMessageReceived"},"onAnnouncementCreated":{"availableMemoryMb":null,"timeoutSeconds":null,"minInstances":null,"maxInstances":null,"ingressSettings":null,"concurrency":null,"serviceAccountEmail":null,"vpc":null,"platform":"gcfv2","labels":{},"eventTrigger":{"eventType":"google.cloud.firestore.document.v1.created","eventFilters":{"database":"(default)","namespace":"(default)"},"eventFilterPathPatterns":{"document":"announcements/{announcementId}"},"retry":false},"entryPoint":"onAnnouncementCreated"},"onQbCustomerWrite":{"platform":"gcfv1","availableMemoryMb":null,"timeoutSeconds":null,"minInstances":null,"maxInstances":null,"ingressSettings":null,"serviceAccountEmail":null,"vpc":null,"eventTrigger":{"eventType":"providers/cloud.firestore/eventTypes/document.write","eventFilters":{"resource":"projects/saegroup-c6487/databases/(default)/documents/businesses/{tenantId}/qb_customers/{customerId}"},"retry":false},"labels":{},"entryPoint":"onQbCustomerWrite"},"onQbJobWrite":{"platform":"gcfv1","availableMemoryMb":null,"timeoutSeconds":null,"minInstances":null,"maxInstances":null,"ingressSettings":null,"serviceAccountEmail":null,"vpc":null,"eventTrigger":{"eventType":"providers/cloud.firestore/eventTypes/document.write","eventFilters":{"resource":"projects/saegroup-c6487/databases/(default)/documents/businesses/{tenantId}/qb_jobs/{jobId}"},"retry":false},"labels":{},"entryPoint":"onQbJobWrite"},"onQbEmployeeWrite":{"platform":"gcfv1","availableMemoryMb":null,"timeoutSeconds":null,"minInstances":null,"maxInstances":null,"ingressSettings":null,"serviceAccountEmail":null,"vpc":null,"eventTrigger":{"eventType":"providers/cloud.firestore/eventTypes/document.write","eventFilters":{"resource":"projects/saegroup-c6487/databases/(default)/documents/businesses/{tenantId}/qb_employees/{employeeId}"},"retry":false},"labels":{},"entryPoint":"onQbEmployeeWrite"},"onQbTimeTrackingWrite":{"platform":"gcfv1","availableMemoryMb":null,"timeoutSeconds":null,"minInstances":null,"maxInstances":null,"ingressSettings":null,"serviceAccountEmail":null,"vpc":null,"eventTrigger":{"eventType":"providers/cloud.firestore/eventTypes/document.write","eventFilters":{"resource":"projects/saegroup-c6487/databases/(default)/documents/businesses/{tenantId}/qb_time_tracking/{timeId}"},"retry":false},"labels":{},"entryPoint":"onQbTimeTrackingWrite"},"syncStaffPermissions":{"platform":"gcfv1","availableMemoryMb":null,"timeoutSeconds":null,"minInstances":null,"maxInstances":null,"ingressSettings":null,"serviceAccountEmail":null,"vpc":null,"eventTrigger":{"eventType":"providers/cloud.firestore/eventTypes/document.write","eventFilters":{"resource":"projects/saegroup-c6487/databases/(default)/documents/businesses/{tenantId}/staff/{staffId}"},"retry":false},"labels":{},"entryPoint":"syncStaffPermissions"},"onChatMessage":{"platform":"gcfv1","availableMemoryMb":null,"timeoutSeconds":null,"minInstances":null,"maxInstances":null,"ingressSettings":null,"serviceAccountEmail":null,"vpc":null,"eventTrigger":{"eventType":"providers/cloud.firestore/eventTypes/document.create","eventFilters":{"resource":"projects/saegroup-c6487/databases/(default)/documents/businesses/{tenantId}/jobs/{jobId}/chat_messages/{messageId}"},"retry":false},"labels":{},"entryPoint":"onChatMessage"},"onZoneUpdated":{"availableMemoryMb":null,"timeoutSeconds":null,"minInstances":null,"maxInstances":null,"ingressSettings":null,"concurrency":null,"serviceAccountEmail":null,"vpc":null,"platform":"gcfv2","labels":{},"eventTrigger":{"eventType":"google.cloud.firestore.document.v1.updated","eventFilters":{"database":"(default)","namespace":"(default)"},"eventFilterPathPatterns":{"document":"businesses/{tenantId}/zones/{zoneId}"},"retry":false},"entryPoint":"onZoneUpdated"},"onJobUpdated":{"availableMemoryMb":null,"timeoutSeconds":null,"minInstances":null,"maxInstances":null,"ingressSettings":null,"concurrency":null,"serviceAccountEmail":null,"vpc":null,"platform":"gcfv2","labels":{},"eventTrigger":{"eventType":"google.cloud.firestore.document.v1.updated","eventFilters":{"database":"(default)","namespace":"(default)"},"eventFilterPathPatterns":{"document":"businesses/{tenantId}/jobs/{jobId}"},"retry":false},"entryPoint":"onJobUpdated"},"checkStaleBays":{"availableMemoryMb":null,"timeoutSeconds":null,"minInstances":null,"maxInstances":null,"ingressSettings":null,"concurrency":null,"serviceAccountEmail":null,"vpc":null,"platform":"gcfv2","labels":{},"scheduleTrigger":{"schedule":"every 15 minutes","retryConfig":{"retryCount":null,"maxDoublings":null,"maxRetrySeconds":null,"minBackoffSeconds":null,"maxBackoffSeconds":null},"timeZone":null},"entryPoint":"checkStaleBays"},"onActivityFeedCreated":{"availableMemoryMb":null,"timeoutSeconds":null,"minInstances":null,"maxInstances":null,"ingressSettings":null,"concurrency":null,"serviceAccountEmail":null,"vpc":null,"platform":"gcfv2","labels":{},"eventTrigger":{"eventType":"google.cloud.firestore.document.v1.created","eventFilters":{"database":"(default)","namespace":"(default)"},"eventFilterPathPatterns":{"document":"businesses/{tenantId}/activity_feed/{feedId}"},"retry":false},"entryPoint":"onActivityFeedCreated"},"onJobTaskWritten":{"availableMemoryMb":null,"timeoutSeconds":null,"minInstances":null,"maxInstances":null,"ingressSettings":null,"concurrency":null,"serviceAccountEmail":null,"vpc":null,"platform":"gcfv2","labels":{},"eventTrigger":{"eventType":"google.cloud.firestore.document.v1.written","eventFilters":{"database":"(default)","namespace":"(default)"},"eventFilterPathPatterns":{"document":"businesses/{tenantId}/jobs/{jobId}/tasks/{taskId}"},"retry":false},"entryPoint":"onJobTaskWritten"},"onJobChatMessageWritten":{"availableMemoryMb":null,"timeoutSeconds":null,"minInstances":null,"maxInstances":null,"ingressSettings":null,"concurrency":null,"serviceAccountEmail":null,"vpc":null,"platform":"gcfv2","labels":{},"eventTrigger":{"eventType":"google.cloud.firestore.document.v1.written","eventFilters":{"database":"(default)","namespace":"(default)"},"eventFilterPathPatterns":{"document":"businesses/{tenantId}/jobs/{jobId}/chat_messages/{messageId}"},"retry":false},"entryPoint":"onJobChatMessageWritten"},"onJobActivityWritten":{"availableMemoryMb":null,"timeoutSeconds":null,"minInstances":null,"maxInstances":null,"ingressSettings":null,"concurrency":null,"serviceAccountEmail":null,"vpc":null,"platform":"gcfv2","labels":{},"eventTrigger":{"eventType":"google.cloud.firestore.document.v1.written","eventFilters":{"database":"(default)","namespace":"(default)"},"eventFilterPathPatterns":{"document":"businesses/{tenantId}/jobs/{jobId}/activity/{activityId}"},"retry":false},"entryPoint":"onJobActivityWritten"},"aggregateEfficiencyStats":{"platform":"gcfv1","availableMemoryMb":null,"timeoutSeconds":null,"minInstances":null,"maxInstances":null,"ingressSettings":null,"serviceAccountEmail":null,"vpc":null,"scheduleTrigger":{"schedule":"*/30 * * * *","retryConfig":{"retryCount":null,"maxDoublings":null,"maxRetryDuration":null,"maxBackoffDuration":null,"minBackoffDuration":null},"timeZone":null},"labels":{},"entryPoint":"aggregateEfficiencyStats"},"forceAggregateEfficiencyStats":{"platform":"gcfv1","labels":{},"availableMemoryMb":null,"timeoutSeconds":null,"minInstances":null,"maxInstances":null,"ingressSettings":null,"serviceAccountEmail":null,"vpc":null,"callableTrigger":{},"entryPoint":"forceAggregateEfficiencyStats"}},"specVersion":"v1alpha1","requiredAPIs":[{"api":"cloudscheduler.googleapis.com","reason":"Needed for scheduled functions."}]}
[info] +  functions: Loaded functions definitions from source: runOneTimeMigration, migrateZones, api, generateAutomatedReports, aggregateShopVitals, onMessageReceived, onAnnouncementCreated, onQbCustomerWrite, onQbJobWrite, onQbEmployeeWrite, onQbTimeTrackingWrite, syncStaffPermissions, onChatMessage, onZoneUpdated, onJobUpdated, checkStaleBays, onActivityFeedCreated, onJobTaskWritten, onJobChatMessageWritten, onJobActivityWritten, aggregateEfficiencyStats, forceAggregateEfficiencyStats. {"metadata":{"emulator":{"name":"functions"},"message":"Loaded functions definitions from source: runOneTimeMigration, migrateZones, api, generateAutomatedReports, aggregateShopVitals, onMessageReceived, onAnnouncementCreated, onQbCustomerWrite, onQbJobWrite, onQbEmployeeWrite, onQbTimeTrackingWrite, syncStaffPermissions, onChatMessage, onZoneUpdated, onJobUpdated, checkStaleBays, onActivityFeedCreated, onJobTaskWritten, onJobChatMessageWritten, onJobActivityWritten, aggregateEfficiencyStats, forceAggregateEfficiencyStats."}}
[debug] [2026-06-27T13:27:27.003Z] File C:\_Projects\upfittersos.com\apps\functions\check_qbwc_status.js changed, reloading triggers {"metadata":{"emulator":{"name":"functions"},"message":"File C:\\_Projects\\upfittersos.com\\apps\\functions\\check_qbwc_status.js changed, reloading triggers"}}
[debug] [2026-06-27T13:27:28.005Z] Validating nodejs source
[warn] !  functions: package.json indicates an outdated version of firebase-functions. Please upgrade using npm install --save firebase-functions@latest in your functions directory. 
[warn] !  functions: Please note that there will be breaking changes when you upgrade. 
[debug] [2026-06-27T13:27:29.062Z] > [functions] package.json contents: {
  "name": "saegroup-os-api",
  "version": "1.0.0",
  "description": "SAE Group OS REST API",
  "main": "lib/index.js",
  "scripts": {
    "build": "tsc && copy src\\swagger.yaml lib\\",
    "serve": "npm run build && firebase emulators:start --only functions",
    "shell": "npm run build && firebase functions:shell",
    "start": "npm run shell",
    "deploy": "firebase deploy --only functions",
    "logs": "firebase functions:log"
  },
  "engines": {
    "node": "20"
  },
  "dependencies": {
    "axios": "^1.14.0",
    "cors": "^2.8.5",
    "dotenv": "^16.4.5",
    "express": "^4.18.2",
    "firebase-admin": "^12.0.0",
    "firebase-functions": "^4.8.0",
    "googleapis": "^171.4.0",
    "swagger-ui-express": "^5.0.0",
    "xml2js": "^0.6.2",
    "yamljs": "^0.3.0"
  },
  "devDependencies": {
    "@types/cors": "^2.8.17",
    "@types/express": "^4.17.21",
    "@types/swagger-ui-express": "^4.1.6",
    "@types/xml2js": "^0.4.14",
    "@types/yamljs": "^0.2.34",
    "typescript": "^5.4.2"
  },
  "private": true
}
[debug] [2026-06-27T13:27:29.062Z] Building nodejs source
[debug] [2026-06-27T13:27:29.062Z] Failed to find version of module node: reached end of search path C:\_Projects\upfittersos.com\apps\functions\node_modules
[warn] !  functions: Your requested "node" version "20" doesn't match your global version "24". Using node@24 from host. 
[info] i  functions: Loaded environment variables from .env. 
[info] i  functions: You are using a version of firebase-functions SDK (4.9.0) that does not have support for the newest Firebase Extensions features. Please update firebase-functions SDK to >=5.1.0 to use them correctly 
[debug] [2026-06-27T13:27:29.063Z] Could not find functions.yaml. Must use http discovery
[debug] [2026-06-27T13:27:29.072Z] Found firebase-functions binary at 'C:\_Projects\upfittersos.com\node_modules\.bin\firebase-functions'
[info] Serving at port 8476

[debug] [2026-06-27T13:27:31.340Z] Got response from /__/functions.yaml {"endpoints":{"runOneTimeMigration":{"platform":"gcfv1","availableMemoryMb":null,"timeoutSeconds":null,"minInstances":null,"maxInstances":null,"ingressSettings":null,"serviceAccountEmail":null,"vpc":null,"httpsTrigger":{},"entryPoint":"runOneTimeMigration"},"migrateZones":{"platform":"gcfv1","availableMemoryMb":null,"timeoutSeconds":null,"minInstances":null,"maxInstances":null,"ingressSettings":null,"serviceAccountEmail":null,"vpc":null,"httpsTrigger":{},"entryPoint":"migrateZones"},"api":{"platform":"gcfv1","availableMemoryMb":null,"timeoutSeconds":null,"minInstances":null,"maxInstances":null,"ingressSettings":null,"serviceAccountEmail":null,"vpc":null,"httpsTrigger":{},"entryPoint":"api"},"generateAutomatedReports":{"platform":"gcfv1","availableMemoryMb":null,"timeoutSeconds":null,"minInstances":null,"maxInstances":null,"ingressSettings":null,"serviceAccountEmail":null,"vpc":null,"scheduleTrigger":{"schedule":"0 * * * *","retryConfig":{"retryCount":null,"maxDoublings":null,"maxRetryDuration":null,"maxBackoffDuration":null,"minBackoffDuration":null},"timeZone":null},"labels":{},"entryPoint":"generateAutomatedReports"},"aggregateShopVitals":{"platform":"gcfv1","availableMemoryMb":null,"timeoutSeconds":null,"minInstances":null,"maxInstances":null,"ingressSettings":null,"serviceAccountEmail":null,"vpc":null,"scheduleTrigger":{"schedule":"*/30 * * * *","retryConfig":{"retryCount":null,"maxDoublings":null,"maxRetryDuration":null,"maxBackoffDuration":null,"minBackoffDuration":null},"timeZone":null},"labels":{},"entryPoint":"aggregateShopVitals"},"onMessageReceived":{"availableMemoryMb":null,"timeoutSeconds":null,"minInstances":null,"maxInstances":null,"ingressSettings":null,"concurrency":null,"serviceAccountEmail":null,"vpc":null,"platform":"gcfv2","labels":{},"eventTrigger":{"eventType":"google.cloud.firestore.document.v1.created","eventFilters":{"database":"(default)","namespace":"(default)"},"eventFilterPathPatterns":{"document":"messages/{messageId}"},"retry":false},"entryPoint":"onMessageReceived"},"onAnnouncementCreated":{"availableMemoryMb":null,"timeoutSeconds":null,"minInstances":null,"maxInstances":null,"ingressSettings":null,"concurrency":null,"serviceAccountEmail":null,"vpc":null,"platform":"gcfv2","labels":{},"eventTrigger":{"eventType":"google.cloud.firestore.document.v1.created","eventFilters":{"database":"(default)","namespace":"(default)"},"eventFilterPathPatterns":{"document":"announcements/{announcementId}"},"retry":false},"entryPoint":"onAnnouncementCreated"},"onQbCustomerWrite":{"platform":"gcfv1","availableMemoryMb":null,"timeoutSeconds":null,"minInstances":null,"maxInstances":null,"ingressSettings":null,"serviceAccountEmail":null,"vpc":null,"eventTrigger":{"eventType":"providers/cloud.firestore/eventTypes/document.write","eventFilters":{"resource":"projects/saegroup-c6487/databases/(default)/documents/businesses/{tenantId}/qb_customers/{customerId}"},"retry":false},"labels":{},"entryPoint":"onQbCustomerWrite"},"onQbJobWrite":{"platform":"gcfv1","availableMemoryMb":null,"timeoutSeconds":null,"minInstances":null,"maxInstances":null,"ingressSettings":null,"serviceAccountEmail":null,"vpc":null,"eventTrigger":{"eventType":"providers/cloud.firestore/eventTypes/document.write","eventFilters":{"resource":"projects/saegroup-c6487/databases/(default)/documents/businesses/{tenantId}/qb_jobs/{jobId}"},"retry":false},"labels":{},"entryPoint":"onQbJobWrite"},"onQbEmployeeWrite":{"platform":"gcfv1","availableMemoryMb":null,"timeoutSeconds":null,"minInstances":null,"maxInstances":null,"ingressSettings":null,"serviceAccountEmail":null,"vpc":null,"eventTrigger":{"eventType":"providers/cloud.firestore/eventTypes/document.write","eventFilters":{"resource":"projects/saegroup-c6487/databases/(default)/documents/businesses/{tenantId}/qb_employees/{employeeId}"},"retry":false},"labels":{},"entryPoint":"onQbEmployeeWrite"},"onQbTimeTrackingWrite":{"platform":"gcfv1","availableMemoryMb":null,"timeoutSeconds":null,"minInstances":null,"maxInstances":null,"ingressSettings":null,"serviceAccountEmail":null,"vpc":null,"eventTrigger":{"eventType":"providers/cloud.firestore/eventTypes/document.write","eventFilters":{"resource":"projects/saegroup-c6487/databases/(default)/documents/businesses/{tenantId}/qb_time_tracking/{timeId}"},"retry":false},"labels":{},"entryPoint":"onQbTimeTrackingWrite"},"syncStaffPermissions":{"platform":"gcfv1","availableMemoryMb":null,"timeoutSeconds":null,"minInstances":null,"maxInstances":null,"ingressSettings":null,"serviceAccountEmail":null,"vpc":null,"eventTrigger":{"eventType":"providers/cloud.firestore/eventTypes/document.write","eventFilters":{"resource":"projects/saegroup-c6487/databases/(default)/documents/businesses/{tenantId}/staff/{staffId}"},"retry":false},"labels":{},"entryPoint":"syncStaffPermissions"},"onChatMessage":{"platform":"gcfv1","availableMemoryMb":null,"timeoutSeconds":null,"minInstances":null,"maxInstances":null,"ingressSettings":null,"serviceAccountEmail":null,"vpc":null,"eventTrigger":{"eventType":"providers/cloud.firestore/eventTypes/document.create","eventFilters":{"resource":"projects/saegroup-c6487/databases/(default)/documents/businesses/{tenantId}/jobs/{jobId}/chat_messages/{messageId}"},"retry":false},"labels":{},"entryPoint":"onChatMessage"},"onZoneUpdated":{"availableMemoryMb":null,"timeoutSeconds":null,"minInstances":null,"maxInstances":null,"ingressSettings":null,"concurrency":null,"serviceAccountEmail":null,"vpc":null,"platform":"gcfv2","labels":{},"eventTrigger":{"eventType":"google.cloud.firestore.document.v1.updated","eventFilters":{"database":"(default)","namespace":"(default)"},"eventFilterPathPatterns":{"document":"businesses/{tenantId}/zones/{zoneId}"},"retry":false},"entryPoint":"onZoneUpdated"},"onJobUpdated":{"availableMemoryMb":null,"timeoutSeconds":null,"minInstances":null,"maxInstances":null,"ingressSettings":null,"concurrency":null,"serviceAccountEmail":null,"vpc":null,"platform":"gcfv2","labels":{},"eventTrigger":{"eventType":"google.cloud.firestore.document.v1.updated","eventFilters":{"database":"(default)","namespace":"(default)"},"eventFilterPathPatterns":{"document":"businesses/{tenantId}/jobs/{jobId}"},"retry":false},"entryPoint":"onJobUpdated"},"checkStaleBays":{"availableMemoryMb":null,"timeoutSeconds":null,"minInstances":null,"maxInstances":null,"ingressSettings":null,"concurrency":null,"serviceAccountEmail":null,"vpc":null,"platform":"gcfv2","labels":{},"scheduleTrigger":{"schedule":"every 15 minutes","retryConfig":{"retryCount":null,"maxDoublings":null,"maxRetrySeconds":null,"minBackoffSeconds":null,"maxBackoffSeconds":null},"timeZone":null},"entryPoint":"checkStaleBays"},"onActivityFeedCreated":{"availableMemoryMb":null,"timeoutSeconds":null,"minInstances":null,"maxInstances":null,"ingressSettings":null,"concurrency":null,"serviceAccountEmail":null,"vpc":null,"platform":"gcfv2","labels":{},"eventTrigger":{"eventType":"google.cloud.firestore.document.v1.created","eventFilters":{"database":"(default)","namespace":"(default)"},"eventFilterPathPatterns":{"document":"businesses/{tenantId}/activity_feed/{feedId}"},"retry":false},"entryPoint":"onActivityFeedCreated"},"onJobTaskWritten":{"availableMemoryMb":null,"timeoutSeconds":null,"minInstances":null,"maxInstances":null,"ingressSettings":null,"concurrency":null,"serviceAccountEmail":null,"vpc":null,"platform":"gcfv2","labels":{},"eventTrigger":{"eventType":"google.cloud.firestore.document.v1.written","eventFilters":{"database":"(default)","namespace":"(default)"},"eventFilterPathPatterns":{"document":"businesses/{tenantId}/jobs/{jobId}/tasks/{taskId}"},"retry":false},"entryPoint":"onJobTaskWritten"},"onJobChatMessageWritten":{"availableMemoryMb":null,"timeoutSeconds":null,"minInstances":null,"maxInstances":null,"ingressSettings":null,"concurrency":null,"serviceAccountEmail":null,"vpc":null,"platform":"gcfv2","labels":{},"eventTrigger":{"eventType":"google.cloud.firestore.document.v1.written","eventFilters":{"database":"(default)","namespace":"(default)"},"eventFilterPathPatterns":{"document":"businesses/{tenantId}/jobs/{jobId}/chat_messages/{messageId}"},"retry":false},"entryPoint":"onJobChatMessageWritten"},"onJobActivityWritten":{"availableMemoryMb":null,"timeoutSeconds":null,"minInstances":null,"maxInstances":null,"ingressSettings":null,"concurrency":null,"serviceAccountEmail":null,"vpc":null,"platform":"gcfv2","labels":{},"eventTrigger":{"eventType":"google.cloud.firestore.document.v1.written","eventFilters":{"database":"(default)","namespace":"(default)"},"eventFilterPathPatterns":{"document":"businesses/{tenantId}/jobs/{jobId}/activity/{activityId}"},"retry":false},"entryPoint":"onJobActivityWritten"},"aggregateEfficiencyStats":{"platform":"gcfv1","availableMemoryMb":null,"timeoutSeconds":null,"minInstances":null,"maxInstances":null,"ingressSettings":null,"serviceAccountEmail":null,"vpc":null,"scheduleTrigger":{"schedule":"*/30 * * * *","retryConfig":{"retryCount":null,"maxDoublings":null,"maxRetryDuration":null,"maxBackoffDuration":null,"minBackoffDuration":null},"timeZone":null},"labels":{},"entryPoint":"aggregateEfficiencyStats"},"forceAggregateEfficiencyStats":{"platform":"gcfv1","labels":{},"availableMemoryMb":null,"timeoutSeconds":null,"minInstances":null,"maxInstances":null,"ingressSettings":null,"serviceAccountEmail":null,"vpc":null,"callableTrigger":{},"entryPoint":"forceAggregateEfficiencyStats"}},"specVersion":"v1alpha1","requiredAPIs":[{"api":"cloudscheduler.googleapis.com","reason":"Needed for scheduled functions."}]}
[debug] [2026-06-27T13:27:34.536Z] File C:\_Projects\upfittersos.com\apps\functions\check_qbwc_status.js changed, reloading triggers {"metadata":{"emulator":{"name":"functions"},"message":"File C:\\_Projects\\upfittersos.com\\apps\\functions\\check_qbwc_status.js changed, reloading triggers"}}
[info] +  functions: Loaded functions definitions from source: runOneTimeMigration, migrateZones, api, generateAutomatedReports, aggregateShopVitals, onMessageReceived, onAnnouncementCreated, onQbCustomerWrite, onQbJobWrite, onQbEmployeeWrite, onQbTimeTrackingWrite, syncStaffPermissions, onChatMessage, onZoneUpdated, onJobUpdated, checkStaleBays, onActivityFeedCreated, onJobTaskWritten, onJobChatMessageWritten, onJobActivityWritten, aggregateEfficiencyStats, forceAggregateEfficiencyStats. {"metadata":{"emulator":{"name":"functions"},"message":"Loaded functions definitions from source: runOneTimeMigration, migrateZones, api, generateAutomatedReports, aggregateShopVitals, onMessageReceived, onAnnouncementCreated, onQbCustomerWrite, onQbJobWrite, onQbEmployeeWrite, onQbTimeTrackingWrite, syncStaffPermissions, onChatMessage, onZoneUpdated, onJobUpdated, checkStaleBays, onActivityFeedCreated, onJobTaskWritten, onJobChatMessageWritten, onJobActivityWritten, aggregateEfficiencyStats, forceAggregateEfficiencyStats."}}
[debug] [2026-06-27T13:27:35.546Z] Validating nodejs source
[warn] !  functions: package.json indicates an outdated version of firebase-functions. Please upgrade using npm install --save firebase-functions@latest in your functions directory. 
[warn] !  functions: Please note that there will be breaking changes when you upgrade. 
[debug] [2026-06-27T13:27:36.596Z] > [functions] package.json contents: {
  "name": "saegroup-os-api",
  "version": "1.0.0",
  "description": "SAE Group OS REST API",
  "main": "lib/index.js",
  "scripts": {
    "build": "tsc && copy src\\swagger.yaml lib\\",
    "serve": "npm run build && firebase emulators:start --only functions",
    "shell": "npm run build && firebase functions:shell",
    "start": "npm run shell",
    "deploy": "firebase deploy --only functions",
    "logs": "firebase functions:log"
  },
  "engines": {
    "node": "20"
  },
  "dependencies": {
    "axios": "^1.14.0",
    "cors": "^2.8.5",
    "dotenv": "^16.4.5",
    "express": "^4.18.2",
    "firebase-admin": "^12.0.0",
    "firebase-functions": "^4.8.0",
    "googleapis": "^171.4.0",
    "swagger-ui-express": "^5.0.0",
    "xml2js": "^0.6.2",
    "yamljs": "^0.3.0"
  },
  "devDependencies": {
    "@types/cors": "^2.8.17",
    "@types/express": "^4.17.21",
    "@types/swagger-ui-express": "^4.1.6",
    "@types/xml2js": "^0.4.14",
    "@types/yamljs": "^0.2.34",
    "typescript": "^5.4.2"
  },
  "private": true
}
[debug] [2026-06-27T13:27:36.596Z] Building nodejs source
[debug] [2026-06-27T13:27:36.596Z] Failed to find version of module node: reached end of search path C:\_Projects\upfittersos.com\apps\functions\node_modules
[warn] !  functions: Your requested "node" version "20" doesn't match your global version "24". Using node@24 from host. 
[info] i  functions: Loaded environment variables from .env. 
[info] i  functions: You are using a version of firebase-functions SDK (4.9.0) that does not have support for the newest Firebase Extensions features. Please update firebase-functions SDK to >=5.1.0 to use them correctly 
[debug] [2026-06-27T13:27:36.597Z] Could not find functions.yaml. Must use http discovery
[debug] [2026-06-27T13:27:36.608Z] Found firebase-functions binary at 'C:\_Projects\upfittersos.com\node_modules\.bin\firebase-functions'
[info] Serving at port 8229

[debug] [2026-06-27T13:27:38.788Z] Got response from /__/functions.yaml {"endpoints":{"runOneTimeMigration":{"platform":"gcfv1","availableMemoryMb":null,"timeoutSeconds":null,"minInstances":null,"maxInstances":null,"ingressSettings":null,"serviceAccountEmail":null,"vpc":null,"httpsTrigger":{},"entryPoint":"runOneTimeMigration"},"migrateZones":{"platform":"gcfv1","availableMemoryMb":null,"timeoutSeconds":null,"minInstances":null,"maxInstances":null,"ingressSettings":null,"serviceAccountEmail":null,"vpc":null,"httpsTrigger":{},"entryPoint":"migrateZones"},"api":{"platform":"gcfv1","availableMemoryMb":null,"timeoutSeconds":null,"minInstances":null,"maxInstances":null,"ingressSettings":null,"serviceAccountEmail":null,"vpc":null,"httpsTrigger":{},"entryPoint":"api"},"generateAutomatedReports":{"platform":"gcfv1","availableMemoryMb":null,"timeoutSeconds":null,"minInstances":null,"maxInstances":null,"ingressSettings":null,"serviceAccountEmail":null,"vpc":null,"scheduleTrigger":{"schedule":"0 * * * *","retryConfig":{"retryCount":null,"maxDoublings":null,"maxRetryDuration":null,"maxBackoffDuration":null,"minBackoffDuration":null},"timeZone":null},"labels":{},"entryPoint":"generateAutomatedReports"},"aggregateShopVitals":{"platform":"gcfv1","availableMemoryMb":null,"timeoutSeconds":null,"minInstances":null,"maxInstances":null,"ingressSettings":null,"serviceAccountEmail":null,"vpc":null,"scheduleTrigger":{"schedule":"*/30 * * * *","retryConfig":{"retryCount":null,"maxDoublings":null,"maxRetryDuration":null,"maxBackoffDuration":null,"minBackoffDuration":null},"timeZone":null},"labels":{},"entryPoint":"aggregateShopVitals"},"onMessageReceived":{"availableMemoryMb":null,"timeoutSeconds":null,"minInstances":null,"maxInstances":null,"ingressSettings":null,"concurrency":null,"serviceAccountEmail":null,"vpc":null,"platform":"gcfv2","labels":{},"eventTrigger":{"eventType":"google.cloud.firestore.document.v1.created","eventFilters":{"database":"(default)","namespace":"(default)"},"eventFilterPathPatterns":{"document":"messages/{messageId}"},"retry":false},"entryPoint":"onMessageReceived"},"onAnnouncementCreated":{"availableMemoryMb":null,"timeoutSeconds":null,"minInstances":null,"maxInstances":null,"ingressSettings":null,"concurrency":null,"serviceAccountEmail":null,"vpc":null,"platform":"gcfv2","labels":{},"eventTrigger":{"eventType":"google.cloud.firestore.document.v1.created","eventFilters":{"database":"(default)","namespace":"(default)"},"eventFilterPathPatterns":{"document":"announcements/{announcementId}"},"retry":false},"entryPoint":"onAnnouncementCreated"},"onQbCustomerWrite":{"platform":"gcfv1","availableMemoryMb":null,"timeoutSeconds":null,"minInstances":null,"maxInstances":null,"ingressSettings":null,"serviceAccountEmail":null,"vpc":null,"eventTrigger":{"eventType":"providers/cloud.firestore/eventTypes/document.write","eventFilters":{"resource":"projects/saegroup-c6487/databases/(default)/documents/businesses/{tenantId}/qb_customers/{customerId}"},"retry":false},"labels":{},"entryPoint":"onQbCustomerWrite"},"onQbJobWrite":{"platform":"gcfv1","availableMemoryMb":null,"timeoutSeconds":null,"minInstances":null,"maxInstances":null,"ingressSettings":null,"serviceAccountEmail":null,"vpc":null,"eventTrigger":{"eventType":"providers/cloud.firestore/eventTypes/document.write","eventFilters":{"resource":"projects/saegroup-c6487/databases/(default)/documents/businesses/{tenantId}/qb_jobs/{jobId}"},"retry":false},"labels":{},"entryPoint":"onQbJobWrite"},"onQbEmployeeWrite":{"platform":"gcfv1","availableMemoryMb":null,"timeoutSeconds":null,"minInstances":null,"maxInstances":null,"ingressSettings":null,"serviceAccountEmail":null,"vpc":null,"eventTrigger":{"eventType":"providers/cloud.firestore/eventTypes/document.write","eventFilters":{"resource":"projects/saegroup-c6487/databases/(default)/documents/businesses/{tenantId}/qb_employees/{employeeId}"},"retry":false},"labels":{},"entryPoint":"onQbEmployeeWrite"},"onQbTimeTrackingWrite":{"platform":"gcfv1","availableMemoryMb":null,"timeoutSeconds":null,"minInstances":null,"maxInstances":null,"ingressSettings":null,"serviceAccountEmail":null,"vpc":null,"eventTrigger":{"eventType":"providers/cloud.firestore/eventTypes/document.write","eventFilters":{"resource":"projects/saegroup-c6487/databases/(default)/documents/businesses/{tenantId}/qb_time_tracking/{timeId}"},"retry":false},"labels":{},"entryPoint":"onQbTimeTrackingWrite"},"syncStaffPermissions":{"platform":"gcfv1","availableMemoryMb":null,"timeoutSeconds":null,"minInstances":null,"maxInstances":null,"ingressSettings":null,"serviceAccountEmail":null,"vpc":null,"eventTrigger":{"eventType":"providers/cloud.firestore/eventTypes/document.write","eventFilters":{"resource":"projects/saegroup-c6487/databases/(default)/documents/businesses/{tenantId}/staff/{staffId}"},"retry":false},"labels":{},"entryPoint":"syncStaffPermissions"},"onChatMessage":{"platform":"gcfv1","availableMemoryMb":null,"timeoutSeconds":null,"minInstances":null,"maxInstances":null,"ingressSettings":null,"serviceAccountEmail":null,"vpc":null,"eventTrigger":{"eventType":"providers/cloud.firestore/eventTypes/document.create","eventFilters":{"resource":"projects/saegroup-c6487/databases/(default)/documents/businesses/{tenantId}/jobs/{jobId}/chat_messages/{messageId}"},"retry":false},"labels":{},"entryPoint":"onChatMessage"},"onZoneUpdated":{"availableMemoryMb":null,"timeoutSeconds":null,"minInstances":null,"maxInstances":null,"ingressSettings":null,"concurrency":null,"serviceAccountEmail":null,"vpc":null,"platform":"gcfv2","labels":{},"eventTrigger":{"eventType":"google.cloud.firestore.document.v1.updated","eventFilters":{"database":"(default)","namespace":"(default)"},"eventFilterPathPatterns":{"document":"businesses/{tenantId}/zones/{zoneId}"},"retry":false},"entryPoint":"onZoneUpdated"},"onJobUpdated":{"availableMemoryMb":null,"timeoutSeconds":null,"minInstances":null,"maxInstances":null,"ingressSettings":null,"concurrency":null,"serviceAccountEmail":null,"vpc":null,"platform":"gcfv2","labels":{},"eventTrigger":{"eventType":"google.cloud.firestore.document.v1.updated","eventFilters":{"database":"(default)","namespace":"(default)"},"eventFilterPathPatterns":{"document":"businesses/{tenantId}/jobs/{jobId}"},"retry":false},"entryPoint":"onJobUpdated"},"checkStaleBays":{"availableMemoryMb":null,"timeoutSeconds":null,"minInstances":null,"maxInstances":null,"ingressSettings":null,"concurrency":null,"serviceAccountEmail":null,"vpc":null,"platform":"gcfv2","labels":{},"scheduleTrigger":{"schedule":"every 15 minutes","retryConfig":{"retryCount":null,"maxDoublings":null,"maxRetrySeconds":null,"minBackoffSeconds":null,"maxBackoffSeconds":null},"timeZone":null},"entryPoint":"checkStaleBays"},"onActivityFeedCreated":{"availableMemoryMb":null,"timeoutSeconds":null,"minInstances":null,"maxInstances":null,"ingressSettings":null,"concurrency":null,"serviceAccountEmail":null,"vpc":null,"platform":"gcfv2","labels":{},"eventTrigger":{"eventType":"google.cloud.firestore.document.v1.created","eventFilters":{"database":"(default)","namespace":"(default)"},"eventFilterPathPatterns":{"document":"businesses/{tenantId}/activity_feed/{feedId}"},"retry":false},"entryPoint":"onActivityFeedCreated"},"onJobTaskWritten":{"availableMemoryMb":null,"timeoutSeconds":null,"minInstances":null,"maxInstances":null,"ingressSettings":null,"concurrency":null,"serviceAccountEmail":null,"vpc":null,"platform":"gcfv2","labels":{},"eventTrigger":{"eventType":"google.cloud.firestore.document.v1.written","eventFilters":{"database":"(default)","namespace":"(default)"},"eventFilterPathPatterns":{"document":"businesses/{tenantId}/jobs/{jobId}/tasks/{taskId}"},"retry":false},"entryPoint":"onJobTaskWritten"},"onJobChatMessageWritten":{"availableMemoryMb":null,"timeoutSeconds":null,"minInstances":null,"maxInstances":null,"ingressSettings":null,"concurrency":null,"serviceAccountEmail":null,"vpc":null,"platform":"gcfv2","labels":{},"eventTrigger":{"eventType":"google.cloud.firestore.document.v1.written","eventFilters":{"database":"(default)","namespace":"(default)"},"eventFilterPathPatterns":{"document":"businesses/{tenantId}/jobs/{jobId}/chat_messages/{messageId}"},"retry":false},"entryPoint":"onJobChatMessageWritten"},"onJobActivityWritten":{"availableMemoryMb":null,"timeoutSeconds":null,"minInstances":null,"maxInstances":null,"ingressSettings":null,"concurrency":null,"serviceAccountEmail":null,"vpc":null,"platform":"gcfv2","labels":{},"eventTrigger":{"eventType":"google.cloud.firestore.document.v1.written","eventFilters":{"database":"(default)","namespace":"(default)"},"eventFilterPathPatterns":{"document":"businesses/{tenantId}/jobs/{jobId}/activity/{activityId}"},"retry":false},"entryPoint":"onJobActivityWritten"},"aggregateEfficiencyStats":{"platform":"gcfv1","availableMemoryMb":null,"timeoutSeconds":null,"minInstances":null,"maxInstances":null,"ingressSettings":null,"serviceAccountEmail":null,"vpc":null,"scheduleTrigger":{"schedule":"*/30 * * * *","retryConfig":{"retryCount":null,"maxDoublings":null,"maxRetryDuration":null,"maxBackoffDuration":null,"minBackoffDuration":null},"timeZone":null},"labels":{},"entryPoint":"aggregateEfficiencyStats"},"forceAggregateEfficiencyStats":{"platform":"gcfv1","labels":{},"availableMemoryMb":null,"timeoutSeconds":null,"minInstances":null,"maxInstances":null,"ingressSettings":null,"serviceAccountEmail":null,"vpc":null,"callableTrigger":{},"entryPoint":"forceAggregateEfficiencyStats"}},"specVersion":"v1alpha1","requiredAPIs":[{"api":"cloudscheduler.googleapis.com","reason":"Needed for scheduled functions."}]}
[info] +  functions: Loaded functions definitions from source: runOneTimeMigration, migrateZones, api, generateAutomatedReports, aggregateShopVitals, onMessageReceived, onAnnouncementCreated, onQbCustomerWrite, onQbJobWrite, onQbEmployeeWrite, onQbTimeTrackingWrite, syncStaffPermissions, onChatMessage, onZoneUpdated, onJobUpdated, checkStaleBays, onActivityFeedCreated, onJobTaskWritten, onJobChatMessageWritten, onJobActivityWritten, aggregateEfficiencyStats, forceAggregateEfficiencyStats. {"metadata":{"emulator":{"name":"functions"},"message":"Loaded functions definitions from source: runOneTimeMigration, migrateZones, api, generateAutomatedReports, aggregateShopVitals, onMessageReceived, onAnnouncementCreated, onQbCustomerWrite, onQbJobWrite, onQbEmployeeWrite, onQbTimeTrackingWrite, syncStaffPermissions, onChatMessage, onZoneUpdated, onJobUpdated, checkStaleBays, onActivityFeedCreated, onJobTaskWritten, onJobChatMessageWritten, onJobActivityWritten, aggregateEfficiencyStats, forceAggregateEfficiencyStats."}}
[debug] [2026-06-27T13:44:45.457Z] File C:\_Projects\upfittersos.com\apps\functions\src\triggers\qbSync.ts changed, reloading triggers {"metadata":{"emulator":{"name":"functions"},"message":"File C:\\_Projects\\upfittersos.com\\apps\\functions\\src\\triggers\\qbSync.ts changed, reloading triggers"}}
[debug] [2026-06-27T13:44:46.458Z] Validating nodejs source
[warn] !  functions: package.json indicates an outdated version of firebase-functions. Please upgrade using npm install --save firebase-functions@latest in your functions directory. 
[warn] !  functions: Please note that there will be breaking changes when you upgrade. 
[debug] [2026-06-27T13:44:47.422Z] > [functions] package.json contents: {
  "name": "saegroup-os-api",
  "version": "1.0.0",
  "description": "SAE Group OS REST API",
  "main": "lib/index.js",
  "scripts": {
    "build": "tsc && copy src\\swagger.yaml lib\\",
    "serve": "npm run build && firebase emulators:start --only functions",
    "shell": "npm run build && firebase functions:shell",
    "start": "npm run shell",
    "deploy": "firebase deploy --only functions",
    "logs": "firebase functions:log"
  },
  "engines": {
    "node": "20"
  },
  "dependencies": {
    "axios": "^1.14.0",
    "cors": "^2.8.5",
    "dotenv": "^16.4.5",
    "express": "^4.18.2",
    "firebase-admin": "^12.0.0",
    "firebase-functions": "^4.8.0",
    "googleapis": "^171.4.0",
    "swagger-ui-express": "^5.0.0",
    "xml2js": "^0.6.2",
    "yamljs": "^0.3.0"
  },
  "devDependencies": {
    "@types/cors": "^2.8.17",
    "@types/express": "^4.17.21",
    "@types/swagger-ui-express": "^4.1.6",
    "@types/xml2js": "^0.4.14",
    "@types/yamljs": "^0.2.34",
    "typescript": "^5.4.2"
  },
  "private": true
}
[debug] [2026-06-27T13:44:47.422Z] Building nodejs source
[debug] [2026-06-27T13:44:47.422Z] Failed to find version of module node: reached end of search path C:\_Projects\upfittersos.com\apps\functions\node_modules
[warn] !  functions: Your requested "node" version "20" doesn't match your global version "24". Using node@24 from host. 
[info] i  functions: Loaded environment variables from .env. 
[info] i  functions: You are using a version of firebase-functions SDK (4.9.0) that does not have support for the newest Firebase Extensions features. Please update firebase-functions SDK to >=5.1.0 to use them correctly 
[debug] [2026-06-27T13:44:47.423Z] Could not find functions.yaml. Must use http discovery
[debug] [2026-06-27T13:44:47.432Z] Found firebase-functions binary at 'C:\_Projects\upfittersos.com\node_modules\.bin\firebase-functions'
[info] Serving at port 8920

[debug] [2026-06-27T13:44:49.506Z] Got response from /__/functions.yaml {"endpoints":{"runOneTimeMigration":{"platform":"gcfv1","availableMemoryMb":null,"timeoutSeconds":null,"minInstances":null,"maxInstances":null,"ingressSettings":null,"serviceAccountEmail":null,"vpc":null,"httpsTrigger":{},"entryPoint":"runOneTimeMigration"},"migrateZones":{"platform":"gcfv1","availableMemoryMb":null,"timeoutSeconds":null,"minInstances":null,"maxInstances":null,"ingressSettings":null,"serviceAccountEmail":null,"vpc":null,"httpsTrigger":{},"entryPoint":"migrateZones"},"api":{"platform":"gcfv1","availableMemoryMb":null,"timeoutSeconds":null,"minInstances":null,"maxInstances":null,"ingressSettings":null,"serviceAccountEmail":null,"vpc":null,"httpsTrigger":{},"entryPoint":"api"},"generateAutomatedReports":{"platform":"gcfv1","availableMemoryMb":null,"timeoutSeconds":null,"minInstances":null,"maxInstances":null,"ingressSettings":null,"serviceAccountEmail":null,"vpc":null,"scheduleTrigger":{"schedule":"0 * * * *","retryConfig":{"retryCount":null,"maxDoublings":null,"maxRetryDuration":null,"maxBackoffDuration":null,"minBackoffDuration":null},"timeZone":null},"labels":{},"entryPoint":"generateAutomatedReports"},"aggregateShopVitals":{"platform":"gcfv1","availableMemoryMb":null,"timeoutSeconds":null,"minInstances":null,"maxInstances":null,"ingressSettings":null,"serviceAccountEmail":null,"vpc":null,"scheduleTrigger":{"schedule":"*/30 * * * *","retryConfig":{"retryCount":null,"maxDoublings":null,"maxRetryDuration":null,"maxBackoffDuration":null,"minBackoffDuration":null},"timeZone":null},"labels":{},"entryPoint":"aggregateShopVitals"},"onMessageReceived":{"availableMemoryMb":null,"timeoutSeconds":null,"minInstances":null,"maxInstances":null,"ingressSettings":null,"concurrency":null,"serviceAccountEmail":null,"vpc":null,"platform":"gcfv2","labels":{},"eventTrigger":{"eventType":"google.cloud.firestore.document.v1.created","eventFilters":{"database":"(default)","namespace":"(default)"},"eventFilterPathPatterns":{"document":"messages/{messageId}"},"retry":false},"entryPoint":"onMessageReceived"},"onAnnouncementCreated":{"availableMemoryMb":null,"timeoutSeconds":null,"minInstances":null,"maxInstances":null,"ingressSettings":null,"concurrency":null,"serviceAccountEmail":null,"vpc":null,"platform":"gcfv2","labels":{},"eventTrigger":{"eventType":"google.cloud.firestore.document.v1.created","eventFilters":{"database":"(default)","namespace":"(default)"},"eventFilterPathPatterns":{"document":"announcements/{announcementId}"},"retry":false},"entryPoint":"onAnnouncementCreated"},"onQbCustomerWrite":{"platform":"gcfv1","availableMemoryMb":null,"timeoutSeconds":null,"minInstances":null,"maxInstances":null,"ingressSettings":null,"serviceAccountEmail":null,"vpc":null,"eventTrigger":{"eventType":"providers/cloud.firestore/eventTypes/document.write","eventFilters":{"resource":"projects/saegroup-c6487/databases/(default)/documents/businesses/{tenantId}/qb_customers/{customerId}"},"retry":false},"labels":{},"entryPoint":"onQbCustomerWrite"},"onQbJobWrite":{"platform":"gcfv1","availableMemoryMb":null,"timeoutSeconds":null,"minInstances":null,"maxInstances":null,"ingressSettings":null,"serviceAccountEmail":null,"vpc":null,"eventTrigger":{"eventType":"providers/cloud.firestore/eventTypes/document.write","eventFilters":{"resource":"projects/saegroup-c6487/databases/(default)/documents/businesses/{tenantId}/qb_jobs/{jobId}"},"retry":false},"labels":{},"entryPoint":"onQbJobWrite"},"onQbEmployeeWrite":{"platform":"gcfv1","availableMemoryMb":null,"timeoutSeconds":null,"minInstances":null,"maxInstances":null,"ingressSettings":null,"serviceAccountEmail":null,"vpc":null,"eventTrigger":{"eventType":"providers/cloud.firestore/eventTypes/document.write","eventFilters":{"resource":"projects/saegroup-c6487/databases/(default)/documents/businesses/{tenantId}/qb_employees/{employeeId}"},"retry":false},"labels":{},"entryPoint":"onQbEmployeeWrite"},"onQbTimeTrackingWrite":{"platform":"gcfv1","availableMemoryMb":null,"timeoutSeconds":null,"minInstances":null,"maxInstances":null,"ingressSettings":null,"serviceAccountEmail":null,"vpc":null,"eventTrigger":{"eventType":"providers/cloud.firestore/eventTypes/document.write","eventFilters":{"resource":"projects/saegroup-c6487/databases/(default)/documents/businesses/{tenantId}/qb_time_tracking/{timeId}"},"retry":false},"labels":{},"entryPoint":"onQbTimeTrackingWrite"},"syncStaffPermissions":{"platform":"gcfv1","availableMemoryMb":null,"timeoutSeconds":null,"minInstances":null,"maxInstances":null,"ingressSettings":null,"serviceAccountEmail":null,"vpc":null,"eventTrigger":{"eventType":"providers/cloud.firestore/eventTypes/document.write","eventFilters":{"resource":"projects/saegroup-c6487/databases/(default)/documents/businesses/{tenantId}/staff/{staffId}"},"retry":false},"labels":{},"entryPoint":"syncStaffPermissions"},"onChatMessage":{"platform":"gcfv1","availableMemoryMb":null,"timeoutSeconds":null,"minInstances":null,"maxInstances":null,"ingressSettings":null,"serviceAccountEmail":null,"vpc":null,"eventTrigger":{"eventType":"providers/cloud.firestore/eventTypes/document.create","eventFilters":{"resource":"projects/saegroup-c6487/databases/(default)/documents/businesses/{tenantId}/jobs/{jobId}/chat_messages/{messageId}"},"retry":false},"labels":{},"entryPoint":"onChatMessage"},"onZoneUpdated":{"availableMemoryMb":null,"timeoutSeconds":null,"minInstances":null,"maxInstances":null,"ingressSettings":null,"concurrency":null,"serviceAccountEmail":null,"vpc":null,"platform":"gcfv2","labels":{},"eventTrigger":{"eventType":"google.cloud.firestore.document.v1.updated","eventFilters":{"database":"(default)","namespace":"(default)"},"eventFilterPathPatterns":{"document":"businesses/{tenantId}/zones/{zoneId}"},"retry":false},"entryPoint":"onZoneUpdated"},"onJobUpdated":{"availableMemoryMb":null,"timeoutSeconds":null,"minInstances":null,"maxInstances":null,"ingressSettings":null,"concurrency":null,"serviceAccountEmail":null,"vpc":null,"platform":"gcfv2","labels":{},"eventTrigger":{"eventType":"google.cloud.firestore.document.v1.updated","eventFilters":{"database":"(default)","namespace":"(default)"},"eventFilterPathPatterns":{"document":"businesses/{tenantId}/jobs/{jobId}"},"retry":false},"entryPoint":"onJobUpdated"},"checkStaleBays":{"availableMemoryMb":null,"timeoutSeconds":null,"minInstances":null,"maxInstances":null,"ingressSettings":null,"concurrency":null,"serviceAccountEmail":null,"vpc":null,"platform":"gcfv2","labels":{},"scheduleTrigger":{"schedule":"every 15 minutes","retryConfig":{"retryCount":null,"maxDoublings":null,"maxRetrySeconds":null,"minBackoffSeconds":null,"maxBackoffSeconds":null},"timeZone":null},"entryPoint":"checkStaleBays"},"onActivityFeedCreated":{"availableMemoryMb":null,"timeoutSeconds":null,"minInstances":null,"maxInstances":null,"ingressSettings":null,"concurrency":null,"serviceAccountEmail":null,"vpc":null,"platform":"gcfv2","labels":{},"eventTrigger":{"eventType":"google.cloud.firestore.document.v1.created","eventFilters":{"database":"(default)","namespace":"(default)"},"eventFilterPathPatterns":{"document":"businesses/{tenantId}/activity_feed/{feedId}"},"retry":false},"entryPoint":"onActivityFeedCreated"},"onJobTaskWritten":{"availableMemoryMb":null,"timeoutSeconds":null,"minInstances":null,"maxInstances":null,"ingressSettings":null,"concurrency":null,"serviceAccountEmail":null,"vpc":null,"platform":"gcfv2","labels":{},"eventTrigger":{"eventType":"google.cloud.firestore.document.v1.written","eventFilters":{"database":"(default)","namespace":"(default)"},"eventFilterPathPatterns":{"document":"businesses/{tenantId}/jobs/{jobId}/tasks/{taskId}"},"retry":false},"entryPoint":"onJobTaskWritten"},"onJobChatMessageWritten":{"availableMemoryMb":null,"timeoutSeconds":null,"minInstances":null,"maxInstances":null,"ingressSettings":null,"concurrency":null,"serviceAccountEmail":null,"vpc":null,"platform":"gcfv2","labels":{},"eventTrigger":{"eventType":"google.cloud.firestore.document.v1.written","eventFilters":{"database":"(default)","namespace":"(default)"},"eventFilterPathPatterns":{"document":"businesses/{tenantId}/jobs/{jobId}/chat_messages/{messageId}"},"retry":false},"entryPoint":"onJobChatMessageWritten"},"onJobActivityWritten":{"availableMemoryMb":null,"timeoutSeconds":null,"minInstances":null,"maxInstances":null,"ingressSettings":null,"concurrency":null,"serviceAccountEmail":null,"vpc":null,"platform":"gcfv2","labels":{},"eventTrigger":{"eventType":"google.cloud.firestore.document.v1.written","eventFilters":{"database":"(default)","namespace":"(default)"},"eventFilterPathPatterns":{"document":"businesses/{tenantId}/jobs/{jobId}/activity/{activityId}"},"retry":false},"entryPoint":"onJobActivityWritten"},"aggregateEfficiencyStats":{"platform":"gcfv1","availableMemoryMb":null,"timeoutSeconds":null,"minInstances":null,"maxInstances":null,"ingressSettings":null,"serviceAccountEmail":null,"vpc":null,"scheduleTrigger":{"schedule":"*/30 * * * *","retryConfig":{"retryCount":null,"maxDoublings":null,"maxRetryDuration":null,"maxBackoffDuration":null,"minBackoffDuration":null},"timeZone":null},"labels":{},"entryPoint":"aggregateEfficiencyStats"},"forceAggregateEfficiencyStats":{"platform":"gcfv1","labels":{},"availableMemoryMb":null,"timeoutSeconds":null,"minInstances":null,"maxInstances":null,"ingressSettings":null,"serviceAccountEmail":null,"vpc":null,"callableTrigger":{},"entryPoint":"forceAggregateEfficiencyStats"}},"specVersion":"v1alpha1","requiredAPIs":[{"api":"cloudscheduler.googleapis.com","reason":"Needed for scheduled functions."}]}
[info] +  functions: Loaded functions definitions from source: runOneTimeMigration, migrateZones, api, generateAutomatedReports, aggregateShopVitals, onMessageReceived, onAnnouncementCreated, onQbCustomerWrite, onQbJobWrite, onQbEmployeeWrite, onQbTimeTrackingWrite, syncStaffPermissions, onChatMessage, onZoneUpdated, onJobUpdated, checkStaleBays, onActivityFeedCreated, onJobTaskWritten, onJobChatMessageWritten, onJobActivityWritten, aggregateEfficiencyStats, forceAggregateEfficiencyStats. {"metadata":{"emulator":{"name":"functions"},"message":"Loaded functions definitions from source: runOneTimeMigration, migrateZones, api, generateAutomatedReports, aggregateShopVitals, onMessageReceived, onAnnouncementCreated, onQbCustomerWrite, onQbJobWrite, onQbEmployeeWrite, onQbTimeTrackingWrite, syncStaffPermissions, onChatMessage, onZoneUpdated, onJobUpdated, checkStaleBays, onActivityFeedCreated, onJobTaskWritten, onJobChatMessageWritten, onJobActivityWritten, aggregateEfficiencyStats, forceAggregateEfficiencyStats."}}
[debug] [2026-06-27T13:45:05.235Z] File C:\_Projects\upfittersos.com\apps\functions\lib\debug_queue.js.map changed, reloading triggers {"metadata":{"emulator":{"name":"functions"},"message":"File C:\\_Projects\\upfittersos.com\\apps\\functions\\lib\\debug_queue.js.map changed, reloading triggers"}}
[debug] [2026-06-27T13:45:05.235Z] File C:\_Projects\upfittersos.com\apps\functions\lib\debug_queue.js changed, reloading triggers {"metadata":{"emulator":{"name":"functions"},"message":"File C:\\_Projects\\upfittersos.com\\apps\\functions\\lib\\debug_queue.js changed, reloading triggers"}}
[debug] [2026-06-27T13:45:05.253Z] File C:\_Projects\upfittersos.com\apps\functions\lib\services\companyCam.service.js.map changed, reloading triggers {"metadata":{"emulator":{"name":"functions"},"message":"File C:\\_Projects\\upfittersos.com\\apps\\functions\\lib\\services\\companyCam.service.js.map changed, reloading triggers"}}
[debug] [2026-06-27T13:45:05.255Z] File C:\_Projects\upfittersos.com\apps\functions\lib\services\companyCam.service.js changed, reloading triggers {"metadata":{"emulator":{"name":"functions"},"message":"File C:\\_Projects\\upfittersos.com\\apps\\functions\\lib\\services\\companyCam.service.js changed, reloading triggers"}}
[debug] [2026-06-27T13:45:05.256Z] File C:\_Projects\upfittersos.com\apps\functions\lib\middleware\companyCamWebhook.js.map changed, reloading triggers {"metadata":{"emulator":{"name":"functions"},"message":"File C:\\_Projects\\upfittersos.com\\apps\\functions\\lib\\middleware\\companyCamWebhook.js.map changed, reloading triggers"}}
[debug] [2026-06-27T13:45:05.257Z] File C:\_Projects\upfittersos.com\apps\functions\lib\middleware\companyCamWebhook.js changed, reloading triggers {"metadata":{"emulator":{"name":"functions"},"message":"File C:\\_Projects\\upfittersos.com\\apps\\functions\\lib\\middleware\\companyCamWebhook.js changed, reloading triggers"}}
[debug] [2026-06-27T13:45:05.261Z] File C:\_Projects\upfittersos.com\apps\functions\lib\middleware\auth.middleware.js.map changed, reloading triggers {"metadata":{"emulator":{"name":"functions"},"message":"File C:\\_Projects\\upfittersos.com\\apps\\functions\\lib\\middleware\\auth.middleware.js.map changed, reloading triggers"}}
[debug] [2026-06-27T13:45:05.262Z] File C:\_Projects\upfittersos.com\apps\functions\lib\middleware\auth.middleware.js changed, reloading triggers {"metadata":{"emulator":{"name":"functions"},"message":"File C:\\_Projects\\upfittersos.com\\apps\\functions\\lib\\middleware\\auth.middleware.js changed, reloading triggers"}}
[debug] [2026-06-27T13:45:05.268Z] File C:\_Projects\upfittersos.com\apps\functions\lib\routes\companyCam.routes.js.map changed, reloading triggers {"metadata":{"emulator":{"name":"functions"},"message":"File C:\\_Projects\\upfittersos.com\\apps\\functions\\lib\\routes\\companyCam.routes.js.map changed, reloading triggers"}}
[debug] [2026-06-27T13:45:05.270Z] File C:\_Projects\upfittersos.com\apps\functions\lib\routes\companyCam.routes.js changed, reloading triggers {"metadata":{"emulator":{"name":"functions"},"message":"File C:\\_Projects\\upfittersos.com\\apps\\functions\\lib\\routes\\companyCam.routes.js changed, reloading triggers"}}
[debug] [2026-06-27T13:45:05.276Z] File C:\_Projects\upfittersos.com\apps\functions\lib\routes\scan.routes.js.map changed, reloading triggers {"metadata":{"emulator":{"name":"functions"},"message":"File C:\\_Projects\\upfittersos.com\\apps\\functions\\lib\\routes\\scan.routes.js.map changed, reloading triggers"}}
[debug] [2026-06-27T13:45:05.277Z] File C:\_Projects\upfittersos.com\apps\functions\lib\routes\scan.routes.js changed, reloading triggers {"metadata":{"emulator":{"name":"functions"},"message":"File C:\\_Projects\\upfittersos.com\\apps\\functions\\lib\\routes\\scan.routes.js changed, reloading triggers"}}
[debug] [2026-06-27T13:45:05.296Z] File C:\_Projects\upfittersos.com\apps\functions\lib\services\qbwc.service.js.map changed, reloading triggers {"metadata":{"emulator":{"name":"functions"},"message":"File C:\\_Projects\\upfittersos.com\\apps\\functions\\lib\\services\\qbwc.service.js.map changed, reloading triggers"}}
[debug] [2026-06-27T13:45:05.297Z] File C:\_Projects\upfittersos.com\apps\functions\lib\services\qbwc.service.js changed, reloading triggers {"metadata":{"emulator":{"name":"functions"},"message":"File C:\\_Projects\\upfittersos.com\\apps\\functions\\lib\\services\\qbwc.service.js changed, reloading triggers"}}
[debug] [2026-06-27T13:45:05.319Z] File C:\_Projects\upfittersos.com\apps\functions\lib\routes\qbwc.routes.js.map changed, reloading triggers {"metadata":{"emulator":{"name":"functions"},"message":"File C:\\_Projects\\upfittersos.com\\apps\\functions\\lib\\routes\\qbwc.routes.js.map changed, reloading triggers"}}
[debug] [2026-06-27T13:45:05.324Z] File C:\_Projects\upfittersos.com\apps\functions\lib\routes\qbwc.routes.js changed, reloading triggers {"metadata":{"emulator":{"name":"functions"},"message":"File C:\\_Projects\\upfittersos.com\\apps\\functions\\lib\\routes\\qbwc.routes.js changed, reloading triggers"}}
[debug] [2026-06-27T13:45:05.330Z] File C:\_Projects\upfittersos.com\apps\functions\lib\routes\units.routes.js.map changed, reloading triggers {"metadata":{"emulator":{"name":"functions"},"message":"File C:\\_Projects\\upfittersos.com\\apps\\functions\\lib\\routes\\units.routes.js.map changed, reloading triggers"}}
[debug] [2026-06-27T13:45:05.330Z] File C:\_Projects\upfittersos.com\apps\functions\lib\routes\units.routes.js changed, reloading triggers {"metadata":{"emulator":{"name":"functions"},"message":"File C:\\_Projects\\upfittersos.com\\apps\\functions\\lib\\routes\\units.routes.js changed, reloading triggers"}}
[debug] [2026-06-27T13:45:05.345Z] File C:\_Projects\upfittersos.com\apps\functions\lib\routes\inventory.routes.js.map changed, reloading triggers {"metadata":{"emulator":{"name":"functions"},"message":"File C:\\_Projects\\upfittersos.com\\apps\\functions\\lib\\routes\\inventory.routes.js.map changed, reloading triggers"}}
[debug] [2026-06-27T13:45:05.347Z] File C:\_Projects\upfittersos.com\apps\functions\lib\routes\inventory.routes.js changed, reloading triggers {"metadata":{"emulator":{"name":"functions"},"message":"File C:\\_Projects\\upfittersos.com\\apps\\functions\\lib\\routes\\inventory.routes.js changed, reloading triggers"}}
[debug] [2026-06-27T13:45:05.351Z] File C:\_Projects\upfittersos.com\apps\functions\lib\utils\permissions.js.map changed, reloading triggers {"metadata":{"emulator":{"name":"functions"},"message":"File C:\\_Projects\\upfittersos.com\\apps\\functions\\lib\\utils\\permissions.js.map changed, reloading triggers"}}
[debug] [2026-06-27T13:45:05.353Z] File C:\_Projects\upfittersos.com\apps\functions\lib\utils\permissions.js changed, reloading triggers {"metadata":{"emulator":{"name":"functions"},"message":"File C:\\_Projects\\upfittersos.com\\apps\\functions\\lib\\utils\\permissions.js changed, reloading triggers"}}
[debug] [2026-06-27T13:45:05.361Z] File C:\_Projects\upfittersos.com\apps\functions\lib\routes\tasks.routes.js.map changed, reloading triggers {"metadata":{"emulator":{"name":"functions"},"message":"File C:\\_Projects\\upfittersos.com\\apps\\functions\\lib\\routes\\tasks.routes.js.map changed, reloading triggers"}}
[debug] [2026-06-27T13:45:05.362Z] File C:\_Projects\upfittersos.com\apps\functions\lib\routes\tasks.routes.js changed, reloading triggers {"metadata":{"emulator":{"name":"functions"},"message":"File C:\\_Projects\\upfittersos.com\\apps\\functions\\lib\\routes\\tasks.routes.js changed, reloading triggers"}}
[debug] [2026-06-27T13:45:05.374Z] File C:\_Projects\upfittersos.com\apps\functions\lib\routes\task_templates.routes.js.map changed, reloading triggers {"metadata":{"emulator":{"name":"functions"},"message":"File C:\\_Projects\\upfittersos.com\\apps\\functions\\lib\\routes\\task_templates.routes.js.map changed, reloading triggers"}}
[debug] [2026-06-27T13:45:05.376Z] File C:\_Projects\upfittersos.com\apps\functions\lib\routes\task_templates.routes.js changed, reloading triggers {"metadata":{"emulator":{"name":"functions"},"message":"File C:\\_Projects\\upfittersos.com\\apps\\functions\\lib\\routes\\task_templates.routes.js changed, reloading triggers"}}
[debug] [2026-06-27T13:45:05.382Z] File C:\_Projects\upfittersos.com\apps\functions\lib\routes\customers.routes.js.map changed, reloading triggers {"metadata":{"emulator":{"name":"functions"},"message":"File C:\\_Projects\\upfittersos.com\\apps\\functions\\lib\\routes\\customers.routes.js.map changed, reloading triggers"}}
[debug] [2026-06-27T13:45:05.383Z] File C:\_Projects\upfittersos.com\apps\functions\lib\routes\customers.routes.js changed, reloading triggers {"metadata":{"emulator":{"name":"functions"},"message":"File C:\\_Projects\\upfittersos.com\\apps\\functions\\lib\\routes\\customers.routes.js changed, reloading triggers"}}
[debug] [2026-06-27T13:45:05.389Z] File C:\_Projects\upfittersos.com\apps\functions\lib\routes\vehicles.routes.js.map changed, reloading triggers {"metadata":{"emulator":{"name":"functions"},"message":"File C:\\_Projects\\upfittersos.com\\apps\\functions\\lib\\routes\\vehicles.routes.js.map changed, reloading triggers"}}
[debug] [2026-06-27T13:45:05.391Z] File C:\_Projects\upfittersos.com\apps\functions\lib\routes\vehicles.routes.js changed, reloading triggers {"metadata":{"emulator":{"name":"functions"},"message":"File C:\\_Projects\\upfittersos.com\\apps\\functions\\lib\\routes\\vehicles.routes.js changed, reloading triggers"}}
[debug] [2026-06-27T13:45:05.416Z] File C:\_Projects\upfittersos.com\apps\functions\lib\routes\jobs.routes.js.map changed, reloading triggers {"metadata":{"emulator":{"name":"functions"},"message":"File C:\\_Projects\\upfittersos.com\\apps\\functions\\lib\\routes\\jobs.routes.js.map changed, reloading triggers"}}
[debug] [2026-06-27T13:45:05.418Z] File C:\_Projects\upfittersos.com\apps\functions\lib\routes\jobs.routes.js changed, reloading triggers {"metadata":{"emulator":{"name":"functions"},"message":"File C:\\_Projects\\upfittersos.com\\apps\\functions\\lib\\routes\\jobs.routes.js changed, reloading triggers"}}
[debug] [2026-06-27T13:45:05.426Z] File C:\_Projects\upfittersos.com\apps\functions\lib\routes\areas.routes.js.map changed, reloading triggers {"metadata":{"emulator":{"name":"functions"},"message":"File C:\\_Projects\\upfittersos.com\\apps\\functions\\lib\\routes\\areas.routes.js.map changed, reloading triggers"}}
[debug] [2026-06-27T13:45:05.429Z] File C:\_Projects\upfittersos.com\apps\functions\lib\routes\areas.routes.js changed, reloading triggers {"metadata":{"emulator":{"name":"functions"},"message":"File C:\\_Projects\\upfittersos.com\\apps\\functions\\lib\\routes\\areas.routes.js changed, reloading triggers"}}
[debug] [2026-06-27T13:45:05.435Z] File C:\_Projects\upfittersos.com\apps\functions\lib\routes\time.routes.js.map changed, reloading triggers {"metadata":{"emulator":{"name":"functions"},"message":"File C:\\_Projects\\upfittersos.com\\apps\\functions\\lib\\routes\\time.routes.js.map changed, reloading triggers"}}
[debug] [2026-06-27T13:45:05.439Z] File C:\_Projects\upfittersos.com\apps\functions\lib\routes\time.routes.js changed, reloading triggers {"metadata":{"emulator":{"name":"functions"},"message":"File C:\\_Projects\\upfittersos.com\\apps\\functions\\lib\\routes\\time.routes.js changed, reloading triggers"}}
[debug] [2026-06-27T13:45:05.444Z] File C:\_Projects\upfittersos.com\apps\functions\lib\routes\purchase_orders.routes.js.map changed, reloading triggers {"metadata":{"emulator":{"name":"functions"},"message":"File C:\\_Projects\\upfittersos.com\\apps\\functions\\lib\\routes\\purchase_orders.routes.js.map changed, reloading triggers"}}
[debug] [2026-06-27T13:45:05.444Z] File C:\_Projects\upfittersos.com\apps\functions\lib\routes\purchase_orders.routes.js changed, reloading triggers {"metadata":{"emulator":{"name":"functions"},"message":"File C:\\_Projects\\upfittersos.com\\apps\\functions\\lib\\routes\\purchase_orders.routes.js changed, reloading triggers"}}
[debug] [2026-06-27T13:45:05.447Z] File C:\_Projects\upfittersos.com\apps\functions\lib\routes\deliveries.routes.js.map changed, reloading triggers {"metadata":{"emulator":{"name":"functions"},"message":"File C:\\_Projects\\upfittersos.com\\apps\\functions\\lib\\routes\\deliveries.routes.js.map changed, reloading triggers"}}
[debug] [2026-06-27T13:45:05.448Z] File C:\_Projects\upfittersos.com\apps\functions\lib\routes\deliveries.routes.js changed, reloading triggers {"metadata":{"emulator":{"name":"functions"},"message":"File C:\\_Projects\\upfittersos.com\\apps\\functions\\lib\\routes\\deliveries.routes.js changed, reloading triggers"}}
[debug] [2026-06-27T13:45:05.451Z] File C:\_Projects\upfittersos.com\apps\functions\lib\notifications.js.map changed, reloading triggers {"metadata":{"emulator":{"name":"functions"},"message":"File C:\\_Projects\\upfittersos.com\\apps\\functions\\lib\\notifications.js.map changed, reloading triggers"}}
[debug] [2026-06-27T13:45:05.453Z] File C:\_Projects\upfittersos.com\apps\functions\lib\notifications.js changed, reloading triggers {"metadata":{"emulator":{"name":"functions"},"message":"File C:\\_Projects\\upfittersos.com\\apps\\functions\\lib\\notifications.js changed, reloading triggers"}}
[debug] [2026-06-27T13:45:05.469Z] File C:\_Projects\upfittersos.com\apps\functions\lib\triggers\qbSync.js.map changed, reloading triggers {"metadata":{"emulator":{"name":"functions"},"message":"File C:\\_Projects\\upfittersos.com\\apps\\functions\\lib\\triggers\\qbSync.js.map changed, reloading triggers"}}
[debug] [2026-06-27T13:45:05.471Z] File C:\_Projects\upfittersos.com\apps\functions\lib\triggers\qbSync.js changed, reloading triggers {"metadata":{"emulator":{"name":"functions"},"message":"File C:\\_Projects\\upfittersos.com\\apps\\functions\\lib\\triggers\\qbSync.js changed, reloading triggers"}}
[debug] [2026-06-27T13:45:05.473Z] File C:\_Projects\upfittersos.com\apps\functions\lib\triggers\staffTriggers.js.map changed, reloading triggers {"metadata":{"emulator":{"name":"functions"},"message":"File C:\\_Projects\\upfittersos.com\\apps\\functions\\lib\\triggers\\staffTriggers.js.map changed, reloading triggers"}}
[debug] [2026-06-27T13:45:05.474Z] File C:\_Projects\upfittersos.com\apps\functions\lib\triggers\staffTriggers.js changed, reloading triggers {"metadata":{"emulator":{"name":"functions"},"message":"File C:\\_Projects\\upfittersos.com\\apps\\functions\\lib\\triggers\\staffTriggers.js changed, reloading triggers"}}
[debug] [2026-06-27T13:45:05.477Z] File C:\_Projects\upfittersos.com\apps\functions\lib\triggers\chatTriggers.js.map changed, reloading triggers {"metadata":{"emulator":{"name":"functions"},"message":"File C:\\_Projects\\upfittersos.com\\apps\\functions\\lib\\triggers\\chatTriggers.js.map changed, reloading triggers"}}
[debug] [2026-06-27T13:45:05.478Z] File C:\_Projects\upfittersos.com\apps\functions\lib\triggers\chatTriggers.js changed, reloading triggers {"metadata":{"emulator":{"name":"functions"},"message":"File C:\\_Projects\\upfittersos.com\\apps\\functions\\lib\\triggers\\chatTriggers.js changed, reloading triggers"}}
[debug] [2026-06-27T13:45:05.493Z] File C:\_Projects\upfittersos.com\apps\functions\lib\triggers\shopFloorTriggers.js.map changed, reloading triggers {"metadata":{"emulator":{"name":"functions"},"message":"File C:\\_Projects\\upfittersos.com\\apps\\functions\\lib\\triggers\\shopFloorTriggers.js.map changed, reloading triggers"}}
[debug] [2026-06-27T13:45:05.494Z] File C:\_Projects\upfittersos.com\apps\functions\lib\triggers\shopFloorTriggers.js changed, reloading triggers {"metadata":{"emulator":{"name":"functions"},"message":"File C:\\_Projects\\upfittersos.com\\apps\\functions\\lib\\triggers\\shopFloorTriggers.js changed, reloading triggers"}}
[debug] [2026-06-27T13:45:05.502Z] File C:\_Projects\upfittersos.com\apps\functions\lib\reports\efficiencyCron.js.map changed, reloading triggers {"metadata":{"emulator":{"name":"functions"},"message":"File C:\\_Projects\\upfittersos.com\\apps\\functions\\lib\\reports\\efficiencyCron.js.map changed, reloading triggers"}}
[debug] [2026-06-27T13:45:05.502Z] File C:\_Projects\upfittersos.com\apps\functions\lib\reports\efficiencyCron.js changed, reloading triggers {"metadata":{"emulator":{"name":"functions"},"message":"File C:\\_Projects\\upfittersos.com\\apps\\functions\\lib\\reports\\efficiencyCron.js changed, reloading triggers"}}
[debug] [2026-06-27T13:45:05.504Z] File C:\_Projects\upfittersos.com\apps\functions\lib\reports\mailer.js.map changed, reloading triggers {"metadata":{"emulator":{"name":"functions"},"message":"File C:\\_Projects\\upfittersos.com\\apps\\functions\\lib\\reports\\mailer.js.map changed, reloading triggers"}}
[debug] [2026-06-27T13:45:05.506Z] File C:\_Projects\upfittersos.com\apps\functions\lib\reports\mailer.js changed, reloading triggers {"metadata":{"emulator":{"name":"functions"},"message":"File C:\\_Projects\\upfittersos.com\\apps\\functions\\lib\\reports\\mailer.js changed, reloading triggers"}}
[debug] [2026-06-27T13:45:05.510Z] File C:\_Projects\upfittersos.com\apps\functions\lib\reports\engine.js.map changed, reloading triggers {"metadata":{"emulator":{"name":"functions"},"message":"File C:\\_Projects\\upfittersos.com\\apps\\functions\\lib\\reports\\engine.js.map changed, reloading triggers"}}
[debug] [2026-06-27T13:45:05.511Z] File C:\_Projects\upfittersos.com\apps\functions\lib\reports\engine.js changed, reloading triggers {"metadata":{"emulator":{"name":"functions"},"message":"File C:\\_Projects\\upfittersos.com\\apps\\functions\\lib\\reports\\engine.js changed, reloading triggers"}}
[debug] [2026-06-27T13:45:05.517Z] File C:\_Projects\upfittersos.com\apps\functions\lib\metrics\vitalsCron.js.map changed, reloading triggers {"metadata":{"emulator":{"name":"functions"},"message":"File C:\\_Projects\\upfittersos.com\\apps\\functions\\lib\\metrics\\vitalsCron.js.map changed, reloading triggers"}}
[debug] [2026-06-27T13:45:05.517Z] File C:\_Projects\upfittersos.com\apps\functions\lib\metrics\vitalsCron.js changed, reloading triggers {"metadata":{"emulator":{"name":"functions"},"message":"File C:\\_Projects\\upfittersos.com\\apps\\functions\\lib\\metrics\\vitalsCron.js changed, reloading triggers"}}
[debug] [2026-06-27T13:45:05.546Z] File C:\_Projects\upfittersos.com\apps\functions\lib\index.js.map changed, reloading triggers {"metadata":{"emulator":{"name":"functions"},"message":"File C:\\_Projects\\upfittersos.com\\apps\\functions\\lib\\index.js.map changed, reloading triggers"}}
[debug] [2026-06-27T13:45:05.547Z] File C:\_Projects\upfittersos.com\apps\functions\lib\index.js changed, reloading triggers {"metadata":{"emulator":{"name":"functions"},"message":"File C:\\_Projects\\upfittersos.com\\apps\\functions\\lib\\index.js changed, reloading triggers"}}
[debug] [2026-06-27T13:45:05.552Z] File C:\_Projects\upfittersos.com\apps\functions\lib\qbwc_local_server.js.map changed, reloading triggers {"metadata":{"emulator":{"name":"functions"},"message":"File C:\\_Projects\\upfittersos.com\\apps\\functions\\lib\\qbwc_local_server.js.map changed, reloading triggers"}}
[debug] [2026-06-27T13:45:05.555Z] File C:\_Projects\upfittersos.com\apps\functions\lib\qbwc_local_server.js changed, reloading triggers {"metadata":{"emulator":{"name":"functions"},"message":"File C:\\_Projects\\upfittersos.com\\apps\\functions\\lib\\qbwc_local_server.js changed, reloading triggers"}}
[debug] [2026-06-27T13:45:05.556Z] File C:\_Projects\upfittersos.com\apps\functions\lib\scripts\migrate_feedback.js.map changed, reloading triggers {"metadata":{"emulator":{"name":"functions"},"message":"File C:\\_Projects\\upfittersos.com\\apps\\functions\\lib\\scripts\\migrate_feedback.js.map changed, reloading triggers"}}
[debug] [2026-06-27T13:45:05.557Z] File C:\_Projects\upfittersos.com\apps\functions\lib\scripts\migrate_feedback.js changed, reloading triggers {"metadata":{"emulator":{"name":"functions"},"message":"File C:\\_Projects\\upfittersos.com\\apps\\functions\\lib\\scripts\\migrate_feedback.js changed, reloading triggers"}}
[debug] [2026-06-27T13:45:05.558Z] File C:\_Projects\upfittersos.com\apps\functions\lib\scripts\migrate_jobs_defaults.js.map changed, reloading triggers {"metadata":{"emulator":{"name":"functions"},"message":"File C:\\_Projects\\upfittersos.com\\apps\\functions\\lib\\scripts\\migrate_jobs_defaults.js.map changed, reloading triggers"}}
[debug] [2026-06-27T13:45:05.560Z] File C:\_Projects\upfittersos.com\apps\functions\lib\scripts\migrate_jobs_defaults.js changed, reloading triggers {"metadata":{"emulator":{"name":"functions"},"message":"File C:\\_Projects\\upfittersos.com\\apps\\functions\\lib\\scripts\\migrate_jobs_defaults.js changed, reloading triggers"}}
[debug] [2026-06-27T13:45:05.792Z] File C:\_Projects\upfittersos.com\apps\functions\lib\swagger.yaml changed, reloading triggers {"metadata":{"emulator":{"name":"functions"},"message":"File C:\\_Projects\\upfittersos.com\\apps\\functions\\lib\\swagger.yaml changed, reloading triggers"}}
[debug] [2026-06-27T13:45:06.795Z] Validating nodejs source
[warn] !  functions: package.json indicates an outdated version of firebase-functions. Please upgrade using npm install --save firebase-functions@latest in your functions directory. 
[warn] !  functions: Please note that there will be breaking changes when you upgrade. 
[debug] [2026-06-27T13:45:07.808Z] > [functions] package.json contents: {
  "name": "saegroup-os-api",
  "version": "1.0.0",
  "description": "SAE Group OS REST API",
  "main": "lib/index.js",
  "scripts": {
    "build": "tsc && copy src\\swagger.yaml lib\\",
    "serve": "npm run build && firebase emulators:start --only functions",
    "shell": "npm run build && firebase functions:shell",
    "start": "npm run shell",
    "deploy": "firebase deploy --only functions",
    "logs": "firebase functions:log"
  },
  "engines": {
    "node": "20"
  },
  "dependencies": {
    "axios": "^1.14.0",
    "cors": "^2.8.5",
    "dotenv": "^16.4.5",
    "express": "^4.18.2",
    "firebase-admin": "^12.0.0",
    "firebase-functions": "^4.8.0",
    "googleapis": "^171.4.0",
    "swagger-ui-express": "^5.0.0",
    "xml2js": "^0.6.2",
    "yamljs": "^0.3.0"
  },
  "devDependencies": {
    "@types/cors": "^2.8.17",
    "@types/express": "^4.17.21",
    "@types/swagger-ui-express": "^4.1.6",
    "@types/xml2js": "^0.4.14",
    "@types/yamljs": "^0.2.34",
    "typescript": "^5.4.2"
  },
  "private": true
}
[debug] [2026-06-27T13:45:07.808Z] Building nodejs source
[debug] [2026-06-27T13:45:07.808Z] Failed to find version of module node: reached end of search path C:\_Projects\upfittersos.com\apps\functions\node_modules
[warn] !  functions: Your requested "node" version "20" doesn't match your global version "24". Using node@24 from host. 
[info] i  functions: Loaded environment variables from .env. 
[info] i  functions: You are using a version of firebase-functions SDK (4.9.0) that does not have support for the newest Firebase Extensions features. Please update firebase-functions SDK to >=5.1.0 to use them correctly 
[debug] [2026-06-27T13:45:07.809Z] Could not find functions.yaml. Must use http discovery
[debug] [2026-06-27T13:45:07.816Z] Found firebase-functions binary at 'C:\_Projects\upfittersos.com\node_modules\.bin\firebase-functions'
[info] Serving at port 8745

[debug] [2026-06-27T13:45:10.106Z] Got response from /__/functions.yaml {"endpoints":{"runOneTimeMigration":{"platform":"gcfv1","availableMemoryMb":null,"timeoutSeconds":null,"minInstances":null,"maxInstances":null,"ingressSettings":null,"serviceAccountEmail":null,"vpc":null,"httpsTrigger":{},"entryPoint":"runOneTimeMigration"},"migrateZones":{"platform":"gcfv1","availableMemoryMb":null,"timeoutSeconds":null,"minInstances":null,"maxInstances":null,"ingressSettings":null,"serviceAccountEmail":null,"vpc":null,"httpsTrigger":{},"entryPoint":"migrateZones"},"api":{"platform":"gcfv1","availableMemoryMb":null,"timeoutSeconds":null,"minInstances":null,"maxInstances":null,"ingressSettings":null,"serviceAccountEmail":null,"vpc":null,"httpsTrigger":{},"entryPoint":"api"},"generateAutomatedReports":{"platform":"gcfv1","availableMemoryMb":null,"timeoutSeconds":null,"minInstances":null,"maxInstances":null,"ingressSettings":null,"serviceAccountEmail":null,"vpc":null,"scheduleTrigger":{"schedule":"0 * * * *","retryConfig":{"retryCount":null,"maxDoublings":null,"maxRetryDuration":null,"maxBackoffDuration":null,"minBackoffDuration":null},"timeZone":null},"labels":{},"entryPoint":"generateAutomatedReports"},"aggregateShopVitals":{"platform":"gcfv1","availableMemoryMb":null,"timeoutSeconds":null,"minInstances":null,"maxInstances":null,"ingressSettings":null,"serviceAccountEmail":null,"vpc":null,"scheduleTrigger":{"schedule":"*/30 * * * *","retryConfig":{"retryCount":null,"maxDoublings":null,"maxRetryDuration":null,"maxBackoffDuration":null,"minBackoffDuration":null},"timeZone":null},"labels":{},"entryPoint":"aggregateShopVitals"},"onMessageReceived":{"availableMemoryMb":null,"timeoutSeconds":null,"minInstances":null,"maxInstances":null,"ingressSettings":null,"concurrency":null,"serviceAccountEmail":null,"vpc":null,"platform":"gcfv2","labels":{},"eventTrigger":{"eventType":"google.cloud.firestore.document.v1.created","eventFilters":{"database":"(default)","namespace":"(default)"},"eventFilterPathPatterns":{"document":"messages/{messageId}"},"retry":false},"entryPoint":"onMessageReceived"},"onAnnouncementCreated":{"availableMemoryMb":null,"timeoutSeconds":null,"minInstances":null,"maxInstances":null,"ingressSettings":null,"concurrency":null,"serviceAccountEmail":null,"vpc":null,"platform":"gcfv2","labels":{},"eventTrigger":{"eventType":"google.cloud.firestore.document.v1.created","eventFilters":{"database":"(default)","namespace":"(default)"},"eventFilterPathPatterns":{"document":"announcements/{announcementId}"},"retry":false},"entryPoint":"onAnnouncementCreated"},"onQbCustomerWrite":{"platform":"gcfv1","availableMemoryMb":null,"timeoutSeconds":null,"minInstances":null,"maxInstances":null,"ingressSettings":null,"serviceAccountEmail":null,"vpc":null,"eventTrigger":{"eventType":"providers/cloud.firestore/eventTypes/document.write","eventFilters":{"resource":"projects/saegroup-c6487/databases/(default)/documents/businesses/{tenantId}/qb_customers/{customerId}"},"retry":false},"labels":{},"entryPoint":"onQbCustomerWrite"},"onQbJobWrite":{"platform":"gcfv1","availableMemoryMb":null,"timeoutSeconds":null,"minInstances":null,"maxInstances":null,"ingressSettings":null,"serviceAccountEmail":null,"vpc":null,"eventTrigger":{"eventType":"providers/cloud.firestore/eventTypes/document.write","eventFilters":{"resource":"projects/saegroup-c6487/databases/(default)/documents/businesses/{tenantId}/qb_jobs/{jobId}"},"retry":false},"labels":{},"entryPoint":"onQbJobWrite"},"onQbEmployeeWrite":{"platform":"gcfv1","availableMemoryMb":null,"timeoutSeconds":null,"minInstances":null,"maxInstances":null,"ingressSettings":null,"serviceAccountEmail":null,"vpc":null,"eventTrigger":{"eventType":"providers/cloud.firestore/eventTypes/document.write","eventFilters":{"resource":"projects/saegroup-c6487/databases/(default)/documents/businesses/{tenantId}/qb_employees/{employeeId}"},"retry":false},"labels":{},"entryPoint":"onQbEmployeeWrite"},"onQbTimeTrackingWrite":{"platform":"gcfv1","availableMemoryMb":null,"timeoutSeconds":null,"minInstances":null,"maxInstances":null,"ingressSettings":null,"serviceAccountEmail":null,"vpc":null,"eventTrigger":{"eventType":"providers/cloud.firestore/eventTypes/document.write","eventFilters":{"resource":"projects/saegroup-c6487/databases/(default)/documents/businesses/{tenantId}/qb_time_tracking/{timeId}"},"retry":false},"labels":{},"entryPoint":"onQbTimeTrackingWrite"},"syncStaffPermissions":{"platform":"gcfv1","availableMemoryMb":null,"timeoutSeconds":null,"minInstances":null,"maxInstances":null,"ingressSettings":null,"serviceAccountEmail":null,"vpc":null,"eventTrigger":{"eventType":"providers/cloud.firestore/eventTypes/document.write","eventFilters":{"resource":"projects/saegroup-c6487/databases/(default)/documents/businesses/{tenantId}/staff/{staffId}"},"retry":false},"labels":{},"entryPoint":"syncStaffPermissions"},"onChatMessage":{"platform":"gcfv1","availableMemoryMb":null,"timeoutSeconds":null,"minInstances":null,"maxInstances":null,"ingressSettings":null,"serviceAccountEmail":null,"vpc":null,"eventTrigger":{"eventType":"providers/cloud.firestore/eventTypes/document.create","eventFilters":{"resource":"projects/saegroup-c6487/databases/(default)/documents/businesses/{tenantId}/jobs/{jobId}/chat_messages/{messageId}"},"retry":false},"labels":{},"entryPoint":"onChatMessage"},"onZoneUpdated":{"availableMemoryMb":null,"timeoutSeconds":null,"minInstances":null,"maxInstances":null,"ingressSettings":null,"concurrency":null,"serviceAccountEmail":null,"vpc":null,"platform":"gcfv2","labels":{},"eventTrigger":{"eventType":"google.cloud.firestore.document.v1.updated","eventFilters":{"database":"(default)","namespace":"(default)"},"eventFilterPathPatterns":{"document":"businesses/{tenantId}/zones/{zoneId}"},"retry":false},"entryPoint":"onZoneUpdated"},"onJobUpdated":{"availableMemoryMb":null,"timeoutSeconds":null,"minInstances":null,"maxInstances":null,"ingressSettings":null,"concurrency":null,"serviceAccountEmail":null,"vpc":null,"platform":"gcfv2","labels":{},"eventTrigger":{"eventType":"google.cloud.firestore.document.v1.updated","eventFilters":{"database":"(default)","namespace":"(default)"},"eventFilterPathPatterns":{"document":"businesses/{tenantId}/jobs/{jobId}"},"retry":false},"entryPoint":"onJobUpdated"},"checkStaleBays":{"availableMemoryMb":null,"timeoutSeconds":null,"minInstances":null,"maxInstances":null,"ingressSettings":null,"concurrency":null,"serviceAccountEmail":null,"vpc":null,"platform":"gcfv2","labels":{},"scheduleTrigger":{"schedule":"every 15 minutes","retryConfig":{"retryCount":null,"maxDoublings":null,"maxRetrySeconds":null,"minBackoffSeconds":null,"maxBackoffSeconds":null},"timeZone":null},"entryPoint":"checkStaleBays"},"onActivityFeedCreated":{"availableMemoryMb":null,"timeoutSeconds":null,"minInstances":null,"maxInstances":null,"ingressSettings":null,"concurrency":null,"serviceAccountEmail":null,"vpc":null,"platform":"gcfv2","labels":{},"eventTrigger":{"eventType":"google.cloud.firestore.document.v1.created","eventFilters":{"database":"(default)","namespace":"(default)"},"eventFilterPathPatterns":{"document":"businesses/{tenantId}/activity_feed/{feedId}"},"retry":false},"entryPoint":"onActivityFeedCreated"},"onJobTaskWritten":{"availableMemoryMb":null,"timeoutSeconds":null,"minInstances":null,"maxInstances":null,"ingressSettings":null,"concurrency":null,"serviceAccountEmail":null,"vpc":null,"platform":"gcfv2","labels":{},"eventTrigger":{"eventType":"google.cloud.firestore.document.v1.written","eventFilters":{"database":"(default)","namespace":"(default)"},"eventFilterPathPatterns":{"document":"businesses/{tenantId}/jobs/{jobId}/tasks/{taskId}"},"retry":false},"entryPoint":"onJobTaskWritten"},"onJobChatMessageWritten":{"availableMemoryMb":null,"timeoutSeconds":null,"minInstances":null,"maxInstances":null,"ingressSettings":null,"concurrency":null,"serviceAccountEmail":null,"vpc":null,"platform":"gcfv2","labels":{},"eventTrigger":{"eventType":"google.cloud.firestore.document.v1.written","eventFilters":{"database":"(default)","namespace":"(default)"},"eventFilterPathPatterns":{"document":"businesses/{tenantId}/jobs/{jobId}/chat_messages/{messageId}"},"retry":false},"entryPoint":"onJobChatMessageWritten"},"onJobActivityWritten":{"availableMemoryMb":null,"timeoutSeconds":null,"minInstances":null,"maxInstances":null,"ingressSettings":null,"concurrency":null,"serviceAccountEmail":null,"vpc":null,"platform":"gcfv2","labels":{},"eventTrigger":{"eventType":"google.cloud.firestore.document.v1.written","eventFilters":{"database":"(default)","namespace":"(default)"},"eventFilterPathPatterns":{"document":"businesses/{tenantId}/jobs/{jobId}/activity/{activityId}"},"retry":false},"entryPoint":"onJobActivityWritten"},"aggregateEfficiencyStats":{"platform":"gcfv1","availableMemoryMb":null,"timeoutSeconds":null,"minInstances":null,"maxInstances":null,"ingressSettings":null,"serviceAccountEmail":null,"vpc":null,"scheduleTrigger":{"schedule":"*/30 * * * *","retryConfig":{"retryCount":null,"maxDoublings":null,"maxRetryDuration":null,"maxBackoffDuration":null,"minBackoffDuration":null},"timeZone":null},"labels":{},"entryPoint":"aggregateEfficiencyStats"},"forceAggregateEfficiencyStats":{"platform":"gcfv1","labels":{},"availableMemoryMb":null,"timeoutSeconds":null,"minInstances":null,"maxInstances":null,"ingressSettings":null,"serviceAccountEmail":null,"vpc":null,"callableTrigger":{},"entryPoint":"forceAggregateEfficiencyStats"}},"specVersion":"v1alpha1","requiredAPIs":[{"api":"cloudscheduler.googleapis.com","reason":"Needed for scheduled functions."}]}
[info] +  functions: Loaded functions definitions from source: runOneTimeMigration, migrateZones, api, generateAutomatedReports, aggregateShopVitals, onMessageReceived, onAnnouncementCreated, onQbCustomerWrite, onQbJobWrite, onQbEmployeeWrite, onQbTimeTrackingWrite, syncStaffPermissions, onChatMessage, onZoneUpdated, onJobUpdated, checkStaleBays, onActivityFeedCreated, onJobTaskWritten, onJobChatMessageWritten, onJobActivityWritten, aggregateEfficiencyStats, forceAggregateEfficiencyStats. {"metadata":{"emulator":{"name":"functions"},"message":"Loaded functions definitions from source: runOneTimeMigration, migrateZones, api, generateAutomatedReports, aggregateShopVitals, onMessageReceived, onAnnouncementCreated, onQbCustomerWrite, onQbJobWrite, onQbEmployeeWrite, onQbTimeTrackingWrite, syncStaffPermissions, onChatMessage, onZoneUpdated, onJobUpdated, checkStaleBays, onActivityFeedCreated, onJobTaskWritten, onJobChatMessageWritten, onJobActivityWritten, aggregateEfficiencyStats, forceAggregateEfficiencyStats."}}
[debug] [2026-06-27T14:16:38.713Z] [work-queue] {"queuedWork":["/saegroup-c6487/us-central1/api/jobs/7UPAoTuRKhhLVI2go3HZ/companycam-photos-2026-06-27T14:16:38.713Z"],"queueLength":1,"runningWork":[],"workRunningCount":0}
[debug] [2026-06-27T14:16:38.713Z] [work-queue] {"queuedWork":[],"queueLength":0,"runningWork":["/saegroup-c6487/us-central1/api/jobs/7UPAoTuRKhhLVI2go3HZ/companycam-photos-2026-06-27T14:16:38.713Z"],"workRunningCount":1}
[debug] [2026-06-27T14:16:38.713Z] Accepted request OPTIONS /saegroup-c6487/us-central1/api/jobs/7UPAoTuRKhhLVI2go3HZ/companycam-photos --> us-central1-api
[debug] [2026-06-27T14:16:38.714Z] [functions] Runtime ready! Sending request! {"metadata":{"emulator":{"name":"functions"},"message":"[functions] Runtime ready! Sending request!"}}
[debug] [2026-06-27T14:16:38.715Z] [functions] Got req.url=/saegroup-c6487/us-central1/api/jobs/7UPAoTuRKhhLVI2go3HZ/companycam-photos, mapping to path=/jobs/7UPAoTuRKhhLVI2go3HZ/companycam-photos {"metadata":{"emulator":{"name":"functions"},"message":"[functions] Got req.url=/saegroup-c6487/us-central1/api/jobs/7UPAoTuRKhhLVI2go3HZ/companycam-photos, mapping to path=/jobs/7UPAoTuRKhhLVI2go3HZ/companycam-photos"}}
[debug] [2026-06-27T14:16:38.715Z] [worker-pool] Cleaned up workers for us-central1-api: 1 --> 0 {"metadata":{"emulator":{"name":"functions"},"message":"[worker-pool] Cleaned up workers for us-central1-api: 1 --> 0"}}
[info] i  functions: Loaded environment variables from .env. 
[debug] [2026-06-27T14:16:38.721Z] [worker-pool] addWorker(us-central1-api) {"metadata":{"emulator":{"name":"functions"},"message":"[worker-pool] addWorker(us-central1-api)"}}
[debug] [2026-06-27T14:16:38.722Z] [worker-pool] Adding worker with key us-central1-api, total=1 {"metadata":{"emulator":{"name":"functions"},"message":"[worker-pool] Adding worker with key us-central1-api, total=1"}}
[debug] [2026-06-27T14:16:39.944Z] [runtime-status] [28804] Resolved module firebase-admin {"declared":true,"installed":true,"version":"12.7.0","resolution":"C:\\_Projects\\upfittersos.com\\node_modules\\firebase-admin\\lib\\index.js"} {"metadata":{"emulator":{"name":"functions"},"function":{"name":"us-central1-api"},"extension":{},"message":"[runtime-status] [28804] Resolved module firebase-admin {\"declared\":true,\"installed\":true,\"version\":\"12.7.0\",\"resolution\":\"C:\\\\_Projects\\\\upfittersos.com\\\\node_modules\\\\firebase-admin\\\\lib\\\\index.js\"}"}}
[debug] [2026-06-27T14:16:39.945Z] [runtime-status] [28804] Resolved module firebase-functions {"declared":true,"installed":true,"version":"4.9.0","resolution":"C:\\_Projects\\upfittersos.com\\node_modules\\firebase-functions\\lib\\v1\\index.js"} {"metadata":{"emulator":{"name":"functions"},"function":{"name":"us-central1-api"},"extension":{},"message":"[runtime-status] [28804] Resolved module firebase-functions {\"declared\":true,\"installed\":true,\"version\":\"4.9.0\",\"resolution\":\"C:\\\\_Projects\\\\upfittersos.com\\\\node_modules\\\\firebase-functions\\\\lib\\\\v1\\\\index.js\"}"}}
[debug] [2026-06-27T14:16:39.946Z] [runtime-status] [28804] Outgoing network have been stubbed. [{"name":"http","status":"mocked"},{"name":"http","status":"mocked"},{"name":"https","status":"mocked"},{"name":"https","status":"mocked"},{"name":"net","status":"mocked"}] {"metadata":{"emulator":{"name":"functions"},"function":{"name":"us-central1-api"},"extension":{},"message":"[runtime-status] [28804] Outgoing network have been stubbed. [{\"name\":\"http\",\"status\":\"mocked\"},{\"name\":\"http\",\"status\":\"mocked\"},{\"name\":\"https\",\"status\":\"mocked\"},{\"name\":\"https\",\"status\":\"mocked\"},{\"name\":\"net\",\"status\":\"mocked\"}]"}}
[debug] [2026-06-27T14:16:39.947Z] [runtime-status] [28804] Resolved module firebase-functions {"declared":true,"installed":true,"version":"4.9.0","resolution":"C:\\_Projects\\upfittersos.com\\node_modules\\firebase-functions\\lib\\v1\\index.js"} {"metadata":{"emulator":{"name":"functions"},"function":{"name":"us-central1-api"},"extension":{},"message":"[runtime-status] [28804] Resolved module firebase-functions {\"declared\":true,\"installed\":true,\"version\":\"4.9.0\",\"resolution\":\"C:\\\\_Projects\\\\upfittersos.com\\\\node_modules\\\\firebase-functions\\\\lib\\\\v1\\\\index.js\"}"}}
[debug] [2026-06-27T14:16:40.153Z] [runtime-status] [28804] Resolved module firebase-admin {"declared":true,"installed":true,"version":"12.7.0","resolution":"C:\\_Projects\\upfittersos.com\\node_modules\\firebase-admin\\lib\\index.js"} {"metadata":{"emulator":{"name":"functions"},"function":{"name":"us-central1-api"},"extension":{},"message":"[runtime-status] [28804] Resolved module firebase-admin {\"declared\":true,\"installed\":true,\"version\":\"12.7.0\",\"resolution\":\"C:\\\\_Projects\\\\upfittersos.com\\\\node_modules\\\\firebase-admin\\\\lib\\\\index.js\"}"}}
[debug] [2026-06-27T14:16:40.157Z] [runtime-status] [28804] Resolved module firebase-functions {"declared":true,"installed":true,"version":"4.9.0","resolution":"C:\\_Projects\\upfittersos.com\\node_modules\\firebase-functions\\lib\\v1\\index.js"} {"metadata":{"emulator":{"name":"functions"},"function":{"name":"us-central1-api"},"extension":{},"message":"[runtime-status] [28804] Resolved module firebase-functions {\"declared\":true,\"installed\":true,\"version\":\"4.9.0\",\"resolution\":\"C:\\\\_Projects\\\\upfittersos.com\\\\node_modules\\\\firebase-functions\\\\lib\\\\v1\\\\index.js\"}"}}
[debug] [2026-06-27T14:16:40.316Z] [runtime-status] [28804] firebase-admin has been stubbed. {"adminResolution":{"declared":true,"installed":true,"version":"12.7.0","resolution":"C:\\_Projects\\upfittersos.com\\node_modules\\firebase-admin\\lib\\index.js"}} {"metadata":{"emulator":{"name":"functions"},"function":{"name":"us-central1-api"},"extension":{},"message":"[runtime-status] [28804] firebase-admin has been stubbed. {\"adminResolution\":{\"declared\":true,\"installed\":true,\"version\":\"12.7.0\",\"resolution\":\"C:\\\\_Projects\\\\upfittersos.com\\\\node_modules\\\\firebase-admin\\\\lib\\\\index.js\"}}"}}
[debug] [2026-06-27T14:16:40.540Z] [runtime-status] [28804] initializeApp(DEFAULT) {"storageBucket":"saegroup-c6487.firebasestorage.app","projectId":"saegroup-c6487"} {"metadata":{"emulator":{"name":"functions"},"function":{"name":"us-central1-api"},"extension":{},"message":"[runtime-status] [28804] initializeApp(DEFAULT) {\"storageBucket\":\"saegroup-c6487.firebasestorage.app\",\"projectId\":\"saegroup-c6487\"}"}}
[debug] [2026-06-27T14:16:41.952Z] [runtime-status] [28804] Functions runtime initialized. {"cwd":"C:\\_Projects\\upfittersos.com\\apps\\functions","node_version":"24.13.0"} {"metadata":{"emulator":{"name":"functions"},"function":{"name":"us-central1-api"},"extension":{},"message":"[runtime-status] [28804] Functions runtime initialized. {\"cwd\":\"C:\\\\_Projects\\\\upfittersos.com\\\\apps\\\\functions\",\"node_version\":\"24.13.0\"}"}}
[debug] [2026-06-27T14:16:41.953Z] [runtime-status] [28804] Listening to port: \\?\pipe\fire_emu_b7d5a7d04b6aaae0 {"metadata":{"emulator":{"name":"functions"},"function":{"name":"us-central1-api"},"extension":{},"message":"[runtime-status] [28804] Listening to port: \\\\?\\pipe\\fire_emu_b7d5a7d04b6aaae0"}}
[debug] [2026-06-27T14:16:42.017Z] [worker-us-central1-api-ae89e708-4478-49b9-a1d8-7d07434afd22]: IDLE {"metadata":{"emulator":{"name":"functions"},"function":{"name":"us-central1-api"},"extension":{},"message":"[worker-us-central1-api-ae89e708-4478-49b9-a1d8-7d07434afd22]: IDLE"}}
[debug] [2026-06-27T14:16:42.017Z] [worker-pool] submitRequest(triggerId=us-central1-api) {"metadata":{"emulator":{"name":"functions"},"message":"[worker-pool] submitRequest(triggerId=us-central1-api)"}}
[info] i  functions: Beginning execution of "us-central1-api" {"metadata":{"emulator":{"name":"functions"},"function":{"name":"us-central1-api"},"extension":{},"message":"Beginning execution of \"us-central1-api\""}}
[debug] [2026-06-27T14:16:42.018Z] [worker-us-central1-api-ae89e708-4478-49b9-a1d8-7d07434afd22]: BUSY {"metadata":{"emulator":{"name":"functions"},"function":{"name":"us-central1-api"},"extension":{},"message":"[worker-us-central1-api-ae89e708-4478-49b9-a1d8-7d07434afd22]: BUSY"}}
[debug] [2026-06-27T14:16:42.021Z] Finishing up request with event=pause {"metadata":{"emulator":{"name":"functions"},"function":{"name":"us-central1-api"},"extension":{},"message":"Finishing up request with event=pause"}}
[info] i  functions: Finished "us-central1-api" in 3.5949ms {"metadata":{"emulator":{"name":"functions"},"function":{"name":"us-central1-api"},"extension":{},"message":"Finished \"us-central1-api\" in 3.5949ms"}}
[debug] [2026-06-27T14:16:42.021Z] [worker-us-central1-api-ae89e708-4478-49b9-a1d8-7d07434afd22]: IDLE {"metadata":{"emulator":{"name":"functions"},"function":{"name":"us-central1-api"},"extension":{},"message":"[worker-us-central1-api-ae89e708-4478-49b9-a1d8-7d07434afd22]: IDLE"}}
[debug] [2026-06-27T14:16:42.021Z] Finishing up request with event=finish {"metadata":{"emulator":{"name":"functions"},"function":{"name":"us-central1-api"},"extension":{},"message":"Finishing up request with event=finish"}}
[debug] [2026-06-27T14:16:42.021Z] Finishing up request with event=close {"metadata":{"emulator":{"name":"functions"},"function":{"name":"us-central1-api"},"extension":{},"message":"Finishing up request with event=close"}}
[debug] [2026-06-27T14:16:42.021Z] [work-queue] {"queuedWork":[],"queueLength":0,"runningWork":[],"workRunningCount":0}
[debug] [2026-06-27T14:16:42.022Z] [work-queue] {"queuedWork":["/saegroup-c6487/us-central1/api/jobs/7UPAoTuRKhhLVI2go3HZ/companycam-photos-2026-06-27T14:16:42.022Z"],"queueLength":1,"runningWork":[],"workRunningCount":0}
[debug] [2026-06-27T14:16:42.022Z] [work-queue] {"queuedWork":[],"queueLength":0,"runningWork":["/saegroup-c6487/us-central1/api/jobs/7UPAoTuRKhhLVI2go3HZ/companycam-photos-2026-06-27T14:16:42.022Z"],"workRunningCount":1}
[debug] [2026-06-27T14:16:42.023Z] Accepted request GET /saegroup-c6487/us-central1/api/jobs/7UPAoTuRKhhLVI2go3HZ/companycam-photos --> us-central1-api
[debug] [2026-06-27T14:16:42.023Z] [functions] Runtime ready! Sending request! {"metadata":{"emulator":{"name":"functions"},"message":"[functions] Runtime ready! Sending request!"}}
[debug] [2026-06-27T14:16:42.023Z] [functions] Got req.url=/saegroup-c6487/us-central1/api/jobs/7UPAoTuRKhhLVI2go3HZ/companycam-photos, mapping to path=/jobs/7UPAoTuRKhhLVI2go3HZ/companycam-photos {"metadata":{"emulator":{"name":"functions"},"message":"[functions] Got req.url=/saegroup-c6487/us-central1/api/jobs/7UPAoTuRKhhLVI2go3HZ/companycam-photos, mapping to path=/jobs/7UPAoTuRKhhLVI2go3HZ/companycam-photos"}}
[debug] [2026-06-27T14:16:42.023Z] [worker-pool] submitRequest(triggerId=us-central1-api) {"metadata":{"emulator":{"name":"functions"},"message":"[worker-pool] submitRequest(triggerId=us-central1-api)"}}
[info] i  functions: Beginning execution of "us-central1-api" {"metadata":{"emulator":{"name":"functions"},"function":{"name":"us-central1-api"},"extension":{},"message":"Beginning execution of \"us-central1-api\""}}
[debug] [2026-06-27T14:16:42.023Z] [worker-us-central1-api-ae89e708-4478-49b9-a1d8-7d07434afd22]: BUSY {"metadata":{"emulator":{"name":"functions"},"function":{"name":"us-central1-api"},"extension":{},"message":"[worker-us-central1-api-ae89e708-4478-49b9-a1d8-7d07434afd22]: BUSY"}}
[warn] !  Google API requested!
   - URL: "https://oauth2.googleapis.com/token"
   - Be careful, this may be a production service. {"metadata":{"emulator":{"name":"functions"},"function":{"name":"us-central1-api"},"extension":{},"message":"Google API requested!\n   - URL: \"https://oauth2.googleapis.com/token\"\n   - Be careful, this may be a production service."}}
[debug] [2026-06-27T14:16:43.112Z] Finishing up request with event=pause {"metadata":{"emulator":{"name":"functions"},"function":{"name":"us-central1-api"},"extension":{},"message":"Finishing up request with event=pause"}}
[info] i  functions: Finished "us-central1-api" in 1088.5581ms {"metadata":{"emulator":{"name":"functions"},"function":{"name":"us-central1-api"},"extension":{},"message":"Finished \"us-central1-api\" in 1088.5581ms"}}
[debug] [2026-06-27T14:16:43.112Z] [worker-us-central1-api-ae89e708-4478-49b9-a1d8-7d07434afd22]: IDLE {"metadata":{"emulator":{"name":"functions"},"function":{"name":"us-central1-api"},"extension":{},"message":"[worker-us-central1-api-ae89e708-4478-49b9-a1d8-7d07434afd22]: IDLE"}}
[debug] [2026-06-27T14:16:43.113Z] Finishing up request with event=finish {"metadata":{"emulator":{"name":"functions"},"function":{"name":"us-central1-api"},"extension":{},"message":"Finishing up request with event=finish"}}
[debug] [2026-06-27T14:16:43.113Z] Finishing up request with event=close {"metadata":{"emulator":{"name":"functions"},"function":{"name":"us-central1-api"},"extension":{},"message":"Finishing up request with event=close"}}
[debug] [2026-06-27T14:16:43.113Z] [work-queue] {"queuedWork":[],"queueLength":0,"runningWork":[],"workRunningCount":0}
[debug] [2026-06-27T14:17:10.601Z] [work-queue] {"queuedWork":["/saegroup-c6487/us-central1/api/jobs/NeikU3cH1UBZtZq3MMrm/companycam-photos-2026-06-27T14:17:10.601Z"],"queueLength":1,"runningWork":[],"workRunningCount":0}
[debug] [2026-06-27T14:17:10.601Z] [work-queue] {"queuedWork":[],"queueLength":0,"runningWork":["/saegroup-c6487/us-central1/api/jobs/NeikU3cH1UBZtZq3MMrm/companycam-photos-2026-06-27T14:17:10.601Z"],"workRunningCount":1}
[debug] [2026-06-27T14:17:10.601Z] Accepted request OPTIONS /saegroup-c6487/us-central1/api/jobs/NeikU3cH1UBZtZq3MMrm/companycam-photos --> us-central1-api
[debug] [2026-06-27T14:17:10.602Z] [functions] Runtime ready! Sending request! {"metadata":{"emulator":{"name":"functions"},"message":"[functions] Runtime ready! Sending request!"}}
[debug] [2026-06-27T14:17:10.602Z] [functions] Got req.url=/saegroup-c6487/us-central1/api/jobs/NeikU3cH1UBZtZq3MMrm/companycam-photos, mapping to path=/jobs/NeikU3cH1UBZtZq3MMrm/companycam-photos {"metadata":{"emulator":{"name":"functions"},"message":"[functions] Got req.url=/saegroup-c6487/us-central1/api/jobs/NeikU3cH1UBZtZq3MMrm/companycam-photos, mapping to path=/jobs/NeikU3cH1UBZtZq3MMrm/companycam-photos"}}
[debug] [2026-06-27T14:17:10.602Z] [worker-pool] submitRequest(triggerId=us-central1-api) {"metadata":{"emulator":{"name":"functions"},"message":"[worker-pool] submitRequest(triggerId=us-central1-api)"}}
[info] i  functions: Beginning execution of "us-central1-api" {"metadata":{"emulator":{"name":"functions"},"function":{"name":"us-central1-api"},"extension":{},"message":"Beginning execution of \"us-central1-api\""}}
[debug] [2026-06-27T14:17:10.602Z] [worker-us-central1-api-ae89e708-4478-49b9-a1d8-7d07434afd22]: BUSY {"metadata":{"emulator":{"name":"functions"},"function":{"name":"us-central1-api"},"extension":{},"message":"[worker-us-central1-api-ae89e708-4478-49b9-a1d8-7d07434afd22]: BUSY"}}
[debug] [2026-06-27T14:17:10.604Z] Finishing up request with event=pause {"metadata":{"emulator":{"name":"functions"},"function":{"name":"us-central1-api"},"extension":{},"message":"Finishing up request with event=pause"}}
[info] i  functions: Finished "us-central1-api" in 1.6792ms {"metadata":{"emulator":{"name":"functions"},"function":{"name":"us-central1-api"},"extension":{},"message":"Finished \"us-central1-api\" in 1.6792ms"}}
[debug] [2026-06-27T14:17:10.604Z] [worker-us-central1-api-ae89e708-4478-49b9-a1d8-7d07434afd22]: IDLE {"metadata":{"emulator":{"name":"functions"},"function":{"name":"us-central1-api"},"extension":{},"message":"[worker-us-central1-api-ae89e708-4478-49b9-a1d8-7d07434afd22]: IDLE"}}
[debug] [2026-06-27T14:17:10.604Z] Finishing up request with event=finish {"metadata":{"emulator":{"name":"functions"},"function":{"name":"us-central1-api"},"extension":{},"message":"Finishing up request with event=finish"}}
[debug] [2026-06-27T14:17:10.604Z] Finishing up request with event=close {"metadata":{"emulator":{"name":"functions"},"function":{"name":"us-central1-api"},"extension":{},"message":"Finishing up request with event=close"}}
[debug] [2026-06-27T14:17:10.604Z] [work-queue] {"queuedWork":[],"queueLength":0,"runningWork":[],"workRunningCount":0}
[debug] [2026-06-27T14:17:10.605Z] [work-queue] {"queuedWork":["/saegroup-c6487/us-central1/api/jobs/NeikU3cH1UBZtZq3MMrm/companycam-photos-2026-06-27T14:17:10.605Z"],"queueLength":1,"runningWork":[],"workRunningCount":0}
[debug] [2026-06-27T14:17:10.605Z] [work-queue] {"queuedWork":[],"queueLength":0,"runningWork":["/saegroup-c6487/us-central1/api/jobs/NeikU3cH1UBZtZq3MMrm/companycam-photos-2026-06-27T14:17:10.605Z"],"workRunningCount":1}
[debug] [2026-06-27T14:17:10.605Z] Accepted request GET /saegroup-c6487/us-central1/api/jobs/NeikU3cH1UBZtZq3MMrm/companycam-photos --> us-central1-api
[debug] [2026-06-27T14:17:10.606Z] [functions] Runtime ready! Sending request! {"metadata":{"emulator":{"name":"functions"},"message":"[functions] Runtime ready! Sending request!"}}
[debug] [2026-06-27T14:17:10.606Z] [functions] Got req.url=/saegroup-c6487/us-central1/api/jobs/NeikU3cH1UBZtZq3MMrm/companycam-photos, mapping to path=/jobs/NeikU3cH1UBZtZq3MMrm/companycam-photos {"metadata":{"emulator":{"name":"functions"},"message":"[functions] Got req.url=/saegroup-c6487/us-central1/api/jobs/NeikU3cH1UBZtZq3MMrm/companycam-photos, mapping to path=/jobs/NeikU3cH1UBZtZq3MMrm/companycam-photos"}}
[debug] [2026-06-27T14:17:10.606Z] [worker-pool] submitRequest(triggerId=us-central1-api) {"metadata":{"emulator":{"name":"functions"},"message":"[worker-pool] submitRequest(triggerId=us-central1-api)"}}
[info] i  functions: Beginning execution of "us-central1-api" {"metadata":{"emulator":{"name":"functions"},"function":{"name":"us-central1-api"},"extension":{},"message":"Beginning execution of \"us-central1-api\""}}
[debug] [2026-06-27T14:17:10.606Z] [worker-us-central1-api-ae89e708-4478-49b9-a1d8-7d07434afd22]: BUSY {"metadata":{"emulator":{"name":"functions"},"function":{"name":"us-central1-api"},"extension":{},"message":"[worker-us-central1-api-ae89e708-4478-49b9-a1d8-7d07434afd22]: BUSY"}}
[debug] [2026-06-27T14:17:11.203Z] Finishing up request with event=pause {"metadata":{"emulator":{"name":"functions"},"function":{"name":"us-central1-api"},"extension":{},"message":"Finishing up request with event=pause"}}
[info] i  functions: Finished "us-central1-api" in 597.161ms {"metadata":{"emulator":{"name":"functions"},"function":{"name":"us-central1-api"},"extension":{},"message":"Finished \"us-central1-api\" in 597.161ms"}}
[debug] [2026-06-27T14:17:11.203Z] [worker-us-central1-api-ae89e708-4478-49b9-a1d8-7d07434afd22]: IDLE {"metadata":{"emulator":{"name":"functions"},"function":{"name":"us-central1-api"},"extension":{},"message":"[worker-us-central1-api-ae89e708-4478-49b9-a1d8-7d07434afd22]: IDLE"}}
[debug] [2026-06-27T14:17:11.204Z] [work-queue] {"queuedWork":[],"queueLength":0,"runningWork":[],"workRunningCount":0}
[debug] [2026-06-27T14:17:11.204Z] Finishing up request with event=pause {"metadata":{"emulator":{"name":"functions"},"function":{"name":"us-central1-api"},"extension":{},"message":"Finishing up request with event=pause"}}
[debug] [2026-06-27T14:17:11.204Z] Finishing up request with event=pause {"metadata":{"emulator":{"name":"functions"},"function":{"name":"us-central1-api"},"extension":{},"message":"Finishing up request with event=pause"}}
[debug] [2026-06-27T14:17:11.204Z] Finishing up request with event=pause {"metadata":{"emulator":{"name":"functions"},"function":{"name":"us-central1-api"},"extension":{},"message":"Finishing up request with event=pause"}}
[debug] [2026-06-27T14:17:11.204Z] Finishing up request with event=finish {"metadata":{"emulator":{"name":"functions"},"function":{"name":"us-central1-api"},"extension":{},"message":"Finishing up request with event=finish"}}
[debug] [2026-06-27T14:17:11.204Z] Finishing up request with event=close {"metadata":{"emulator":{"name":"functions"},"function":{"name":"us-central1-api"},"extension":{},"message":"Finishing up request with event=close"}}
[debug] [2026-06-27T14:19:48.691Z] [work-queue] {"queuedWork":["/saegroup-c6487/us-central1/api/jobs/7M6W2CjK1yK2V1HmAAeZ/companycam-photos-2026-06-27T14:19:48.691Z"],"queueLength":1,"runningWork":[],"workRunningCount":0}
[debug] [2026-06-27T14:19:48.691Z] [work-queue] {"queuedWork":[],"queueLength":0,"runningWork":["/saegroup-c6487/us-central1/api/jobs/7M6W2CjK1yK2V1HmAAeZ/companycam-photos-2026-06-27T14:19:48.691Z"],"workRunningCount":1}
[debug] [2026-06-27T14:19:48.691Z] Accepted request OPTIONS /saegroup-c6487/us-central1/api/jobs/7M6W2CjK1yK2V1HmAAeZ/companycam-photos --> us-central1-api
[debug] [2026-06-27T14:19:48.692Z] [functions] Runtime ready! Sending request! {"metadata":{"emulator":{"name":"functions"},"message":"[functions] Runtime ready! Sending request!"}}
[debug] [2026-06-27T14:19:48.692Z] [functions] Got req.url=/saegroup-c6487/us-central1/api/jobs/7M6W2CjK1yK2V1HmAAeZ/companycam-photos, mapping to path=/jobs/7M6W2CjK1yK2V1HmAAeZ/companycam-photos {"metadata":{"emulator":{"name":"functions"},"message":"[functions] Got req.url=/saegroup-c6487/us-central1/api/jobs/7M6W2CjK1yK2V1HmAAeZ/companycam-photos, mapping to path=/jobs/7M6W2CjK1yK2V1HmAAeZ/companycam-photos"}}
[debug] [2026-06-27T14:19:48.692Z] [worker-pool] submitRequest(triggerId=us-central1-api) {"metadata":{"emulator":{"name":"functions"},"message":"[worker-pool] submitRequest(triggerId=us-central1-api)"}}
[info] i  functions: Beginning execution of "us-central1-api" {"metadata":{"emulator":{"name":"functions"},"function":{"name":"us-central1-api"},"extension":{},"message":"Beginning execution of \"us-central1-api\""}}
[debug] [2026-06-27T14:19:48.692Z] [worker-us-central1-api-ae89e708-4478-49b9-a1d8-7d07434afd22]: BUSY {"metadata":{"emulator":{"name":"functions"},"function":{"name":"us-central1-api"},"extension":{},"message":"[worker-us-central1-api-ae89e708-4478-49b9-a1d8-7d07434afd22]: BUSY"}}
[debug] [2026-06-27T14:19:48.694Z] Finishing up request with event=pause {"metadata":{"emulator":{"name":"functions"},"function":{"name":"us-central1-api"},"extension":{},"message":"Finishing up request with event=pause"}}
[info] i  functions: Finished "us-central1-api" in 1.6633ms {"metadata":{"emulator":{"name":"functions"},"function":{"name":"us-central1-api"},"extension":{},"message":"Finished \"us-central1-api\" in 1.6633ms"}}
[debug] [2026-06-27T14:19:48.694Z] [worker-us-central1-api-ae89e708-4478-49b9-a1d8-7d07434afd22]: IDLE {"metadata":{"emulator":{"name":"functions"},"function":{"name":"us-central1-api"},"extension":{},"message":"[worker-us-central1-api-ae89e708-4478-49b9-a1d8-7d07434afd22]: IDLE"}}
[debug] [2026-06-27T14:19:48.694Z] Finishing up request with event=finish {"metadata":{"emulator":{"name":"functions"},"function":{"name":"us-central1-api"},"extension":{},"message":"Finishing up request with event=finish"}}
[debug] [2026-06-27T14:19:48.694Z] Finishing up request with event=close {"metadata":{"emulator":{"name":"functions"},"function":{"name":"us-central1-api"},"extension":{},"message":"Finishing up request with event=close"}}
[debug] [2026-06-27T14:19:48.694Z] [work-queue] {"queuedWork":[],"queueLength":0,"runningWork":[],"workRunningCount":0}
[debug] [2026-06-27T14:19:48.695Z] [work-queue] {"queuedWork":["/saegroup-c6487/us-central1/api/jobs/7M6W2CjK1yK2V1HmAAeZ/companycam-photos-2026-06-27T14:19:48.695Z"],"queueLength":1,"runningWork":[],"workRunningCount":0}
[debug] [2026-06-27T14:19:48.695Z] [work-queue] {"queuedWork":[],"queueLength":0,"runningWork":["/saegroup-c6487/us-central1/api/jobs/7M6W2CjK1yK2V1HmAAeZ/companycam-photos-2026-06-27T14:19:48.695Z"],"workRunningCount":1}
[debug] [2026-06-27T14:19:48.695Z] Accepted request GET /saegroup-c6487/us-central1/api/jobs/7M6W2CjK1yK2V1HmAAeZ/companycam-photos --> us-central1-api
[debug] [2026-06-27T14:19:48.696Z] [functions] Runtime ready! Sending request! {"metadata":{"emulator":{"name":"functions"},"message":"[functions] Runtime ready! Sending request!"}}
[debug] [2026-06-27T14:19:48.696Z] [functions] Got req.url=/saegroup-c6487/us-central1/api/jobs/7M6W2CjK1yK2V1HmAAeZ/companycam-photos, mapping to path=/jobs/7M6W2CjK1yK2V1HmAAeZ/companycam-photos {"metadata":{"emulator":{"name":"functions"},"message":"[functions] Got req.url=/saegroup-c6487/us-central1/api/jobs/7M6W2CjK1yK2V1HmAAeZ/companycam-photos, mapping to path=/jobs/7M6W2CjK1yK2V1HmAAeZ/companycam-photos"}}
[debug] [2026-06-27T14:19:48.696Z] [worker-pool] submitRequest(triggerId=us-central1-api) {"metadata":{"emulator":{"name":"functions"},"message":"[worker-pool] submitRequest(triggerId=us-central1-api)"}}
[info] i  functions: Beginning execution of "us-central1-api" {"metadata":{"emulator":{"name":"functions"},"function":{"name":"us-central1-api"},"extension":{},"message":"Beginning execution of \"us-central1-api\""}}
[debug] [2026-06-27T14:19:48.696Z] [worker-us-central1-api-ae89e708-4478-49b9-a1d8-7d07434afd22]: BUSY {"metadata":{"emulator":{"name":"functions"},"function":{"name":"us-central1-api"},"extension":{},"message":"[worker-us-central1-api-ae89e708-4478-49b9-a1d8-7d07434afd22]: BUSY"}}
[debug] [2026-06-27T14:19:49.390Z] Finishing up request with event=pause {"metadata":{"emulator":{"name":"functions"},"function":{"name":"us-central1-api"},"extension":{},"message":"Finishing up request with event=pause"}}
[info] i  functions: Finished "us-central1-api" in 693.3479ms {"metadata":{"emulator":{"name":"functions"},"function":{"name":"us-central1-api"},"extension":{},"message":"Finished \"us-central1-api\" in 693.3479ms"}}
[debug] [2026-06-27T14:19:49.390Z] [worker-us-central1-api-ae89e708-4478-49b9-a1d8-7d07434afd22]: IDLE {"metadata":{"emulator":{"name":"functions"},"function":{"name":"us-central1-api"},"extension":{},"message":"[worker-us-central1-api-ae89e708-4478-49b9-a1d8-7d07434afd22]: IDLE"}}
[debug] [2026-06-27T14:19:49.390Z] [work-queue] {"queuedWork":[],"queueLength":0,"runningWork":[],"workRunningCount":0}
[debug] [2026-06-27T14:19:49.390Z] Finishing up request with event=pause {"metadata":{"emulator":{"name":"functions"},"function":{"name":"us-central1-api"},"extension":{},"message":"Finishing up request with event=pause"}}
[debug] [2026-06-27T14:19:49.390Z] Finishing up request with event=pause {"metadata":{"emulator":{"name":"functions"},"function":{"name":"us-central1-api"},"extension":{},"message":"Finishing up request with event=pause"}}
[debug] [2026-06-27T14:19:49.390Z] Finishing up request with event=finish {"metadata":{"emulator":{"name":"functions"},"function":{"name":"us-central1-api"},"extension":{},"message":"Finishing up request with event=finish"}}
[debug] [2026-06-27T14:19:49.390Z] Finishing up request with event=close {"metadata":{"emulator":{"name":"functions"},"function":{"name":"us-central1-api"},"extension":{},"message":"Finishing up request with event=close"}}
[debug] [2026-06-27T14:20:02.585Z] [work-queue] {"queuedWork":["/saegroup-c6487/us-central1/api/jobs/NeikU3cH1UBZtZq3MMrm/companycam-photos-2026-06-27T14:20:02.585Z"],"queueLength":1,"runningWork":[],"workRunningCount":0}
[debug] [2026-06-27T14:20:02.585Z] [work-queue] {"queuedWork":[],"queueLength":0,"runningWork":["/saegroup-c6487/us-central1/api/jobs/NeikU3cH1UBZtZq3MMrm/companycam-photos-2026-06-27T14:20:02.585Z"],"workRunningCount":1}
[debug] [2026-06-27T14:20:02.585Z] Accepted request OPTIONS /saegroup-c6487/us-central1/api/jobs/NeikU3cH1UBZtZq3MMrm/companycam-photos --> us-central1-api
[debug] [2026-06-27T14:20:02.585Z] [functions] Runtime ready! Sending request! {"metadata":{"emulator":{"name":"functions"},"message":"[functions] Runtime ready! Sending request!"}}
[debug] [2026-06-27T14:20:02.586Z] [functions] Got req.url=/saegroup-c6487/us-central1/api/jobs/NeikU3cH1UBZtZq3MMrm/companycam-photos, mapping to path=/jobs/NeikU3cH1UBZtZq3MMrm/companycam-photos {"metadata":{"emulator":{"name":"functions"},"message":"[functions] Got req.url=/saegroup-c6487/us-central1/api/jobs/NeikU3cH1UBZtZq3MMrm/companycam-photos, mapping to path=/jobs/NeikU3cH1UBZtZq3MMrm/companycam-photos"}}
[debug] [2026-06-27T14:20:02.586Z] [worker-pool] submitRequest(triggerId=us-central1-api) {"metadata":{"emulator":{"name":"functions"},"message":"[worker-pool] submitRequest(triggerId=us-central1-api)"}}
[info] i  functions: Beginning execution of "us-central1-api" {"metadata":{"emulator":{"name":"functions"},"function":{"name":"us-central1-api"},"extension":{},"message":"Beginning execution of \"us-central1-api\""}}
[debug] [2026-06-27T14:20:02.586Z] [worker-us-central1-api-ae89e708-4478-49b9-a1d8-7d07434afd22]: BUSY {"metadata":{"emulator":{"name":"functions"},"function":{"name":"us-central1-api"},"extension":{},"message":"[worker-us-central1-api-ae89e708-4478-49b9-a1d8-7d07434afd22]: BUSY"}}
[debug] [2026-06-27T14:20:02.587Z] Finishing up request with event=pause {"metadata":{"emulator":{"name":"functions"},"function":{"name":"us-central1-api"},"extension":{},"message":"Finishing up request with event=pause"}}
[info] i  functions: Finished "us-central1-api" in 1.2936ms {"metadata":{"emulator":{"name":"functions"},"function":{"name":"us-central1-api"},"extension":{},"message":"Finished \"us-central1-api\" in 1.2936ms"}}
[debug] [2026-06-27T14:20:02.587Z] [worker-us-central1-api-ae89e708-4478-49b9-a1d8-7d07434afd22]: IDLE {"metadata":{"emulator":{"name":"functions"},"function":{"name":"us-central1-api"},"extension":{},"message":"[worker-us-central1-api-ae89e708-4478-49b9-a1d8-7d07434afd22]: IDLE"}}
[debug] [2026-06-27T14:20:02.587Z] Finishing up request with event=finish {"metadata":{"emulator":{"name":"functions"},"function":{"name":"us-central1-api"},"extension":{},"message":"Finishing up request with event=finish"}}
[debug] [2026-06-27T14:20:02.587Z] Finishing up request with event=close {"metadata":{"emulator":{"name":"functions"},"function":{"name":"us-central1-api"},"extension":{},"message":"Finishing up request with event=close"}}
[debug] [2026-06-27T14:20:02.587Z] [work-queue] {"queuedWork":[],"queueLength":0,"runningWork":[],"workRunningCount":0}
[debug] [2026-06-27T14:20:02.589Z] [work-queue] {"queuedWork":["/saegroup-c6487/us-central1/api/jobs/NeikU3cH1UBZtZq3MMrm/companycam-photos-2026-06-27T14:20:02.588Z"],"queueLength":1,"runningWork":[],"workRunningCount":0}
[debug] [2026-06-27T14:20:02.589Z] [work-queue] {"queuedWork":[],"queueLength":0,"runningWork":["/saegroup-c6487/us-central1/api/jobs/NeikU3cH1UBZtZq3MMrm/companycam-photos-2026-06-27T14:20:02.588Z"],"workRunningCount":1}
[debug] [2026-06-27T14:20:02.589Z] Accepted request GET /saegroup-c6487/us-central1/api/jobs/NeikU3cH1UBZtZq3MMrm/companycam-photos --> us-central1-api
[debug] [2026-06-27T14:20:02.589Z] [functions] Runtime ready! Sending request! {"metadata":{"emulator":{"name":"functions"},"message":"[functions] Runtime ready! Sending request!"}}
[debug] [2026-06-27T14:20:02.589Z] [functions] Got req.url=/saegroup-c6487/us-central1/api/jobs/NeikU3cH1UBZtZq3MMrm/companycam-photos, mapping to path=/jobs/NeikU3cH1UBZtZq3MMrm/companycam-photos {"metadata":{"emulator":{"name":"functions"},"message":"[functions] Got req.url=/saegroup-c6487/us-central1/api/jobs/NeikU3cH1UBZtZq3MMrm/companycam-photos, mapping to path=/jobs/NeikU3cH1UBZtZq3MMrm/companycam-photos"}}
[debug] [2026-06-27T14:20:02.589Z] [worker-pool] submitRequest(triggerId=us-central1-api) {"metadata":{"emulator":{"name":"functions"},"message":"[worker-pool] submitRequest(triggerId=us-central1-api)"}}
[info] i  functions: Beginning execution of "us-central1-api" {"metadata":{"emulator":{"name":"functions"},"function":{"name":"us-central1-api"},"extension":{},"message":"Beginning execution of \"us-central1-api\""}}
[debug] [2026-06-27T14:20:02.590Z] [worker-us-central1-api-ae89e708-4478-49b9-a1d8-7d07434afd22]: BUSY {"metadata":{"emulator":{"name":"functions"},"function":{"name":"us-central1-api"},"extension":{},"message":"[worker-us-central1-api-ae89e708-4478-49b9-a1d8-7d07434afd22]: BUSY"}}
[debug] [2026-06-27T14:20:03.113Z] Finishing up request with event=pause {"metadata":{"emulator":{"name":"functions"},"function":{"name":"us-central1-api"},"extension":{},"message":"Finishing up request with event=pause"}}
[info] i  functions: Finished "us-central1-api" in 523.3422ms {"metadata":{"emulator":{"name":"functions"},"function":{"name":"us-central1-api"},"extension":{},"message":"Finished \"us-central1-api\" in 523.3422ms"}}
[debug] [2026-06-27T14:20:03.113Z] [worker-us-central1-api-ae89e708-4478-49b9-a1d8-7d07434afd22]: IDLE {"metadata":{"emulator":{"name":"functions"},"function":{"name":"us-central1-api"},"extension":{},"message":"[worker-us-central1-api-ae89e708-4478-49b9-a1d8-7d07434afd22]: IDLE"}}
[debug] [2026-06-27T14:20:03.113Z] Finishing up request with event=finish {"metadata":{"emulator":{"name":"functions"},"function":{"name":"us-central1-api"},"extension":{},"message":"Finishing up request with event=finish"}}
[debug] [2026-06-27T14:20:03.113Z] Finishing up request with event=close {"metadata":{"emulator":{"name":"functions"},"function":{"name":"us-central1-api"},"extension":{},"message":"Finishing up request with event=close"}}
[debug] [2026-06-27T14:20:03.113Z] [work-queue] {"queuedWork":[],"queueLength":0,"runningWork":[],"workRunningCount":0}
[debug] [2026-06-27T14:23:16.605Z] [work-queue] {"queuedWork":["/saegroup-c6487/us-central1/api/jobs/NeikU3cH1UBZtZq3MMrm/companycam-photos-2026-06-27T14:23:16.605Z"],"queueLength":1,"runningWork":[],"workRunningCount":0}
[debug] [2026-06-27T14:23:16.605Z] [work-queue] {"queuedWork":[],"queueLength":0,"runningWork":["/saegroup-c6487/us-central1/api/jobs/NeikU3cH1UBZtZq3MMrm/companycam-photos-2026-06-27T14:23:16.605Z"],"workRunningCount":1}
[debug] [2026-06-27T14:23:16.605Z] Accepted request OPTIONS /saegroup-c6487/us-central1/api/jobs/NeikU3cH1UBZtZq3MMrm/companycam-photos --> us-central1-api
[debug] [2026-06-27T14:23:16.606Z] [functions] Runtime ready! Sending request! {"metadata":{"emulator":{"name":"functions"},"message":"[functions] Runtime ready! Sending request!"}}
[debug] [2026-06-27T14:23:16.606Z] [functions] Got req.url=/saegroup-c6487/us-central1/api/jobs/NeikU3cH1UBZtZq3MMrm/companycam-photos, mapping to path=/jobs/NeikU3cH1UBZtZq3MMrm/companycam-photos {"metadata":{"emulator":{"name":"functions"},"message":"[functions] Got req.url=/saegroup-c6487/us-central1/api/jobs/NeikU3cH1UBZtZq3MMrm/companycam-photos, mapping to path=/jobs/NeikU3cH1UBZtZq3MMrm/companycam-photos"}}
[debug] [2026-06-27T14:23:16.606Z] [worker-pool] submitRequest(triggerId=us-central1-api) {"metadata":{"emulator":{"name":"functions"},"message":"[worker-pool] submitRequest(triggerId=us-central1-api)"}}
[info] i  functions: Beginning execution of "us-central1-api" {"metadata":{"emulator":{"name":"functions"},"function":{"name":"us-central1-api"},"extension":{},"message":"Beginning execution of \"us-central1-api\""}}
[debug] [2026-06-27T14:23:16.606Z] [worker-us-central1-api-ae89e708-4478-49b9-a1d8-7d07434afd22]: BUSY {"metadata":{"emulator":{"name":"functions"},"function":{"name":"us-central1-api"},"extension":{},"message":"[worker-us-central1-api-ae89e708-4478-49b9-a1d8-7d07434afd22]: BUSY"}}
[debug] [2026-06-27T14:23:16.608Z] Finishing up request with event=pause {"metadata":{"emulator":{"name":"functions"},"function":{"name":"us-central1-api"},"extension":{},"message":"Finishing up request with event=pause"}}
[info] i  functions: Finished "us-central1-api" in 1.7354ms {"metadata":{"emulator":{"name":"functions"},"function":{"name":"us-central1-api"},"extension":{},"message":"Finished \"us-central1-api\" in 1.7354ms"}}
[debug] [2026-06-27T14:23:16.608Z] [worker-us-central1-api-ae89e708-4478-49b9-a1d8-7d07434afd22]: IDLE {"metadata":{"emulator":{"name":"functions"},"function":{"name":"us-central1-api"},"extension":{},"message":"[worker-us-central1-api-ae89e708-4478-49b9-a1d8-7d07434afd22]: IDLE"}}
[debug] [2026-06-27T14:23:16.608Z] Finishing up request with event=finish {"metadata":{"emulator":{"name":"functions"},"function":{"name":"us-central1-api"},"extension":{},"message":"Finishing up request with event=finish"}}
[debug] [2026-06-27T14:23:16.608Z] Finishing up request with event=close {"metadata":{"emulator":{"name":"functions"},"function":{"name":"us-central1-api"},"extension":{},"message":"Finishing up request with event=close"}}
[debug] [2026-06-27T14:23:16.608Z] [work-queue] {"queuedWork":[],"queueLength":0,"runningWork":[],"workRunningCount":0}
[debug] [2026-06-27T14:23:16.609Z] [work-queue] {"queuedWork":["/saegroup-c6487/us-central1/api/jobs/NeikU3cH1UBZtZq3MMrm/companycam-photos-2026-06-27T14:23:16.609Z"],"queueLength":1,"runningWork":[],"workRunningCount":0}
[debug] [2026-06-27T14:23:16.609Z] [work-queue] {"queuedWork":[],"queueLength":0,"runningWork":["/saegroup-c6487/us-central1/api/jobs/NeikU3cH1UBZtZq3MMrm/companycam-photos-2026-06-27T14:23:16.609Z"],"workRunningCount":1}
[debug] [2026-06-27T14:23:16.609Z] Accepted request GET /saegroup-c6487/us-central1/api/jobs/NeikU3cH1UBZtZq3MMrm/companycam-photos --> us-central1-api
[debug] [2026-06-27T14:23:16.610Z] [functions] Runtime ready! Sending request! {"metadata":{"emulator":{"name":"functions"},"message":"[functions] Runtime ready! Sending request!"}}
[debug] [2026-06-27T14:23:16.610Z] [functions] Got req.url=/saegroup-c6487/us-central1/api/jobs/NeikU3cH1UBZtZq3MMrm/companycam-photos, mapping to path=/jobs/NeikU3cH1UBZtZq3MMrm/companycam-photos {"metadata":{"emulator":{"name":"functions"},"message":"[functions] Got req.url=/saegroup-c6487/us-central1/api/jobs/NeikU3cH1UBZtZq3MMrm/companycam-photos, mapping to path=/jobs/NeikU3cH1UBZtZq3MMrm/companycam-photos"}}
[debug] [2026-06-27T14:23:16.610Z] [worker-pool] submitRequest(triggerId=us-central1-api) {"metadata":{"emulator":{"name":"functions"},"message":"[worker-pool] submitRequest(triggerId=us-central1-api)"}}
[info] i  functions: Beginning execution of "us-central1-api" {"metadata":{"emulator":{"name":"functions"},"function":{"name":"us-central1-api"},"extension":{},"message":"Beginning execution of \"us-central1-api\""}}
[debug] [2026-06-27T14:23:16.610Z] [worker-us-central1-api-ae89e708-4478-49b9-a1d8-7d07434afd22]: BUSY {"metadata":{"emulator":{"name":"functions"},"function":{"name":"us-central1-api"},"extension":{},"message":"[worker-us-central1-api-ae89e708-4478-49b9-a1d8-7d07434afd22]: BUSY"}}
[debug] [2026-06-27T14:23:17.629Z] Finishing up request with event=pause {"metadata":{"emulator":{"name":"functions"},"function":{"name":"us-central1-api"},"extension":{},"message":"Finishing up request with event=pause"}}
[info] i  functions: Finished "us-central1-api" in 1018.4761ms {"metadata":{"emulator":{"name":"functions"},"function":{"name":"us-central1-api"},"extension":{},"message":"Finished \"us-central1-api\" in 1018.4761ms"}}
[debug] [2026-06-27T14:23:17.629Z] [worker-us-central1-api-ae89e708-4478-49b9-a1d8-7d07434afd22]: IDLE {"metadata":{"emulator":{"name":"functions"},"function":{"name":"us-central1-api"},"extension":{},"message":"[worker-us-central1-api-ae89e708-4478-49b9-a1d8-7d07434afd22]: IDLE"}}
[debug] [2026-06-27T14:23:17.629Z] Finishing up request with event=finish {"metadata":{"emulator":{"name":"functions"},"function":{"name":"us-central1-api"},"extension":{},"message":"Finishing up request with event=finish"}}
[debug] [2026-06-27T14:23:17.629Z] Finishing up request with event=close {"metadata":{"emulator":{"name":"functions"},"function":{"name":"us-central1-api"},"extension":{},"message":"Finishing up request with event=close"}}
[debug] [2026-06-27T14:23:17.629Z] [work-queue] {"queuedWork":[],"queueLength":0,"runningWork":[],"workRunningCount":0}
[debug] [2026-06-27T14:24:41.316Z] [work-queue] {"queuedWork":["/saegroup-c6487/us-central1/api/jobs/NeikU3cH1UBZtZq3MMrm/companycam-photos-2026-06-27T14:24:41.315Z"],"queueLength":1,"runningWork":[],"workRunningCount":0}
[debug] [2026-06-27T14:24:41.316Z] [work-queue] {"queuedWork":[],"queueLength":0,"runningWork":["/saegroup-c6487/us-central1/api/jobs/NeikU3cH1UBZtZq3MMrm/companycam-photos-2026-06-27T14:24:41.315Z"],"workRunningCount":1}
[debug] [2026-06-27T14:24:41.316Z] Accepted request OPTIONS /saegroup-c6487/us-central1/api/jobs/NeikU3cH1UBZtZq3MMrm/companycam-photos --> us-central1-api
[debug] [2026-06-27T14:24:41.316Z] [functions] Runtime ready! Sending request! {"metadata":{"emulator":{"name":"functions"},"message":"[functions] Runtime ready! Sending request!"}}
[debug] [2026-06-27T14:24:41.317Z] [functions] Got req.url=/saegroup-c6487/us-central1/api/jobs/NeikU3cH1UBZtZq3MMrm/companycam-photos, mapping to path=/jobs/NeikU3cH1UBZtZq3MMrm/companycam-photos {"metadata":{"emulator":{"name":"functions"},"message":"[functions] Got req.url=/saegroup-c6487/us-central1/api/jobs/NeikU3cH1UBZtZq3MMrm/companycam-photos, mapping to path=/jobs/NeikU3cH1UBZtZq3MMrm/companycam-photos"}}
[debug] [2026-06-27T14:24:41.317Z] [worker-pool] submitRequest(triggerId=us-central1-api) {"metadata":{"emulator":{"name":"functions"},"message":"[worker-pool] submitRequest(triggerId=us-central1-api)"}}
[info] i  functions: Beginning execution of "us-central1-api" {"metadata":{"emulator":{"name":"functions"},"function":{"name":"us-central1-api"},"extension":{},"message":"Beginning execution of \"us-central1-api\""}}
[debug] [2026-06-27T14:24:41.317Z] [worker-us-central1-api-ae89e708-4478-49b9-a1d8-7d07434afd22]: BUSY {"metadata":{"emulator":{"name":"functions"},"function":{"name":"us-central1-api"},"extension":{},"message":"[worker-us-central1-api-ae89e708-4478-49b9-a1d8-7d07434afd22]: BUSY"}}
[debug] [2026-06-27T14:24:41.318Z] Finishing up request with event=pause {"metadata":{"emulator":{"name":"functions"},"function":{"name":"us-central1-api"},"extension":{},"message":"Finishing up request with event=pause"}}
[info] i  functions: Finished "us-central1-api" in 1.3597ms {"metadata":{"emulator":{"name":"functions"},"function":{"name":"us-central1-api"},"extension":{},"message":"Finished \"us-central1-api\" in 1.3597ms"}}
[debug] [2026-06-27T14:24:41.318Z] [worker-us-central1-api-ae89e708-4478-49b9-a1d8-7d07434afd22]: IDLE {"metadata":{"emulator":{"name":"functions"},"function":{"name":"us-central1-api"},"extension":{},"message":"[worker-us-central1-api-ae89e708-4478-49b9-a1d8-7d07434afd22]: IDLE"}}
[debug] [2026-06-27T14:24:41.318Z] Finishing up request with event=finish {"metadata":{"emulator":{"name":"functions"},"function":{"name":"us-central1-api"},"extension":{},"message":"Finishing up request with event=finish"}}
[debug] [2026-06-27T14:24:41.318Z] Finishing up request with event=close {"metadata":{"emulator":{"name":"functions"},"function":{"name":"us-central1-api"},"extension":{},"message":"Finishing up request with event=close"}}
[debug] [2026-06-27T14:24:41.318Z] [work-queue] {"queuedWork":[],"queueLength":0,"runningWork":[],"workRunningCount":0}
[debug] [2026-06-27T14:24:41.320Z] [work-queue] {"queuedWork":["/saegroup-c6487/us-central1/api/jobs/NeikU3cH1UBZtZq3MMrm/companycam-photos-2026-06-27T14:24:41.320Z"],"queueLength":1,"runningWork":[],"workRunningCount":0}
[debug] [2026-06-27T14:24:41.320Z] [work-queue] {"queuedWork":[],"queueLength":0,"runningWork":["/saegroup-c6487/us-central1/api/jobs/NeikU3cH1UBZtZq3MMrm/companycam-photos-2026-06-27T14:24:41.320Z"],"workRunningCount":1}
[debug] [2026-06-27T14:24:41.320Z] Accepted request GET /saegroup-c6487/us-central1/api/jobs/NeikU3cH1UBZtZq3MMrm/companycam-photos --> us-central1-api
[debug] [2026-06-27T14:24:41.321Z] [functions] Runtime ready! Sending request! {"metadata":{"emulator":{"name":"functions"},"message":"[functions] Runtime ready! Sending request!"}}
[debug] [2026-06-27T14:24:41.321Z] [functions] Got req.url=/saegroup-c6487/us-central1/api/jobs/NeikU3cH1UBZtZq3MMrm/companycam-photos, mapping to path=/jobs/NeikU3cH1UBZtZq3MMrm/companycam-photos {"metadata":{"emulator":{"name":"functions"},"message":"[functions] Got req.url=/saegroup-c6487/us-central1/api/jobs/NeikU3cH1UBZtZq3MMrm/companycam-photos, mapping to path=/jobs/NeikU3cH1UBZtZq3MMrm/companycam-photos"}}
[debug] [2026-06-27T14:24:41.321Z] [worker-pool] submitRequest(triggerId=us-central1-api) {"metadata":{"emulator":{"name":"functions"},"message":"[worker-pool] submitRequest(triggerId=us-central1-api)"}}
[info] i  functions: Beginning execution of "us-central1-api" {"metadata":{"emulator":{"name":"functions"},"function":{"name":"us-central1-api"},"extension":{},"message":"Beginning execution of \"us-central1-api\""}}
[debug] [2026-06-27T14:24:41.321Z] [worker-us-central1-api-ae89e708-4478-49b9-a1d8-7d07434afd22]: BUSY {"metadata":{"emulator":{"name":"functions"},"function":{"name":"us-central1-api"},"extension":{},"message":"[worker-us-central1-api-ae89e708-4478-49b9-a1d8-7d07434afd22]: BUSY"}}
[debug] [2026-06-27T14:24:42.824Z] Finishing up request with event=pause {"metadata":{"emulator":{"name":"functions"},"function":{"name":"us-central1-api"},"extension":{},"message":"Finishing up request with event=pause"}}
[info] i  functions: Finished "us-central1-api" in 1503.6387ms {"metadata":{"emulator":{"name":"functions"},"function":{"name":"us-central1-api"},"extension":{},"message":"Finished \"us-central1-api\" in 1503.6387ms"}}
[debug] [2026-06-27T14:24:42.825Z] [worker-us-central1-api-ae89e708-4478-49b9-a1d8-7d07434afd22]: IDLE {"metadata":{"emulator":{"name":"functions"},"function":{"name":"us-central1-api"},"extension":{},"message":"[worker-us-central1-api-ae89e708-4478-49b9-a1d8-7d07434afd22]: IDLE"}}
[debug] [2026-06-27T14:24:42.825Z] Finishing up request with event=finish {"metadata":{"emulator":{"name":"functions"},"function":{"name":"us-central1-api"},"extension":{},"message":"Finishing up request with event=finish"}}
[debug] [2026-06-27T14:24:42.825Z] Finishing up request with event=close {"metadata":{"emulator":{"name":"functions"},"function":{"name":"us-central1-api"},"extension":{},"message":"Finishing up request with event=close"}}
[debug] [2026-06-27T14:24:42.825Z] [work-queue] {"queuedWork":[],"queueLength":0,"runningWork":[],"workRunningCount":0}
[debug] [2026-06-27T14:25:17.154Z] [work-queue] {"queuedWork":["/saegroup-c6487/us-central1/api/jobs/7M6W2CjK1yK2V1HmAAeZ/companycam-photos-2026-06-27T14:25:17.154Z"],"queueLength":1,"runningWork":[],"workRunningCount":0}
[debug] [2026-06-27T14:25:17.154Z] [work-queue] {"queuedWork":[],"queueLength":0,"runningWork":["/saegroup-c6487/us-central1/api/jobs/7M6W2CjK1yK2V1HmAAeZ/companycam-photos-2026-06-27T14:25:17.154Z"],"workRunningCount":1}
[debug] [2026-06-27T14:25:17.155Z] Accepted request OPTIONS /saegroup-c6487/us-central1/api/jobs/7M6W2CjK1yK2V1HmAAeZ/companycam-photos --> us-central1-api
[debug] [2026-06-27T14:25:17.155Z] [functions] Runtime ready! Sending request! {"metadata":{"emulator":{"name":"functions"},"message":"[functions] Runtime ready! Sending request!"}}
[debug] [2026-06-27T14:25:17.155Z] [functions] Got req.url=/saegroup-c6487/us-central1/api/jobs/7M6W2CjK1yK2V1HmAAeZ/companycam-photos, mapping to path=/jobs/7M6W2CjK1yK2V1HmAAeZ/companycam-photos {"metadata":{"emulator":{"name":"functions"},"message":"[functions] Got req.url=/saegroup-c6487/us-central1/api/jobs/7M6W2CjK1yK2V1HmAAeZ/companycam-photos, mapping to path=/jobs/7M6W2CjK1yK2V1HmAAeZ/companycam-photos"}}
[debug] [2026-06-27T14:25:17.155Z] [worker-pool] submitRequest(triggerId=us-central1-api) {"metadata":{"emulator":{"name":"functions"},"message":"[worker-pool] submitRequest(triggerId=us-central1-api)"}}
[info] i  functions: Beginning execution of "us-central1-api" {"metadata":{"emulator":{"name":"functions"},"function":{"name":"us-central1-api"},"extension":{},"message":"Beginning execution of \"us-central1-api\""}}
[debug] [2026-06-27T14:25:17.155Z] [worker-us-central1-api-ae89e708-4478-49b9-a1d8-7d07434afd22]: BUSY {"metadata":{"emulator":{"name":"functions"},"function":{"name":"us-central1-api"},"extension":{},"message":"[worker-us-central1-api-ae89e708-4478-49b9-a1d8-7d07434afd22]: BUSY"}}
[debug] [2026-06-27T14:25:17.156Z] Finishing up request with event=pause {"metadata":{"emulator":{"name":"functions"},"function":{"name":"us-central1-api"},"extension":{},"message":"Finishing up request with event=pause"}}
[info] i  functions: Finished "us-central1-api" in 1.0996ms {"metadata":{"emulator":{"name":"functions"},"function":{"name":"us-central1-api"},"extension":{},"message":"Finished \"us-central1-api\" in 1.0996ms"}}
[debug] [2026-06-27T14:25:17.157Z] [worker-us-central1-api-ae89e708-4478-49b9-a1d8-7d07434afd22]: IDLE {"metadata":{"emulator":{"name":"functions"},"function":{"name":"us-central1-api"},"extension":{},"message":"[worker-us-central1-api-ae89e708-4478-49b9-a1d8-7d07434afd22]: IDLE"}}
[debug] [2026-06-27T14:25:17.157Z] Finishing up request with event=finish {"metadata":{"emulator":{"name":"functions"},"function":{"name":"us-central1-api"},"extension":{},"message":"Finishing up request with event=finish"}}
[debug] [2026-06-27T14:25:17.157Z] Finishing up request with event=close {"metadata":{"emulator":{"name":"functions"},"function":{"name":"us-central1-api"},"extension":{},"message":"Finishing up request with event=close"}}
[debug] [2026-06-27T14:25:17.157Z] [work-queue] {"queuedWork":[],"queueLength":0,"runningWork":[],"workRunningCount":0}
[debug] [2026-06-27T14:25:17.158Z] [work-queue] {"queuedWork":["/saegroup-c6487/us-central1/api/jobs/7M6W2CjK1yK2V1HmAAeZ/companycam-photos-2026-06-27T14:25:17.158Z"],"queueLength":1,"runningWork":[],"workRunningCount":0}
[debug] [2026-06-27T14:25:17.158Z] [work-queue] {"queuedWork":[],"queueLength":0,"runningWork":["/saegroup-c6487/us-central1/api/jobs/7M6W2CjK1yK2V1HmAAeZ/companycam-photos-2026-06-27T14:25:17.158Z"],"workRunningCount":1}
[debug] [2026-06-27T14:25:17.158Z] Accepted request GET /saegroup-c6487/us-central1/api/jobs/7M6W2CjK1yK2V1HmAAeZ/companycam-photos --> us-central1-api
[debug] [2026-06-27T14:25:17.159Z] [functions] Runtime ready! Sending request! {"metadata":{"emulator":{"name":"functions"},"message":"[functions] Runtime ready! Sending request!"}}
[debug] [2026-06-27T14:25:17.159Z] [functions] Got req.url=/saegroup-c6487/us-central1/api/jobs/7M6W2CjK1yK2V1HmAAeZ/companycam-photos, mapping to path=/jobs/7M6W2CjK1yK2V1HmAAeZ/companycam-photos {"metadata":{"emulator":{"name":"functions"},"message":"[functions] Got req.url=/saegroup-c6487/us-central1/api/jobs/7M6W2CjK1yK2V1HmAAeZ/companycam-photos, mapping to path=/jobs/7M6W2CjK1yK2V1HmAAeZ/companycam-photos"}}
[debug] [2026-06-27T14:25:17.159Z] [worker-pool] submitRequest(triggerId=us-central1-api) {"metadata":{"emulator":{"name":"functions"},"message":"[worker-pool] submitRequest(triggerId=us-central1-api)"}}
[info] i  functions: Beginning execution of "us-central1-api" {"metadata":{"emulator":{"name":"functions"},"function":{"name":"us-central1-api"},"extension":{},"message":"Beginning execution of \"us-central1-api\""}}
[debug] [2026-06-27T14:25:17.159Z] [worker-us-central1-api-ae89e708-4478-49b9-a1d8-7d07434afd22]: BUSY {"metadata":{"emulator":{"name":"functions"},"function":{"name":"us-central1-api"},"extension":{},"message":"[worker-us-central1-api-ae89e708-4478-49b9-a1d8-7d07434afd22]: BUSY"}}
[debug] [2026-06-27T14:25:17.568Z] Finishing up request with event=pause {"metadata":{"emulator":{"name":"functions"},"function":{"name":"us-central1-api"},"extension":{},"message":"Finishing up request with event=pause"}}
[info] i  functions: Finished "us-central1-api" in 408.3751ms {"metadata":{"emulator":{"name":"functions"},"function":{"name":"us-central1-api"},"extension":{},"message":"Finished \"us-central1-api\" in 408.3751ms"}}
[debug] [2026-06-27T14:25:17.568Z] [worker-us-central1-api-ae89e708-4478-49b9-a1d8-7d07434afd22]: IDLE {"metadata":{"emulator":{"name":"functions"},"function":{"name":"us-central1-api"},"extension":{},"message":"[worker-us-central1-api-ae89e708-4478-49b9-a1d8-7d07434afd22]: IDLE"}}
[debug] [2026-06-27T14:25:17.568Z] Finishing up request with event=finish {"metadata":{"emulator":{"name":"functions"},"function":{"name":"us-central1-api"},"extension":{},"message":"Finishing up request with event=finish"}}
[debug] [2026-06-27T14:25:17.568Z] Finishing up request with event=close {"metadata":{"emulator":{"name":"functions"},"function":{"name":"us-central1-api"},"extension":{},"message":"Finishing up request with event=close"}}
[debug] [2026-06-27T14:25:17.568Z] [work-queue] {"queuedWork":[],"queueLength":0,"runningWork":[],"workRunningCount":0}
[debug] [2026-06-27T14:25:35.340Z] [work-queue] {"queuedWork":["/saegroup-c6487/us-central1/api/jobs/H9Wl6ariiHRIVnmNm0DM/companycam-photos-2026-06-27T14:25:35.340Z"],"queueLength":1,"runningWork":[],"workRunningCount":0}
[debug] [2026-06-27T14:25:35.340Z] [work-queue] {"queuedWork":[],"queueLength":0,"runningWork":["/saegroup-c6487/us-central1/api/jobs/H9Wl6ariiHRIVnmNm0DM/companycam-photos-2026-06-27T14:25:35.340Z"],"workRunningCount":1}
[debug] [2026-06-27T14:25:35.340Z] Accepted request OPTIONS /saegroup-c6487/us-central1/api/jobs/H9Wl6ariiHRIVnmNm0DM/companycam-photos --> us-central1-api
[debug] [2026-06-27T14:25:35.341Z] [functions] Runtime ready! Sending request! {"metadata":{"emulator":{"name":"functions"},"message":"[functions] Runtime ready! Sending request!"}}
[debug] [2026-06-27T14:25:35.341Z] [functions] Got req.url=/saegroup-c6487/us-central1/api/jobs/H9Wl6ariiHRIVnmNm0DM/companycam-photos, mapping to path=/jobs/H9Wl6ariiHRIVnmNm0DM/companycam-photos {"metadata":{"emulator":{"name":"functions"},"message":"[functions] Got req.url=/saegroup-c6487/us-central1/api/jobs/H9Wl6ariiHRIVnmNm0DM/companycam-photos, mapping to path=/jobs/H9Wl6ariiHRIVnmNm0DM/companycam-photos"}}
[debug] [2026-06-27T14:25:35.341Z] [worker-pool] submitRequest(triggerId=us-central1-api) {"metadata":{"emulator":{"name":"functions"},"message":"[worker-pool] submitRequest(triggerId=us-central1-api)"}}
[info] i  functions: Beginning execution of "us-central1-api" {"metadata":{"emulator":{"name":"functions"},"function":{"name":"us-central1-api"},"extension":{},"message":"Beginning execution of \"us-central1-api\""}}
[debug] [2026-06-27T14:25:35.341Z] [worker-us-central1-api-ae89e708-4478-49b9-a1d8-7d07434afd22]: BUSY {"metadata":{"emulator":{"name":"functions"},"function":{"name":"us-central1-api"},"extension":{},"message":"[worker-us-central1-api-ae89e708-4478-49b9-a1d8-7d07434afd22]: BUSY"}}
[debug] [2026-06-27T14:25:35.342Z] Finishing up request with event=pause {"metadata":{"emulator":{"name":"functions"},"function":{"name":"us-central1-api"},"extension":{},"message":"Finishing up request with event=pause"}}
[info] i  functions: Finished "us-central1-api" in 1.1448ms {"metadata":{"emulator":{"name":"functions"},"function":{"name":"us-central1-api"},"extension":{},"message":"Finished \"us-central1-api\" in 1.1448ms"}}
[debug] [2026-06-27T14:25:35.343Z] [worker-us-central1-api-ae89e708-4478-49b9-a1d8-7d07434afd22]: IDLE {"metadata":{"emulator":{"name":"functions"},"function":{"name":"us-central1-api"},"extension":{},"message":"[worker-us-central1-api-ae89e708-4478-49b9-a1d8-7d07434afd22]: IDLE"}}
[debug] [2026-06-27T14:25:35.343Z] Finishing up request with event=finish {"metadata":{"emulator":{"name":"functions"},"function":{"name":"us-central1-api"},"extension":{},"message":"Finishing up request with event=finish"}}
[debug] [2026-06-27T14:25:35.343Z] Finishing up request with event=close {"metadata":{"emulator":{"name":"functions"},"function":{"name":"us-central1-api"},"extension":{},"message":"Finishing up request with event=close"}}
[debug] [2026-06-27T14:25:35.343Z] [work-queue] {"queuedWork":[],"queueLength":0,"runningWork":[],"workRunningCount":0}
[debug] [2026-06-27T14:25:35.344Z] [work-queue] {"queuedWork":["/saegroup-c6487/us-central1/api/jobs/H9Wl6ariiHRIVnmNm0DM/companycam-photos-2026-06-27T14:25:35.344Z"],"queueLength":1,"runningWork":[],"workRunningCount":0}
[debug] [2026-06-27T14:25:35.344Z] [work-queue] {"queuedWork":[],"queueLength":0,"runningWork":["/saegroup-c6487/us-central1/api/jobs/H9Wl6ariiHRIVnmNm0DM/companycam-photos-2026-06-27T14:25:35.344Z"],"workRunningCount":1}
[debug] [2026-06-27T14:25:35.344Z] Accepted request GET /saegroup-c6487/us-central1/api/jobs/H9Wl6ariiHRIVnmNm0DM/companycam-photos --> us-central1-api
[debug] [2026-06-27T14:25:35.344Z] [functions] Runtime ready! Sending request! {"metadata":{"emulator":{"name":"functions"},"message":"[functions] Runtime ready! Sending request!"}}
[debug] [2026-06-27T14:25:35.345Z] [functions] Got req.url=/saegroup-c6487/us-central1/api/jobs/H9Wl6ariiHRIVnmNm0DM/companycam-photos, mapping to path=/jobs/H9Wl6ariiHRIVnmNm0DM/companycam-photos {"metadata":{"emulator":{"name":"functions"},"message":"[functions] Got req.url=/saegroup-c6487/us-central1/api/jobs/H9Wl6ariiHRIVnmNm0DM/companycam-photos, mapping to path=/jobs/H9Wl6ariiHRIVnmNm0DM/companycam-photos"}}
[debug] [2026-06-27T14:25:35.345Z] [worker-pool] submitRequest(triggerId=us-central1-api) {"metadata":{"emulator":{"name":"functions"},"message":"[worker-pool] submitRequest(triggerId=us-central1-api)"}}
[info] i  functions: Beginning execution of "us-central1-api" {"metadata":{"emulator":{"name":"functions"},"function":{"name":"us-central1-api"},"extension":{},"message":"Beginning execution of \"us-central1-api\""}}
[debug] [2026-06-27T14:25:35.345Z] [worker-us-central1-api-ae89e708-4478-49b9-a1d8-7d07434afd22]: BUSY {"metadata":{"emulator":{"name":"functions"},"function":{"name":"us-central1-api"},"extension":{},"message":"[worker-us-central1-api-ae89e708-4478-49b9-a1d8-7d07434afd22]: BUSY"}}
[debug] [2026-06-27T14:25:35.763Z] Finishing up request with event=pause {"metadata":{"emulator":{"name":"functions"},"function":{"name":"us-central1-api"},"extension":{},"message":"Finishing up request with event=pause"}}
[info] i  functions: Finished "us-central1-api" in 418.1936ms {"metadata":{"emulator":{"name":"functions"},"function":{"name":"us-central1-api"},"extension":{},"message":"Finished \"us-central1-api\" in 418.1936ms"}}
[debug] [2026-06-27T14:25:35.763Z] [worker-us-central1-api-ae89e708-4478-49b9-a1d8-7d07434afd22]: IDLE {"metadata":{"emulator":{"name":"functions"},"function":{"name":"us-central1-api"},"extension":{},"message":"[worker-us-central1-api-ae89e708-4478-49b9-a1d8-7d07434afd22]: IDLE"}}
[debug] [2026-06-27T14:25:35.763Z] Finishing up request with event=finish {"metadata":{"emulator":{"name":"functions"},"function":{"name":"us-central1-api"},"extension":{},"message":"Finishing up request with event=finish"}}
[debug] [2026-06-27T14:25:35.763Z] Finishing up request with event=close {"metadata":{"emulator":{"name":"functions"},"function":{"name":"us-central1-api"},"extension":{},"message":"Finishing up request with event=close"}}
[debug] [2026-06-27T14:25:35.763Z] [work-queue] {"queuedWork":[],"queueLength":0,"runningWork":[],"workRunningCount":0}
[debug] [2026-06-27T14:25:36.983Z] [work-queue] {"queuedWork":["/saegroup-c6487/us-central1/api/jobs/sar2Tj9CoMahpVhXQ7xN/companycam-photos-2026-06-27T14:25:36.983Z"],"queueLength":1,"runningWork":[],"workRunningCount":0}
[debug] [2026-06-27T14:25:36.983Z] [work-queue] {"queuedWork":[],"queueLength":0,"runningWork":["/saegroup-c6487/us-central1/api/jobs/sar2Tj9CoMahpVhXQ7xN/companycam-photos-2026-06-27T14:25:36.983Z"],"workRunningCount":1}
[debug] [2026-06-27T14:25:36.983Z] Accepted request OPTIONS /saegroup-c6487/us-central1/api/jobs/sar2Tj9CoMahpVhXQ7xN/companycam-photos --> us-central1-api
[debug] [2026-06-27T14:25:36.984Z] [functions] Runtime ready! Sending request! {"metadata":{"emulator":{"name":"functions"},"message":"[functions] Runtime ready! Sending request!"}}
[debug] [2026-06-27T14:25:36.984Z] [functions] Got req.url=/saegroup-c6487/us-central1/api/jobs/sar2Tj9CoMahpVhXQ7xN/companycam-photos, mapping to path=/jobs/sar2Tj9CoMahpVhXQ7xN/companycam-photos {"metadata":{"emulator":{"name":"functions"},"message":"[functions] Got req.url=/saegroup-c6487/us-central1/api/jobs/sar2Tj9CoMahpVhXQ7xN/companycam-photos, mapping to path=/jobs/sar2Tj9CoMahpVhXQ7xN/companycam-photos"}}
[debug] [2026-06-27T14:25:36.984Z] [worker-pool] submitRequest(triggerId=us-central1-api) {"metadata":{"emulator":{"name":"functions"},"message":"[worker-pool] submitRequest(triggerId=us-central1-api)"}}
[info] i  functions: Beginning execution of "us-central1-api" {"metadata":{"emulator":{"name":"functions"},"function":{"name":"us-central1-api"},"extension":{},"message":"Beginning execution of \"us-central1-api\""}}
[debug] [2026-06-27T14:25:36.984Z] [worker-us-central1-api-ae89e708-4478-49b9-a1d8-7d07434afd22]: BUSY {"metadata":{"emulator":{"name":"functions"},"function":{"name":"us-central1-api"},"extension":{},"message":"[worker-us-central1-api-ae89e708-4478-49b9-a1d8-7d07434afd22]: BUSY"}}
[debug] [2026-06-27T14:25:36.985Z] Finishing up request with event=pause {"metadata":{"emulator":{"name":"functions"},"function":{"name":"us-central1-api"},"extension":{},"message":"Finishing up request with event=pause"}}
[info] i  functions: Finished "us-central1-api" in 0.8909ms {"metadata":{"emulator":{"name":"functions"},"function":{"name":"us-central1-api"},"extension":{},"message":"Finished \"us-central1-api\" in 0.8909ms"}}
[debug] [2026-06-27T14:25:36.985Z] [worker-us-central1-api-ae89e708-4478-49b9-a1d8-7d07434afd22]: IDLE {"metadata":{"emulator":{"name":"functions"},"function":{"name":"us-central1-api"},"extension":{},"message":"[worker-us-central1-api-ae89e708-4478-49b9-a1d8-7d07434afd22]: IDLE"}}
[debug] [2026-06-27T14:25:36.985Z] Finishing up request with event=finish {"metadata":{"emulator":{"name":"functions"},"function":{"name":"us-central1-api"},"extension":{},"message":"Finishing up request with event=finish"}}
[debug] [2026-06-27T14:25:36.985Z] Finishing up request with event=close {"metadata":{"emulator":{"name":"functions"},"function":{"name":"us-central1-api"},"extension":{},"message":"Finishing up request with event=close"}}
[debug] [2026-06-27T14:25:36.985Z] [work-queue] {"queuedWork":[],"queueLength":0,"runningWork":[],"workRunningCount":0}
[debug] [2026-06-27T14:25:36.986Z] [work-queue] {"queuedWork":["/saegroup-c6487/us-central1/api/jobs/sar2Tj9CoMahpVhXQ7xN/companycam-photos-2026-06-27T14:25:36.986Z"],"queueLength":1,"runningWork":[],"workRunningCount":0}
[debug] [2026-06-27T14:25:36.986Z] [work-queue] {"queuedWork":[],"queueLength":0,"runningWork":["/saegroup-c6487/us-central1/api/jobs/sar2Tj9CoMahpVhXQ7xN/companycam-photos-2026-06-27T14:25:36.986Z"],"workRunningCount":1}
[debug] [2026-06-27T14:25:36.986Z] Accepted request GET /saegroup-c6487/us-central1/api/jobs/sar2Tj9CoMahpVhXQ7xN/companycam-photos --> us-central1-api
[debug] [2026-06-27T14:25:36.987Z] [functions] Runtime ready! Sending request! {"metadata":{"emulator":{"name":"functions"},"message":"[functions] Runtime ready! Sending request!"}}
[debug] [2026-06-27T14:25:36.987Z] [functions] Got req.url=/saegroup-c6487/us-central1/api/jobs/sar2Tj9CoMahpVhXQ7xN/companycam-photos, mapping to path=/jobs/sar2Tj9CoMahpVhXQ7xN/companycam-photos {"metadata":{"emulator":{"name":"functions"},"message":"[functions] Got req.url=/saegroup-c6487/us-central1/api/jobs/sar2Tj9CoMahpVhXQ7xN/companycam-photos, mapping to path=/jobs/sar2Tj9CoMahpVhXQ7xN/companycam-photos"}}
[debug] [2026-06-27T14:25:36.987Z] [worker-pool] submitRequest(triggerId=us-central1-api) {"metadata":{"emulator":{"name":"functions"},"message":"[worker-pool] submitRequest(triggerId=us-central1-api)"}}
[info] i  functions: Beginning execution of "us-central1-api" {"metadata":{"emulator":{"name":"functions"},"function":{"name":"us-central1-api"},"extension":{},"message":"Beginning execution of \"us-central1-api\""}}
[debug] [2026-06-27T14:25:36.987Z] [worker-us-central1-api-ae89e708-4478-49b9-a1d8-7d07434afd22]: BUSY {"metadata":{"emulator":{"name":"functions"},"function":{"name":"us-central1-api"},"extension":{},"message":"[worker-us-central1-api-ae89e708-4478-49b9-a1d8-7d07434afd22]: BUSY"}}
[debug] [2026-06-27T14:25:37.251Z] Finishing up request with event=pause {"metadata":{"emulator":{"name":"functions"},"function":{"name":"us-central1-api"},"extension":{},"message":"Finishing up request with event=pause"}}
[info] i  functions: Finished "us-central1-api" in 264.4315ms {"metadata":{"emulator":{"name":"functions"},"function":{"name":"us-central1-api"},"extension":{},"message":"Finished \"us-central1-api\" in 264.4315ms"}}
[debug] [2026-06-27T14:25:37.252Z] [worker-us-central1-api-ae89e708-4478-49b9-a1d8-7d07434afd22]: IDLE {"metadata":{"emulator":{"name":"functions"},"function":{"name":"us-central1-api"},"extension":{},"message":"[worker-us-central1-api-ae89e708-4478-49b9-a1d8-7d07434afd22]: IDLE"}}
[debug] [2026-06-27T14:25:37.252Z] Finishing up request with event=finish {"metadata":{"emulator":{"name":"functions"},"function":{"name":"us-central1-api"},"extension":{},"message":"Finishing up request with event=finish"}}
[debug] [2026-06-27T14:25:37.252Z] Finishing up request with event=close {"metadata":{"emulator":{"name":"functions"},"function":{"name":"us-central1-api"},"extension":{},"message":"Finishing up request with event=close"}}
[debug] [2026-06-27T14:25:37.252Z] [work-queue] {"queuedWork":[],"queueLength":0,"runningWork":[],"workRunningCount":0}
[debug] [2026-06-27T14:25:52.839Z] [work-queue] {"queuedWork":["/saegroup-c6487/us-central1/api/jobs/7UPAoTuRKhhLVI2go3HZ/companycam-photos-2026-06-27T14:25:52.839Z"],"queueLength":1,"runningWork":[],"workRunningCount":0}
[debug] [2026-06-27T14:25:52.839Z] [work-queue] {"queuedWork":[],"queueLength":0,"runningWork":["/saegroup-c6487/us-central1/api/jobs/7UPAoTuRKhhLVI2go3HZ/companycam-photos-2026-06-27T14:25:52.839Z"],"workRunningCount":1}
[debug] [2026-06-27T14:25:52.839Z] Accepted request OPTIONS /saegroup-c6487/us-central1/api/jobs/7UPAoTuRKhhLVI2go3HZ/companycam-photos --> us-central1-api
[debug] [2026-06-27T14:25:52.840Z] [functions] Runtime ready! Sending request! {"metadata":{"emulator":{"name":"functions"},"message":"[functions] Runtime ready! Sending request!"}}
[debug] [2026-06-27T14:25:52.840Z] [functions] Got req.url=/saegroup-c6487/us-central1/api/jobs/7UPAoTuRKhhLVI2go3HZ/companycam-photos, mapping to path=/jobs/7UPAoTuRKhhLVI2go3HZ/companycam-photos {"metadata":{"emulator":{"name":"functions"},"message":"[functions] Got req.url=/saegroup-c6487/us-central1/api/jobs/7UPAoTuRKhhLVI2go3HZ/companycam-photos, mapping to path=/jobs/7UPAoTuRKhhLVI2go3HZ/companycam-photos"}}
[debug] [2026-06-27T14:25:52.840Z] [worker-pool] submitRequest(triggerId=us-central1-api) {"metadata":{"emulator":{"name":"functions"},"message":"[worker-pool] submitRequest(triggerId=us-central1-api)"}}
[info] i  functions: Beginning execution of "us-central1-api" {"metadata":{"emulator":{"name":"functions"},"function":{"name":"us-central1-api"},"extension":{},"message":"Beginning execution of \"us-central1-api\""}}
[debug] [2026-06-27T14:25:52.840Z] [worker-us-central1-api-ae89e708-4478-49b9-a1d8-7d07434afd22]: BUSY {"metadata":{"emulator":{"name":"functions"},"function":{"name":"us-central1-api"},"extension":{},"message":"[worker-us-central1-api-ae89e708-4478-49b9-a1d8-7d07434afd22]: BUSY"}}
[debug] [2026-06-27T14:25:52.841Z] Finishing up request with event=pause {"metadata":{"emulator":{"name":"functions"},"function":{"name":"us-central1-api"},"extension":{},"message":"Finishing up request with event=pause"}}
[info] i  functions: Finished "us-central1-api" in 1.0661ms {"metadata":{"emulator":{"name":"functions"},"function":{"name":"us-central1-api"},"extension":{},"message":"Finished \"us-central1-api\" in 1.0661ms"}}
[debug] [2026-06-27T14:25:52.841Z] [worker-us-central1-api-ae89e708-4478-49b9-a1d8-7d07434afd22]: IDLE {"metadata":{"emulator":{"name":"functions"},"function":{"name":"us-central1-api"},"extension":{},"message":"[worker-us-central1-api-ae89e708-4478-49b9-a1d8-7d07434afd22]: IDLE"}}
[debug] [2026-06-27T14:25:52.841Z] Finishing up request with event=finish {"metadata":{"emulator":{"name":"functions"},"function":{"name":"us-central1-api"},"extension":{},"message":"Finishing up request with event=finish"}}
[debug] [2026-06-27T14:25:52.842Z] Finishing up request with event=close {"metadata":{"emulator":{"name":"functions"},"function":{"name":"us-central1-api"},"extension":{},"message":"Finishing up request with event=close"}}
[debug] [2026-06-27T14:25:52.842Z] [work-queue] {"queuedWork":[],"queueLength":0,"runningWork":[],"workRunningCount":0}
[debug] [2026-06-27T14:25:52.842Z] [work-queue] {"queuedWork":["/saegroup-c6487/us-central1/api/jobs/7UPAoTuRKhhLVI2go3HZ/companycam-photos-2026-06-27T14:25:52.842Z"],"queueLength":1,"runningWork":[],"workRunningCount":0}
[debug] [2026-06-27T14:25:52.843Z] [work-queue] {"queuedWork":[],"queueLength":0,"runningWork":["/saegroup-c6487/us-central1/api/jobs/7UPAoTuRKhhLVI2go3HZ/companycam-photos-2026-06-27T14:25:52.842Z"],"workRunningCount":1}
[debug] [2026-06-27T14:25:52.843Z] Accepted request GET /saegroup-c6487/us-central1/api/jobs/7UPAoTuRKhhLVI2go3HZ/companycam-photos --> us-central1-api
[debug] [2026-06-27T14:25:52.843Z] [functions] Runtime ready! Sending request! {"metadata":{"emulator":{"name":"functions"},"message":"[functions] Runtime ready! Sending request!"}}
[debug] [2026-06-27T14:25:52.843Z] [functions] Got req.url=/saegroup-c6487/us-central1/api/jobs/7UPAoTuRKhhLVI2go3HZ/companycam-photos, mapping to path=/jobs/7UPAoTuRKhhLVI2go3HZ/companycam-photos {"metadata":{"emulator":{"name":"functions"},"message":"[functions] Got req.url=/saegroup-c6487/us-central1/api/jobs/7UPAoTuRKhhLVI2go3HZ/companycam-photos, mapping to path=/jobs/7UPAoTuRKhhLVI2go3HZ/companycam-photos"}}
[debug] [2026-06-27T14:25:52.843Z] [worker-pool] submitRequest(triggerId=us-central1-api) {"metadata":{"emulator":{"name":"functions"},"message":"[worker-pool] submitRequest(triggerId=us-central1-api)"}}
[info] i  functions: Beginning execution of "us-central1-api" {"metadata":{"emulator":{"name":"functions"},"function":{"name":"us-central1-api"},"extension":{},"message":"Beginning execution of \"us-central1-api\""}}
[debug] [2026-06-27T14:25:52.843Z] [worker-us-central1-api-ae89e708-4478-49b9-a1d8-7d07434afd22]: BUSY {"metadata":{"emulator":{"name":"functions"},"function":{"name":"us-central1-api"},"extension":{},"message":"[worker-us-central1-api-ae89e708-4478-49b9-a1d8-7d07434afd22]: BUSY"}}
[debug] [2026-06-27T14:25:54.122Z] Finishing up request with event=pause {"metadata":{"emulator":{"name":"functions"},"function":{"name":"us-central1-api"},"extension":{},"message":"Finishing up request with event=pause"}}
[info] i  functions: Finished "us-central1-api" in 1279.1752999999999ms {"metadata":{"emulator":{"name":"functions"},"function":{"name":"us-central1-api"},"extension":{},"message":"Finished \"us-central1-api\" in 1279.1752999999999ms"}}
[debug] [2026-06-27T14:25:54.123Z] [worker-us-central1-api-ae89e708-4478-49b9-a1d8-7d07434afd22]: IDLE {"metadata":{"emulator":{"name":"functions"},"function":{"name":"us-central1-api"},"extension":{},"message":"[worker-us-central1-api-ae89e708-4478-49b9-a1d8-7d07434afd22]: IDLE"}}
[debug] [2026-06-27T14:25:54.123Z] Finishing up request with event=finish {"metadata":{"emulator":{"name":"functions"},"function":{"name":"us-central1-api"},"extension":{},"message":"Finishing up request with event=finish"}}
[debug] [2026-06-27T14:25:54.123Z] Finishing up request with event=close {"metadata":{"emulator":{"name":"functions"},"function":{"name":"us-central1-api"},"extension":{},"message":"Finishing up request with event=close"}}
[debug] [2026-06-27T14:25:54.123Z] [work-queue] {"queuedWork":[],"queueLength":0,"runningWork":[],"workRunningCount":0}
[debug] [2026-06-27T14:27:41.760Z] [work-queue] {"queuedWork":["/saegroup-c6487/us-central1/api/jobs/7UPAoTuRKhhLVI2go3HZ/companycam-photos-2026-06-27T14:27:41.760Z"],"queueLength":1,"runningWork":[],"workRunningCount":0}
[debug] [2026-06-27T14:27:41.760Z] [work-queue] {"queuedWork":[],"queueLength":0,"runningWork":["/saegroup-c6487/us-central1/api/jobs/7UPAoTuRKhhLVI2go3HZ/companycam-photos-2026-06-27T14:27:41.760Z"],"workRunningCount":1}
[debug] [2026-06-27T14:27:41.760Z] Accepted request OPTIONS /saegroup-c6487/us-central1/api/jobs/7UPAoTuRKhhLVI2go3HZ/companycam-photos --> us-central1-api
[debug] [2026-06-27T14:27:41.760Z] [functions] Runtime ready! Sending request! {"metadata":{"emulator":{"name":"functions"},"message":"[functions] Runtime ready! Sending request!"}}
[debug] [2026-06-27T14:27:41.761Z] [functions] Got req.url=/saegroup-c6487/us-central1/api/jobs/7UPAoTuRKhhLVI2go3HZ/companycam-photos, mapping to path=/jobs/7UPAoTuRKhhLVI2go3HZ/companycam-photos {"metadata":{"emulator":{"name":"functions"},"message":"[functions] Got req.url=/saegroup-c6487/us-central1/api/jobs/7UPAoTuRKhhLVI2go3HZ/companycam-photos, mapping to path=/jobs/7UPAoTuRKhhLVI2go3HZ/companycam-photos"}}
[debug] [2026-06-27T14:27:41.761Z] [worker-pool] submitRequest(triggerId=us-central1-api) {"metadata":{"emulator":{"name":"functions"},"message":"[worker-pool] submitRequest(triggerId=us-central1-api)"}}
[info] i  functions: Beginning execution of "us-central1-api" {"metadata":{"emulator":{"name":"functions"},"function":{"name":"us-central1-api"},"extension":{},"message":"Beginning execution of \"us-central1-api\""}}
[debug] [2026-06-27T14:27:41.761Z] [worker-us-central1-api-ae89e708-4478-49b9-a1d8-7d07434afd22]: BUSY {"metadata":{"emulator":{"name":"functions"},"function":{"name":"us-central1-api"},"extension":{},"message":"[worker-us-central1-api-ae89e708-4478-49b9-a1d8-7d07434afd22]: BUSY"}}
[debug] [2026-06-27T14:27:41.762Z] Finishing up request with event=pause {"metadata":{"emulator":{"name":"functions"},"function":{"name":"us-central1-api"},"extension":{},"message":"Finishing up request with event=pause"}}
[info] i  functions: Finished "us-central1-api" in 0.967ms {"metadata":{"emulator":{"name":"functions"},"function":{"name":"us-central1-api"},"extension":{},"message":"Finished \"us-central1-api\" in 0.967ms"}}
[debug] [2026-06-27T14:27:41.762Z] [worker-us-central1-api-ae89e708-4478-49b9-a1d8-7d07434afd22]: IDLE {"metadata":{"emulator":{"name":"functions"},"function":{"name":"us-central1-api"},"extension":{},"message":"[worker-us-central1-api-ae89e708-4478-49b9-a1d8-7d07434afd22]: IDLE"}}
[debug] [2026-06-27T14:27:41.762Z] Finishing up request with event=finish {"metadata":{"emulator":{"name":"functions"},"function":{"name":"us-central1-api"},"extension":{},"message":"Finishing up request with event=finish"}}
[debug] [2026-06-27T14:27:41.762Z] Finishing up request with event=close {"metadata":{"emulator":{"name":"functions"},"function":{"name":"us-central1-api"},"extension":{},"message":"Finishing up request with event=close"}}
[debug] [2026-06-27T14:27:41.762Z] [work-queue] {"queuedWork":[],"queueLength":0,"runningWork":[],"workRunningCount":0}
[debug] [2026-06-27T14:27:41.763Z] [work-queue] {"queuedWork":["/saegroup-c6487/us-central1/api/jobs/7UPAoTuRKhhLVI2go3HZ/companycam-photos-2026-06-27T14:27:41.763Z"],"queueLength":1,"runningWork":[],"workRunningCount":0}
[debug] [2026-06-27T14:27:41.763Z] [work-queue] {"queuedWork":[],"queueLength":0,"runningWork":["/saegroup-c6487/us-central1/api/jobs/7UPAoTuRKhhLVI2go3HZ/companycam-photos-2026-06-27T14:27:41.763Z"],"workRunningCount":1}
[debug] [2026-06-27T14:27:41.763Z] Accepted request GET /saegroup-c6487/us-central1/api/jobs/7UPAoTuRKhhLVI2go3HZ/companycam-photos --> us-central1-api
[debug] [2026-06-27T14:27:41.763Z] [functions] Runtime ready! Sending request! {"metadata":{"emulator":{"name":"functions"},"message":"[functions] Runtime ready! Sending request!"}}
[debug] [2026-06-27T14:27:41.764Z] [functions] Got req.url=/saegroup-c6487/us-central1/api/jobs/7UPAoTuRKhhLVI2go3HZ/companycam-photos, mapping to path=/jobs/7UPAoTuRKhhLVI2go3HZ/companycam-photos {"metadata":{"emulator":{"name":"functions"},"message":"[functions] Got req.url=/saegroup-c6487/us-central1/api/jobs/7UPAoTuRKhhLVI2go3HZ/companycam-photos, mapping to path=/jobs/7UPAoTuRKhhLVI2go3HZ/companycam-photos"}}
[debug] [2026-06-27T14:27:41.764Z] [worker-pool] submitRequest(triggerId=us-central1-api) {"metadata":{"emulator":{"name":"functions"},"message":"[worker-pool] submitRequest(triggerId=us-central1-api)"}}
[info] i  functions: Beginning execution of "us-central1-api" {"metadata":{"emulator":{"name":"functions"},"function":{"name":"us-central1-api"},"extension":{},"message":"Beginning execution of \"us-central1-api\""}}
[debug] [2026-06-27T14:27:41.764Z] [worker-us-central1-api-ae89e708-4478-49b9-a1d8-7d07434afd22]: BUSY {"metadata":{"emulator":{"name":"functions"},"function":{"name":"us-central1-api"},"extension":{},"message":"[worker-us-central1-api-ae89e708-4478-49b9-a1d8-7d07434afd22]: BUSY"}}
[debug] [2026-06-27T14:27:42.437Z] Finishing up request with event=pause {"metadata":{"emulator":{"name":"functions"},"function":{"name":"us-central1-api"},"extension":{},"message":"Finishing up request with event=pause"}}
[info] i  functions: Finished "us-central1-api" in 673.0533ms {"metadata":{"emulator":{"name":"functions"},"function":{"name":"us-central1-api"},"extension":{},"message":"Finished \"us-central1-api\" in 673.0533ms"}}
[debug] [2026-06-27T14:27:42.437Z] [worker-us-central1-api-ae89e708-4478-49b9-a1d8-7d07434afd22]: IDLE {"metadata":{"emulator":{"name":"functions"},"function":{"name":"us-central1-api"},"extension":{},"message":"[worker-us-central1-api-ae89e708-4478-49b9-a1d8-7d07434afd22]: IDLE"}}
[debug] [2026-06-27T14:27:42.437Z] Finishing up request with event=finish {"metadata":{"emulator":{"name":"functions"},"function":{"name":"us-central1-api"},"extension":{},"message":"Finishing up request with event=finish"}}
[debug] [2026-06-27T14:27:42.437Z] Finishing up request with event=close {"metadata":{"emulator":{"name":"functions"},"function":{"name":"us-central1-api"},"extension":{},"message":"Finishing up request with event=close"}}
[debug] [2026-06-27T14:27:42.437Z] [work-queue] {"queuedWork":[],"queueLength":0,"runningWork":[],"workRunningCount":0}
[debug] [2026-06-27T14:27:49.877Z] [work-queue] {"queuedWork":["/saegroup-c6487/us-central1/api/jobs/7UPAoTuRKhhLVI2go3HZ/companycam-photos-2026-06-27T14:27:49.877Z"],"queueLength":1,"runningWork":[],"workRunningCount":0}
[debug] [2026-06-27T14:27:49.878Z] [work-queue] {"queuedWork":[],"queueLength":0,"runningWork":["/saegroup-c6487/us-central1/api/jobs/7UPAoTuRKhhLVI2go3HZ/companycam-photos-2026-06-27T14:27:49.877Z"],"workRunningCount":1}
[debug] [2026-06-27T14:27:49.878Z] Accepted request OPTIONS /saegroup-c6487/us-central1/api/jobs/7UPAoTuRKhhLVI2go3HZ/companycam-photos --> us-central1-api
[debug] [2026-06-27T14:27:49.878Z] [functions] Runtime ready! Sending request! {"metadata":{"emulator":{"name":"functions"},"message":"[functions] Runtime ready! Sending request!"}}
[debug] [2026-06-27T14:27:49.878Z] [functions] Got req.url=/saegroup-c6487/us-central1/api/jobs/7UPAoTuRKhhLVI2go3HZ/companycam-photos, mapping to path=/jobs/7UPAoTuRKhhLVI2go3HZ/companycam-photos {"metadata":{"emulator":{"name":"functions"},"message":"[functions] Got req.url=/saegroup-c6487/us-central1/api/jobs/7UPAoTuRKhhLVI2go3HZ/companycam-photos, mapping to path=/jobs/7UPAoTuRKhhLVI2go3HZ/companycam-photos"}}
[debug] [2026-06-27T14:27:49.878Z] [worker-pool] submitRequest(triggerId=us-central1-api) {"metadata":{"emulator":{"name":"functions"},"message":"[worker-pool] submitRequest(triggerId=us-central1-api)"}}
[info] i  functions: Beginning execution of "us-central1-api" {"metadata":{"emulator":{"name":"functions"},"function":{"name":"us-central1-api"},"extension":{},"message":"Beginning execution of \"us-central1-api\""}}
[debug] [2026-06-27T14:27:49.878Z] [worker-us-central1-api-ae89e708-4478-49b9-a1d8-7d07434afd22]: BUSY {"metadata":{"emulator":{"name":"functions"},"function":{"name":"us-central1-api"},"extension":{},"message":"[worker-us-central1-api-ae89e708-4478-49b9-a1d8-7d07434afd22]: BUSY"}}
[debug] [2026-06-27T14:27:49.879Z] Finishing up request with event=pause {"metadata":{"emulator":{"name":"functions"},"function":{"name":"us-central1-api"},"extension":{},"message":"Finishing up request with event=pause"}}
[info] i  functions: Finished "us-central1-api" in 1.0443ms {"metadata":{"emulator":{"name":"functions"},"function":{"name":"us-central1-api"},"extension":{},"message":"Finished \"us-central1-api\" in 1.0443ms"}}
[debug] [2026-06-27T14:27:49.880Z] [worker-us-central1-api-ae89e708-4478-49b9-a1d8-7d07434afd22]: IDLE {"metadata":{"emulator":{"name":"functions"},"function":{"name":"us-central1-api"},"extension":{},"message":"[worker-us-central1-api-ae89e708-4478-49b9-a1d8-7d07434afd22]: IDLE"}}
[debug] [2026-06-27T14:27:49.880Z] Finishing up request with event=finish {"metadata":{"emulator":{"name":"functions"},"function":{"name":"us-central1-api"},"extension":{},"message":"Finishing up request with event=finish"}}
[debug] [2026-06-27T14:27:49.880Z] Finishing up request with event=close {"metadata":{"emulator":{"name":"functions"},"function":{"name":"us-central1-api"},"extension":{},"message":"Finishing up request with event=close"}}
[debug] [2026-06-27T14:27:49.880Z] [work-queue] {"queuedWork":[],"queueLength":0,"runningWork":[],"workRunningCount":0}
[debug] [2026-06-27T14:27:49.881Z] [work-queue] {"queuedWork":["/saegroup-c6487/us-central1/api/jobs/7UPAoTuRKhhLVI2go3HZ/companycam-photos-2026-06-27T14:27:49.881Z"],"queueLength":1,"runningWork":[],"workRunningCount":0}
[debug] [2026-06-27T14:27:49.881Z] [work-queue] {"queuedWork":[],"queueLength":0,"runningWork":["/saegroup-c6487/us-central1/api/jobs/7UPAoTuRKhhLVI2go3HZ/companycam-photos-2026-06-27T14:27:49.881Z"],"workRunningCount":1}
[debug] [2026-06-27T14:27:49.881Z] Accepted request GET /saegroup-c6487/us-central1/api/jobs/7UPAoTuRKhhLVI2go3HZ/companycam-photos --> us-central1-api
[debug] [2026-06-27T14:27:49.881Z] [functions] Runtime ready! Sending request! {"metadata":{"emulator":{"name":"functions"},"message":"[functions] Runtime ready! Sending request!"}}
[debug] [2026-06-27T14:27:49.881Z] [functions] Got req.url=/saegroup-c6487/us-central1/api/jobs/7UPAoTuRKhhLVI2go3HZ/companycam-photos, mapping to path=/jobs/7UPAoTuRKhhLVI2go3HZ/companycam-photos {"metadata":{"emulator":{"name":"functions"},"message":"[functions] Got req.url=/saegroup-c6487/us-central1/api/jobs/7UPAoTuRKhhLVI2go3HZ/companycam-photos, mapping to path=/jobs/7UPAoTuRKhhLVI2go3HZ/companycam-photos"}}
[debug] [2026-06-27T14:27:49.882Z] [worker-pool] submitRequest(triggerId=us-central1-api) {"metadata":{"emulator":{"name":"functions"},"message":"[worker-pool] submitRequest(triggerId=us-central1-api)"}}
[info] i  functions: Beginning execution of "us-central1-api" {"metadata":{"emulator":{"name":"functions"},"function":{"name":"us-central1-api"},"extension":{},"message":"Beginning execution of \"us-central1-api\""}}
[debug] [2026-06-27T14:27:49.882Z] [worker-us-central1-api-ae89e708-4478-49b9-a1d8-7d07434afd22]: BUSY {"metadata":{"emulator":{"name":"functions"},"function":{"name":"us-central1-api"},"extension":{},"message":"[worker-us-central1-api-ae89e708-4478-49b9-a1d8-7d07434afd22]: BUSY"}}
[debug] [2026-06-27T14:27:50.266Z] Finishing up request with event=pause {"metadata":{"emulator":{"name":"functions"},"function":{"name":"us-central1-api"},"extension":{},"message":"Finishing up request with event=pause"}}
[info] i  functions: Finished "us-central1-api" in 384.5876ms {"metadata":{"emulator":{"name":"functions"},"function":{"name":"us-central1-api"},"extension":{},"message":"Finished \"us-central1-api\" in 384.5876ms"}}
[debug] [2026-06-27T14:27:50.266Z] [worker-us-central1-api-ae89e708-4478-49b9-a1d8-7d07434afd22]: IDLE {"metadata":{"emulator":{"name":"functions"},"function":{"name":"us-central1-api"},"extension":{},"message":"[worker-us-central1-api-ae89e708-4478-49b9-a1d8-7d07434afd22]: IDLE"}}
[debug] [2026-06-27T14:27:50.266Z] Finishing up request with event=finish {"metadata":{"emulator":{"name":"functions"},"function":{"name":"us-central1-api"},"extension":{},"message":"Finishing up request with event=finish"}}
[debug] [2026-06-27T14:27:50.267Z] Finishing up request with event=close {"metadata":{"emulator":{"name":"functions"},"function":{"name":"us-central1-api"},"extension":{},"message":"Finishing up request with event=close"}}
[debug] [2026-06-27T14:27:50.267Z] [work-queue] {"queuedWork":[],"queueLength":0,"runningWork":[],"workRunningCount":0}
[debug] [2026-06-27T14:28:39.662Z] [work-queue] {"queuedWork":["/saegroup-c6487/us-central1/api/jobs/7UPAoTuRKhhLVI2go3HZ/companycam-photos-2026-06-27T14:28:39.662Z"],"queueLength":1,"runningWork":[],"workRunningCount":0}
[debug] [2026-06-27T14:28:39.662Z] [work-queue] {"queuedWork":[],"queueLength":0,"runningWork":["/saegroup-c6487/us-central1/api/jobs/7UPAoTuRKhhLVI2go3HZ/companycam-photos-2026-06-27T14:28:39.662Z"],"workRunningCount":1}
[debug] [2026-06-27T14:28:39.662Z] Accepted request OPTIONS /saegroup-c6487/us-central1/api/jobs/7UPAoTuRKhhLVI2go3HZ/companycam-photos --> us-central1-api
[debug] [2026-06-27T14:28:39.662Z] [functions] Runtime ready! Sending request! {"metadata":{"emulator":{"name":"functions"},"message":"[functions] Runtime ready! Sending request!"}}
[debug] [2026-06-27T14:28:39.663Z] [functions] Got req.url=/saegroup-c6487/us-central1/api/jobs/7UPAoTuRKhhLVI2go3HZ/companycam-photos, mapping to path=/jobs/7UPAoTuRKhhLVI2go3HZ/companycam-photos {"metadata":{"emulator":{"name":"functions"},"message":"[functions] Got req.url=/saegroup-c6487/us-central1/api/jobs/7UPAoTuRKhhLVI2go3HZ/companycam-photos, mapping to path=/jobs/7UPAoTuRKhhLVI2go3HZ/companycam-photos"}}
[debug] [2026-06-27T14:28:39.663Z] [worker-pool] submitRequest(triggerId=us-central1-api) {"metadata":{"emulator":{"name":"functions"},"message":"[worker-pool] submitRequest(triggerId=us-central1-api)"}}
[info] i  functions: Beginning execution of "us-central1-api" {"metadata":{"emulator":{"name":"functions"},"function":{"name":"us-central1-api"},"extension":{},"message":"Beginning execution of \"us-central1-api\""}}
[debug] [2026-06-27T14:28:39.663Z] [worker-us-central1-api-ae89e708-4478-49b9-a1d8-7d07434afd22]: BUSY {"metadata":{"emulator":{"name":"functions"},"function":{"name":"us-central1-api"},"extension":{},"message":"[worker-us-central1-api-ae89e708-4478-49b9-a1d8-7d07434afd22]: BUSY"}}
[debug] [2026-06-27T14:28:39.664Z] Finishing up request with event=pause {"metadata":{"emulator":{"name":"functions"},"function":{"name":"us-central1-api"},"extension":{},"message":"Finishing up request with event=pause"}}
[info] i  functions: Finished "us-central1-api" in 0.9218ms {"metadata":{"emulator":{"name":"functions"},"function":{"name":"us-central1-api"},"extension":{},"message":"Finished \"us-central1-api\" in 0.9218ms"}}
[debug] [2026-06-27T14:28:39.664Z] [worker-us-central1-api-ae89e708-4478-49b9-a1d8-7d07434afd22]: IDLE {"metadata":{"emulator":{"name":"functions"},"function":{"name":"us-central1-api"},"extension":{},"message":"[worker-us-central1-api-ae89e708-4478-49b9-a1d8-7d07434afd22]: IDLE"}}
[debug] [2026-06-27T14:28:39.664Z] Finishing up request with event=finish {"metadata":{"emulator":{"name":"functions"},"function":{"name":"us-central1-api"},"extension":{},"message":"Finishing up request with event=finish"}}
[debug] [2026-06-27T14:28:39.664Z] Finishing up request with event=close {"metadata":{"emulator":{"name":"functions"},"function":{"name":"us-central1-api"},"extension":{},"message":"Finishing up request with event=close"}}
[debug] [2026-06-27T14:28:39.664Z] [work-queue] {"queuedWork":[],"queueLength":0,"runningWork":[],"workRunningCount":0}
[debug] [2026-06-27T14:28:39.665Z] [work-queue] {"queuedWork":["/saegroup-c6487/us-central1/api/jobs/7UPAoTuRKhhLVI2go3HZ/companycam-photos-2026-06-27T14:28:39.665Z"],"queueLength":1,"runningWork":[],"workRunningCount":0}
[debug] [2026-06-27T14:28:39.665Z] [work-queue] {"queuedWork":[],"queueLength":0,"runningWork":["/saegroup-c6487/us-central1/api/jobs/7UPAoTuRKhhLVI2go3HZ/companycam-photos-2026-06-27T14:28:39.665Z"],"workRunningCount":1}
[debug] [2026-06-27T14:28:39.665Z] Accepted request GET /saegroup-c6487/us-central1/api/jobs/7UPAoTuRKhhLVI2go3HZ/companycam-photos --> us-central1-api
[debug] [2026-06-27T14:28:39.666Z] [functions] Runtime ready! Sending request! {"metadata":{"emulator":{"name":"functions"},"message":"[functions] Runtime ready! Sending request!"}}
[debug] [2026-06-27T14:28:39.666Z] [functions] Got req.url=/saegroup-c6487/us-central1/api/jobs/7UPAoTuRKhhLVI2go3HZ/companycam-photos, mapping to path=/jobs/7UPAoTuRKhhLVI2go3HZ/companycam-photos {"metadata":{"emulator":{"name":"functions"},"message":"[functions] Got req.url=/saegroup-c6487/us-central1/api/jobs/7UPAoTuRKhhLVI2go3HZ/companycam-photos, mapping to path=/jobs/7UPAoTuRKhhLVI2go3HZ/companycam-photos"}}
[debug] [2026-06-27T14:28:39.666Z] [worker-pool] submitRequest(triggerId=us-central1-api) {"metadata":{"emulator":{"name":"functions"},"message":"[worker-pool] submitRequest(triggerId=us-central1-api)"}}
[info] i  functions: Beginning execution of "us-central1-api" {"metadata":{"emulator":{"name":"functions"},"function":{"name":"us-central1-api"},"extension":{},"message":"Beginning execution of \"us-central1-api\""}}
[debug] [2026-06-27T14:28:39.666Z] [worker-us-central1-api-ae89e708-4478-49b9-a1d8-7d07434afd22]: BUSY {"metadata":{"emulator":{"name":"functions"},"function":{"name":"us-central1-api"},"extension":{},"message":"[worker-us-central1-api-ae89e708-4478-49b9-a1d8-7d07434afd22]: BUSY"}}
[debug] [2026-06-27T14:28:40.191Z] Finishing up request with event=pause {"metadata":{"emulator":{"name":"functions"},"function":{"name":"us-central1-api"},"extension":{},"message":"Finishing up request with event=pause"}}
[info] i  functions: Finished "us-central1-api" in 525.1259ms {"metadata":{"emulator":{"name":"functions"},"function":{"name":"us-central1-api"},"extension":{},"message":"Finished \"us-central1-api\" in 525.1259ms"}}
[debug] [2026-06-27T14:28:40.191Z] [worker-us-central1-api-ae89e708-4478-49b9-a1d8-7d07434afd22]: IDLE {"metadata":{"emulator":{"name":"functions"},"function":{"name":"us-central1-api"},"extension":{},"message":"[worker-us-central1-api-ae89e708-4478-49b9-a1d8-7d07434afd22]: IDLE"}}
[debug] [2026-06-27T14:28:40.191Z] Finishing up request with event=finish {"metadata":{"emulator":{"name":"functions"},"function":{"name":"us-central1-api"},"extension":{},"message":"Finishing up request with event=finish"}}
[debug] [2026-06-27T14:28:40.191Z] Finishing up request with event=close {"metadata":{"emulator":{"name":"functions"},"function":{"name":"us-central1-api"},"extension":{},"message":"Finishing up request with event=close"}}
[debug] [2026-06-27T14:28:40.191Z] [work-queue] {"queuedWork":[],"queueLength":0,"runningWork":[],"workRunningCount":0}
[debug] [2026-06-27T14:31:28.424Z] [work-queue] {"queuedWork":["/saegroup-c6487/us-central1/api/jobs/7UPAoTuRKhhLVI2go3HZ/companycam-photos-2026-06-27T14:31:28.424Z"],"queueLength":1,"runningWork":[],"workRunningCount":0}
[debug] [2026-06-27T14:31:28.424Z] [work-queue] {"queuedWork":[],"queueLength":0,"runningWork":["/saegroup-c6487/us-central1/api/jobs/7UPAoTuRKhhLVI2go3HZ/companycam-photos-2026-06-27T14:31:28.424Z"],"workRunningCount":1}
[debug] [2026-06-27T14:31:28.424Z] Accepted request OPTIONS /saegroup-c6487/us-central1/api/jobs/7UPAoTuRKhhLVI2go3HZ/companycam-photos --> us-central1-api
[debug] [2026-06-27T14:31:28.424Z] [functions] Runtime ready! Sending request! {"metadata":{"emulator":{"name":"functions"},"message":"[functions] Runtime ready! Sending request!"}}
[debug] [2026-06-27T14:31:28.424Z] [functions] Got req.url=/saegroup-c6487/us-central1/api/jobs/7UPAoTuRKhhLVI2go3HZ/companycam-photos, mapping to path=/jobs/7UPAoTuRKhhLVI2go3HZ/companycam-photos {"metadata":{"emulator":{"name":"functions"},"message":"[functions] Got req.url=/saegroup-c6487/us-central1/api/jobs/7UPAoTuRKhhLVI2go3HZ/companycam-photos, mapping to path=/jobs/7UPAoTuRKhhLVI2go3HZ/companycam-photos"}}
[debug] [2026-06-27T14:31:28.425Z] [worker-pool] submitRequest(triggerId=us-central1-api) {"metadata":{"emulator":{"name":"functions"},"message":"[worker-pool] submitRequest(triggerId=us-central1-api)"}}
[info] i  functions: Beginning execution of "us-central1-api" {"metadata":{"emulator":{"name":"functions"},"function":{"name":"us-central1-api"},"extension":{},"message":"Beginning execution of \"us-central1-api\""}}
[debug] [2026-06-27T14:31:28.425Z] [worker-us-central1-api-ae89e708-4478-49b9-a1d8-7d07434afd22]: BUSY {"metadata":{"emulator":{"name":"functions"},"function":{"name":"us-central1-api"},"extension":{},"message":"[worker-us-central1-api-ae89e708-4478-49b9-a1d8-7d07434afd22]: BUSY"}}
[debug] [2026-06-27T14:31:28.426Z] Finishing up request with event=pause {"metadata":{"emulator":{"name":"functions"},"function":{"name":"us-central1-api"},"extension":{},"message":"Finishing up request with event=pause"}}
[info] i  functions: Finished "us-central1-api" in 1.5976ms {"metadata":{"emulator":{"name":"functions"},"function":{"name":"us-central1-api"},"extension":{},"message":"Finished \"us-central1-api\" in 1.5976ms"}}
[debug] [2026-06-27T14:31:28.427Z] [worker-us-central1-api-ae89e708-4478-49b9-a1d8-7d07434afd22]: IDLE {"metadata":{"emulator":{"name":"functions"},"function":{"name":"us-central1-api"},"extension":{},"message":"[worker-us-central1-api-ae89e708-4478-49b9-a1d8-7d07434afd22]: IDLE"}}
[debug] [2026-06-27T14:31:28.427Z] Finishing up request with event=finish {"metadata":{"emulator":{"name":"functions"},"function":{"name":"us-central1-api"},"extension":{},"message":"Finishing up request with event=finish"}}
[debug] [2026-06-27T14:31:28.427Z] Finishing up request with event=close {"metadata":{"emulator":{"name":"functions"},"function":{"name":"us-central1-api"},"extension":{},"message":"Finishing up request with event=close"}}
[debug] [2026-06-27T14:31:28.427Z] [work-queue] {"queuedWork":[],"queueLength":0,"runningWork":[],"workRunningCount":0}
[debug] [2026-06-27T14:31:28.428Z] [work-queue] {"queuedWork":["/saegroup-c6487/us-central1/api/jobs/7UPAoTuRKhhLVI2go3HZ/companycam-photos-2026-06-27T14:31:28.428Z"],"queueLength":1,"runningWork":[],"workRunningCount":0}
[debug] [2026-06-27T14:31:28.428Z] [work-queue] {"queuedWork":[],"queueLength":0,"runningWork":["/saegroup-c6487/us-central1/api/jobs/7UPAoTuRKhhLVI2go3HZ/companycam-photos-2026-06-27T14:31:28.428Z"],"workRunningCount":1}
[debug] [2026-06-27T14:31:28.428Z] Accepted request GET /saegroup-c6487/us-central1/api/jobs/7UPAoTuRKhhLVI2go3HZ/companycam-photos --> us-central1-api
[debug] [2026-06-27T14:31:28.428Z] [functions] Runtime ready! Sending request! {"metadata":{"emulator":{"name":"functions"},"message":"[functions] Runtime ready! Sending request!"}}
[debug] [2026-06-27T14:31:28.428Z] [functions] Got req.url=/saegroup-c6487/us-central1/api/jobs/7UPAoTuRKhhLVI2go3HZ/companycam-photos, mapping to path=/jobs/7UPAoTuRKhhLVI2go3HZ/companycam-photos {"metadata":{"emulator":{"name":"functions"},"message":"[functions] Got req.url=/saegroup-c6487/us-central1/api/jobs/7UPAoTuRKhhLVI2go3HZ/companycam-photos, mapping to path=/jobs/7UPAoTuRKhhLVI2go3HZ/companycam-photos"}}
[debug] [2026-06-27T14:31:28.428Z] [worker-pool] submitRequest(triggerId=us-central1-api) {"metadata":{"emulator":{"name":"functions"},"message":"[worker-pool] submitRequest(triggerId=us-central1-api)"}}
[info] i  functions: Beginning execution of "us-central1-api" {"metadata":{"emulator":{"name":"functions"},"function":{"name":"us-central1-api"},"extension":{},"message":"Beginning execution of \"us-central1-api\""}}
[debug] [2026-06-27T14:31:28.429Z] [worker-us-central1-api-ae89e708-4478-49b9-a1d8-7d07434afd22]: BUSY {"metadata":{"emulator":{"name":"functions"},"function":{"name":"us-central1-api"},"extension":{},"message":"[worker-us-central1-api-ae89e708-4478-49b9-a1d8-7d07434afd22]: BUSY"}}
[debug] [2026-06-27T14:31:29.209Z] Finishing up request with event=pause {"metadata":{"emulator":{"name":"functions"},"function":{"name":"us-central1-api"},"extension":{},"message":"Finishing up request with event=pause"}}
[info] i  functions: Finished "us-central1-api" in 780.6888ms {"metadata":{"emulator":{"name":"functions"},"function":{"name":"us-central1-api"},"extension":{},"message":"Finished \"us-central1-api\" in 780.6888ms"}}
[debug] [2026-06-27T14:31:29.209Z] [worker-us-central1-api-ae89e708-4478-49b9-a1d8-7d07434afd22]: IDLE {"metadata":{"emulator":{"name":"functions"},"function":{"name":"us-central1-api"},"extension":{},"message":"[worker-us-central1-api-ae89e708-4478-49b9-a1d8-7d07434afd22]: IDLE"}}
[debug] [2026-06-27T14:31:29.209Z] Finishing up request with event=finish {"metadata":{"emulator":{"name":"functions"},"function":{"name":"us-central1-api"},"extension":{},"message":"Finishing up request with event=finish"}}
[debug] [2026-06-27T14:31:29.210Z] Finishing up request with event=close {"metadata":{"emulator":{"name":"functions"},"function":{"name":"us-central1-api"},"extension":{},"message":"Finishing up request with event=close"}}
[debug] [2026-06-27T14:31:29.210Z] [work-queue] {"queuedWork":[],"queueLength":0,"runningWork":[],"workRunningCount":0}
[debug] [2026-06-27T14:34:07.996Z] [work-queue] {"queuedWork":["/saegroup-c6487/us-central1/api/jobs/E7Y3NBdiiCQJ3VDwVAdu/companycam-photos-2026-06-27T14:34:07.996Z"],"queueLength":1,"runningWork":[],"workRunningCount":0}
[debug] [2026-06-27T14:34:07.996Z] [work-queue] {"queuedWork":[],"queueLength":0,"runningWork":["/saegroup-c6487/us-central1/api/jobs/E7Y3NBdiiCQJ3VDwVAdu/companycam-photos-2026-06-27T14:34:07.996Z"],"workRunningCount":1}
[debug] [2026-06-27T14:34:07.996Z] Accepted request OPTIONS /saegroup-c6487/us-central1/api/jobs/E7Y3NBdiiCQJ3VDwVAdu/companycam-photos --> us-central1-api
[debug] [2026-06-27T14:34:07.996Z] [functions] Runtime ready! Sending request! {"metadata":{"emulator":{"name":"functions"},"message":"[functions] Runtime ready! Sending request!"}}
[debug] [2026-06-27T14:34:07.997Z] [functions] Got req.url=/saegroup-c6487/us-central1/api/jobs/E7Y3NBdiiCQJ3VDwVAdu/companycam-photos, mapping to path=/jobs/E7Y3NBdiiCQJ3VDwVAdu/companycam-photos {"metadata":{"emulator":{"name":"functions"},"message":"[functions] Got req.url=/saegroup-c6487/us-central1/api/jobs/E7Y3NBdiiCQJ3VDwVAdu/companycam-photos, mapping to path=/jobs/E7Y3NBdiiCQJ3VDwVAdu/companycam-photos"}}
[debug] [2026-06-27T14:34:07.997Z] [worker-pool] submitRequest(triggerId=us-central1-api) {"metadata":{"emulator":{"name":"functions"},"message":"[worker-pool] submitRequest(triggerId=us-central1-api)"}}
[info] i  functions: Beginning execution of "us-central1-api" {"metadata":{"emulator":{"name":"functions"},"function":{"name":"us-central1-api"},"extension":{},"message":"Beginning execution of \"us-central1-api\""}}
[debug] [2026-06-27T14:34:07.997Z] [worker-us-central1-api-ae89e708-4478-49b9-a1d8-7d07434afd22]: BUSY {"metadata":{"emulator":{"name":"functions"},"function":{"name":"us-central1-api"},"extension":{},"message":"[worker-us-central1-api-ae89e708-4478-49b9-a1d8-7d07434afd22]: BUSY"}}
[debug] [2026-06-27T14:34:07.999Z] Finishing up request with event=pause {"metadata":{"emulator":{"name":"functions"},"function":{"name":"us-central1-api"},"extension":{},"message":"Finishing up request with event=pause"}}
[info] i  functions: Finished "us-central1-api" in 2.1051ms {"metadata":{"emulator":{"name":"functions"},"function":{"name":"us-central1-api"},"extension":{},"message":"Finished \"us-central1-api\" in 2.1051ms"}}
[debug] [2026-06-27T14:34:07.999Z] [worker-us-central1-api-ae89e708-4478-49b9-a1d8-7d07434afd22]: IDLE {"metadata":{"emulator":{"name":"functions"},"function":{"name":"us-central1-api"},"extension":{},"message":"[worker-us-central1-api-ae89e708-4478-49b9-a1d8-7d07434afd22]: IDLE"}}
[debug] [2026-06-27T14:34:07.999Z] Finishing up request with event=finish {"metadata":{"emulator":{"name":"functions"},"function":{"name":"us-central1-api"},"extension":{},"message":"Finishing up request with event=finish"}}
[debug] [2026-06-27T14:34:07.999Z] Finishing up request with event=close {"metadata":{"emulator":{"name":"functions"},"function":{"name":"us-central1-api"},"extension":{},"message":"Finishing up request with event=close"}}
[debug] [2026-06-27T14:34:07.999Z] [work-queue] {"queuedWork":[],"queueLength":0,"runningWork":[],"workRunningCount":0}
[debug] [2026-06-27T14:34:08.001Z] [work-queue] {"queuedWork":["/saegroup-c6487/us-central1/api/jobs/E7Y3NBdiiCQJ3VDwVAdu/companycam-photos-2026-06-27T14:34:08.001Z"],"queueLength":1,"runningWork":[],"workRunningCount":0}
[debug] [2026-06-27T14:34:08.001Z] [work-queue] {"queuedWork":[],"queueLength":0,"runningWork":["/saegroup-c6487/us-central1/api/jobs/E7Y3NBdiiCQJ3VDwVAdu/companycam-photos-2026-06-27T14:34:08.001Z"],"workRunningCount":1}
[debug] [2026-06-27T14:34:08.001Z] Accepted request GET /saegroup-c6487/us-central1/api/jobs/E7Y3NBdiiCQJ3VDwVAdu/companycam-photos --> us-central1-api
[debug] [2026-06-27T14:34:08.001Z] [functions] Runtime ready! Sending request! {"metadata":{"emulator":{"name":"functions"},"message":"[functions] Runtime ready! Sending request!"}}
[debug] [2026-06-27T14:34:08.001Z] [functions] Got req.url=/saegroup-c6487/us-central1/api/jobs/E7Y3NBdiiCQJ3VDwVAdu/companycam-photos, mapping to path=/jobs/E7Y3NBdiiCQJ3VDwVAdu/companycam-photos {"metadata":{"emulator":{"name":"functions"},"message":"[functions] Got req.url=/saegroup-c6487/us-central1/api/jobs/E7Y3NBdiiCQJ3VDwVAdu/companycam-photos, mapping to path=/jobs/E7Y3NBdiiCQJ3VDwVAdu/companycam-photos"}}
[debug] [2026-06-27T14:34:08.001Z] [worker-pool] submitRequest(triggerId=us-central1-api) {"metadata":{"emulator":{"name":"functions"},"message":"[worker-pool] submitRequest(triggerId=us-central1-api)"}}
[info] i  functions: Beginning execution of "us-central1-api" {"metadata":{"emulator":{"name":"functions"},"function":{"name":"us-central1-api"},"extension":{},"message":"Beginning execution of \"us-central1-api\""}}
[debug] [2026-06-27T14:34:08.002Z] [worker-us-central1-api-ae89e708-4478-49b9-a1d8-7d07434afd22]: BUSY {"metadata":{"emulator":{"name":"functions"},"function":{"name":"us-central1-api"},"extension":{},"message":"[worker-us-central1-api-ae89e708-4478-49b9-a1d8-7d07434afd22]: BUSY"}}
[debug] [2026-06-27T14:34:08.455Z] Finishing up request with event=pause {"metadata":{"emulator":{"name":"functions"},"function":{"name":"us-central1-api"},"extension":{},"message":"Finishing up request with event=pause"}}
[info] i  functions: Finished "us-central1-api" in 453.3268ms {"metadata":{"emulator":{"name":"functions"},"function":{"name":"us-central1-api"},"extension":{},"message":"Finished \"us-central1-api\" in 453.3268ms"}}
[debug] [2026-06-27T14:34:08.455Z] [worker-us-central1-api-ae89e708-4478-49b9-a1d8-7d07434afd22]: IDLE {"metadata":{"emulator":{"name":"functions"},"function":{"name":"us-central1-api"},"extension":{},"message":"[worker-us-central1-api-ae89e708-4478-49b9-a1d8-7d07434afd22]: IDLE"}}
[debug] [2026-06-27T14:34:08.455Z] Finishing up request with event=finish {"metadata":{"emulator":{"name":"functions"},"function":{"name":"us-central1-api"},"extension":{},"message":"Finishing up request with event=finish"}}
[debug] [2026-06-27T14:34:08.455Z] Finishing up request with event=close {"metadata":{"emulator":{"name":"functions"},"function":{"name":"us-central1-api"},"extension":{},"message":"Finishing up request with event=close"}}
[debug] [2026-06-27T14:34:08.455Z] [work-queue] {"queuedWork":[],"queueLength":0,"runningWork":[],"workRunningCount":0}
[debug] [2026-06-27T14:34:26.123Z] [work-queue] {"queuedWork":["/saegroup-c6487/us-central1/api/jobs/Sv6lQ94QLfwRMdA4r1pJ/companycam-photos-2026-06-27T14:34:26.123Z"],"queueLength":1,"runningWork":[],"workRunningCount":0}
[debug] [2026-06-27T14:34:26.123Z] [work-queue] {"queuedWork":[],"queueLength":0,"runningWork":["/saegroup-c6487/us-central1/api/jobs/Sv6lQ94QLfwRMdA4r1pJ/companycam-photos-2026-06-27T14:34:26.123Z"],"workRunningCount":1}
[debug] [2026-06-27T14:34:26.123Z] Accepted request OPTIONS /saegroup-c6487/us-central1/api/jobs/Sv6lQ94QLfwRMdA4r1pJ/companycam-photos --> us-central1-api
[debug] [2026-06-27T14:34:26.124Z] [functions] Runtime ready! Sending request! {"metadata":{"emulator":{"name":"functions"},"message":"[functions] Runtime ready! Sending request!"}}
[debug] [2026-06-27T14:34:26.124Z] [functions] Got req.url=/saegroup-c6487/us-central1/api/jobs/Sv6lQ94QLfwRMdA4r1pJ/companycam-photos, mapping to path=/jobs/Sv6lQ94QLfwRMdA4r1pJ/companycam-photos {"metadata":{"emulator":{"name":"functions"},"message":"[functions] Got req.url=/saegroup-c6487/us-central1/api/jobs/Sv6lQ94QLfwRMdA4r1pJ/companycam-photos, mapping to path=/jobs/Sv6lQ94QLfwRMdA4r1pJ/companycam-photos"}}
[debug] [2026-06-27T14:34:26.124Z] [worker-pool] submitRequest(triggerId=us-central1-api) {"metadata":{"emulator":{"name":"functions"},"message":"[worker-pool] submitRequest(triggerId=us-central1-api)"}}
[info] i  functions: Beginning execution of "us-central1-api" {"metadata":{"emulator":{"name":"functions"},"function":{"name":"us-central1-api"},"extension":{},"message":"Beginning execution of \"us-central1-api\""}}
[debug] [2026-06-27T14:34:26.124Z] [worker-us-central1-api-ae89e708-4478-49b9-a1d8-7d07434afd22]: BUSY {"metadata":{"emulator":{"name":"functions"},"function":{"name":"us-central1-api"},"extension":{},"message":"[worker-us-central1-api-ae89e708-4478-49b9-a1d8-7d07434afd22]: BUSY"}}
[debug] [2026-06-27T14:34:26.125Z] Finishing up request with event=pause {"metadata":{"emulator":{"name":"functions"},"function":{"name":"us-central1-api"},"extension":{},"message":"Finishing up request with event=pause"}}
[info] i  functions: Finished "us-central1-api" in 1.1592ms {"metadata":{"emulator":{"name":"functions"},"function":{"name":"us-central1-api"},"extension":{},"message":"Finished \"us-central1-api\" in 1.1592ms"}}
[debug] [2026-06-27T14:34:26.125Z] [worker-us-central1-api-ae89e708-4478-49b9-a1d8-7d07434afd22]: IDLE {"metadata":{"emulator":{"name":"functions"},"function":{"name":"us-central1-api"},"extension":{},"message":"[worker-us-central1-api-ae89e708-4478-49b9-a1d8-7d07434afd22]: IDLE"}}
[debug] [2026-06-27T14:34:26.125Z] Finishing up request with event=finish {"metadata":{"emulator":{"name":"functions"},"function":{"name":"us-central1-api"},"extension":{},"message":"Finishing up request with event=finish"}}
[debug] [2026-06-27T14:34:26.125Z] Finishing up request with event=close {"metadata":{"emulator":{"name":"functions"},"function":{"name":"us-central1-api"},"extension":{},"message":"Finishing up request with event=close"}}
[debug] [2026-06-27T14:34:26.125Z] [work-queue] {"queuedWork":[],"queueLength":0,"runningWork":[],"workRunningCount":0}
[debug] [2026-06-27T14:34:26.126Z] [work-queue] {"queuedWork":["/saegroup-c6487/us-central1/api/jobs/Sv6lQ94QLfwRMdA4r1pJ/companycam-photos-2026-06-27T14:34:26.126Z"],"queueLength":1,"runningWork":[],"workRunningCount":0}
[debug] [2026-06-27T14:34:26.126Z] [work-queue] {"queuedWork":[],"queueLength":0,"runningWork":["/saegroup-c6487/us-central1/api/jobs/Sv6lQ94QLfwRMdA4r1pJ/companycam-photos-2026-06-27T14:34:26.126Z"],"workRunningCount":1}
[debug] [2026-06-27T14:34:26.126Z] Accepted request GET /saegroup-c6487/us-central1/api/jobs/Sv6lQ94QLfwRMdA4r1pJ/companycam-photos --> us-central1-api
[debug] [2026-06-27T14:34:26.127Z] [functions] Runtime ready! Sending request! {"metadata":{"emulator":{"name":"functions"},"message":"[functions] Runtime ready! Sending request!"}}
[debug] [2026-06-27T14:34:26.127Z] [functions] Got req.url=/saegroup-c6487/us-central1/api/jobs/Sv6lQ94QLfwRMdA4r1pJ/companycam-photos, mapping to path=/jobs/Sv6lQ94QLfwRMdA4r1pJ/companycam-photos {"metadata":{"emulator":{"name":"functions"},"message":"[functions] Got req.url=/saegroup-c6487/us-central1/api/jobs/Sv6lQ94QLfwRMdA4r1pJ/companycam-photos, mapping to path=/jobs/Sv6lQ94QLfwRMdA4r1pJ/companycam-photos"}}
[debug] [2026-06-27T14:34:26.127Z] [worker-pool] submitRequest(triggerId=us-central1-api) {"metadata":{"emulator":{"name":"functions"},"message":"[worker-pool] submitRequest(triggerId=us-central1-api)"}}
[info] i  functions: Beginning execution of "us-central1-api" {"metadata":{"emulator":{"name":"functions"},"function":{"name":"us-central1-api"},"extension":{},"message":"Beginning execution of \"us-central1-api\""}}
[debug] [2026-06-27T14:34:26.127Z] [worker-us-central1-api-ae89e708-4478-49b9-a1d8-7d07434afd22]: BUSY {"metadata":{"emulator":{"name":"functions"},"function":{"name":"us-central1-api"},"extension":{},"message":"[worker-us-central1-api-ae89e708-4478-49b9-a1d8-7d07434afd22]: BUSY"}}
[debug] [2026-06-27T14:34:26.771Z] Finishing up request with event=pause {"metadata":{"emulator":{"name":"functions"},"function":{"name":"us-central1-api"},"extension":{},"message":"Finishing up request with event=pause"}}
[info] i  functions: Finished "us-central1-api" in 644.4825ms {"metadata":{"emulator":{"name":"functions"},"function":{"name":"us-central1-api"},"extension":{},"message":"Finished \"us-central1-api\" in 644.4825ms"}}
[debug] [2026-06-27T14:34:26.772Z] [worker-us-central1-api-ae89e708-4478-49b9-a1d8-7d07434afd22]: IDLE {"metadata":{"emulator":{"name":"functions"},"function":{"name":"us-central1-api"},"extension":{},"message":"[worker-us-central1-api-ae89e708-4478-49b9-a1d8-7d07434afd22]: IDLE"}}
[debug] [2026-06-27T14:34:26.772Z] [work-queue] {"queuedWork":[],"queueLength":0,"runningWork":[],"workRunningCount":0}
[debug] [2026-06-27T14:34:26.772Z] Finishing up request with event=pause {"metadata":{"emulator":{"name":"functions"},"function":{"name":"us-central1-api"},"extension":{},"message":"Finishing up request with event=pause"}}
[debug] [2026-06-27T14:34:26.772Z] Finishing up request with event=pause {"metadata":{"emulator":{"name":"functions"},"function":{"name":"us-central1-api"},"extension":{},"message":"Finishing up request with event=pause"}}
[debug] [2026-06-27T14:34:26.772Z] Finishing up request with event=finish {"metadata":{"emulator":{"name":"functions"},"function":{"name":"us-central1-api"},"extension":{},"message":"Finishing up request with event=finish"}}
[debug] [2026-06-27T14:34:26.772Z] Finishing up request with event=close {"metadata":{"emulator":{"name":"functions"},"function":{"name":"us-central1-api"},"extension":{},"message":"Finishing up request with event=close"}}
[debug] [2026-06-27T14:37:51.548Z] File C:\_Projects\upfittersos.com\apps\functions\lib\debug_queue.js.map changed, reloading triggers {"metadata":{"emulator":{"name":"functions"},"message":"File C:\\_Projects\\upfittersos.com\\apps\\functions\\lib\\debug_queue.js.map changed, reloading triggers"}}
[debug] [2026-06-27T14:37:51.549Z] File C:\_Projects\upfittersos.com\apps\functions\lib\debug_queue.js changed, reloading triggers {"metadata":{"emulator":{"name":"functions"},"message":"File C:\\_Projects\\upfittersos.com\\apps\\functions\\lib\\debug_queue.js changed, reloading triggers"}}
[debug] [2026-06-27T14:37:51.568Z] File C:\_Projects\upfittersos.com\apps\functions\lib\services\companyCam.service.js.map changed, reloading triggers {"metadata":{"emulator":{"name":"functions"},"message":"File C:\\_Projects\\upfittersos.com\\apps\\functions\\lib\\services\\companyCam.service.js.map changed, reloading triggers"}}
[debug] [2026-06-27T14:37:51.568Z] File C:\_Projects\upfittersos.com\apps\functions\lib\services\companyCam.service.js changed, reloading triggers {"metadata":{"emulator":{"name":"functions"},"message":"File C:\\_Projects\\upfittersos.com\\apps\\functions\\lib\\services\\companyCam.service.js changed, reloading triggers"}}
[debug] [2026-06-27T14:37:51.572Z] File C:\_Projects\upfittersos.com\apps\functions\lib\middleware\companyCamWebhook.js.map changed, reloading triggers {"metadata":{"emulator":{"name":"functions"},"message":"File C:\\_Projects\\upfittersos.com\\apps\\functions\\lib\\middleware\\companyCamWebhook.js.map changed, reloading triggers"}}
[debug] [2026-06-27T14:37:51.572Z] File C:\_Projects\upfittersos.com\apps\functions\lib\middleware\companyCamWebhook.js changed, reloading triggers {"metadata":{"emulator":{"name":"functions"},"message":"File C:\\_Projects\\upfittersos.com\\apps\\functions\\lib\\middleware\\companyCamWebhook.js changed, reloading triggers"}}
[debug] [2026-06-27T14:37:51.576Z] File C:\_Projects\upfittersos.com\apps\functions\lib\middleware\auth.middleware.js.map changed, reloading triggers {"metadata":{"emulator":{"name":"functions"},"message":"File C:\\_Projects\\upfittersos.com\\apps\\functions\\lib\\middleware\\auth.middleware.js.map changed, reloading triggers"}}
[debug] [2026-06-27T14:37:51.577Z] File C:\_Projects\upfittersos.com\apps\functions\lib\middleware\auth.middleware.js changed, reloading triggers {"metadata":{"emulator":{"name":"functions"},"message":"File C:\\_Projects\\upfittersos.com\\apps\\functions\\lib\\middleware\\auth.middleware.js changed, reloading triggers"}}
[debug] [2026-06-27T14:37:51.584Z] File C:\_Projects\upfittersos.com\apps\functions\lib\routes\companyCam.routes.js.map changed, reloading triggers {"metadata":{"emulator":{"name":"functions"},"message":"File C:\\_Projects\\upfittersos.com\\apps\\functions\\lib\\routes\\companyCam.routes.js.map changed, reloading triggers"}}
[debug] [2026-06-27T14:37:51.586Z] File C:\_Projects\upfittersos.com\apps\functions\lib\routes\companyCam.routes.js changed, reloading triggers {"metadata":{"emulator":{"name":"functions"},"message":"File C:\\_Projects\\upfittersos.com\\apps\\functions\\lib\\routes\\companyCam.routes.js changed, reloading triggers"}}
[debug] [2026-06-27T14:37:51.592Z] File C:\_Projects\upfittersos.com\apps\functions\lib\routes\scan.routes.js.map changed, reloading triggers {"metadata":{"emulator":{"name":"functions"},"message":"File C:\\_Projects\\upfittersos.com\\apps\\functions\\lib\\routes\\scan.routes.js.map changed, reloading triggers"}}
[debug] [2026-06-27T14:37:51.594Z] File C:\_Projects\upfittersos.com\apps\functions\lib\routes\scan.routes.js changed, reloading triggers {"metadata":{"emulator":{"name":"functions"},"message":"File C:\\_Projects\\upfittersos.com\\apps\\functions\\lib\\routes\\scan.routes.js changed, reloading triggers"}}
[debug] [2026-06-27T14:37:51.619Z] File C:\_Projects\upfittersos.com\apps\functions\lib\services\qbwc.service.js.map changed, reloading triggers {"metadata":{"emulator":{"name":"functions"},"message":"File C:\\_Projects\\upfittersos.com\\apps\\functions\\lib\\services\\qbwc.service.js.map changed, reloading triggers"}}
[debug] [2026-06-27T14:37:51.621Z] File C:\_Projects\upfittersos.com\apps\functions\lib\services\qbwc.service.js changed, reloading triggers {"metadata":{"emulator":{"name":"functions"},"message":"File C:\\_Projects\\upfittersos.com\\apps\\functions\\lib\\services\\qbwc.service.js changed, reloading triggers"}}
[debug] [2026-06-27T14:37:51.639Z] File C:\_Projects\upfittersos.com\apps\functions\lib\routes\qbwc.routes.js.map changed, reloading triggers {"metadata":{"emulator":{"name":"functions"},"message":"File C:\\_Projects\\upfittersos.com\\apps\\functions\\lib\\routes\\qbwc.routes.js.map changed, reloading triggers"}}
[debug] [2026-06-27T14:37:51.640Z] File C:\_Projects\upfittersos.com\apps\functions\lib\routes\qbwc.routes.js changed, reloading triggers {"metadata":{"emulator":{"name":"functions"},"message":"File C:\\_Projects\\upfittersos.com\\apps\\functions\\lib\\routes\\qbwc.routes.js changed, reloading triggers"}}
[debug] [2026-06-27T14:37:51.645Z] File C:\_Projects\upfittersos.com\apps\functions\lib\routes\units.routes.js.map changed, reloading triggers {"metadata":{"emulator":{"name":"functions"},"message":"File C:\\_Projects\\upfittersos.com\\apps\\functions\\lib\\routes\\units.routes.js.map changed, reloading triggers"}}
[debug] [2026-06-27T14:37:51.647Z] File C:\_Projects\upfittersos.com\apps\functions\lib\routes\units.routes.js changed, reloading triggers {"metadata":{"emulator":{"name":"functions"},"message":"File C:\\_Projects\\upfittersos.com\\apps\\functions\\lib\\routes\\units.routes.js changed, reloading triggers"}}
[debug] [2026-06-27T14:37:51.658Z] File C:\_Projects\upfittersos.com\apps\functions\lib\routes\inventory.routes.js.map changed, reloading triggers {"metadata":{"emulator":{"name":"functions"},"message":"File C:\\_Projects\\upfittersos.com\\apps\\functions\\lib\\routes\\inventory.routes.js.map changed, reloading triggers"}}
[debug] [2026-06-27T14:37:51.659Z] File C:\_Projects\upfittersos.com\apps\functions\lib\routes\inventory.routes.js changed, reloading triggers {"metadata":{"emulator":{"name":"functions"},"message":"File C:\\_Projects\\upfittersos.com\\apps\\functions\\lib\\routes\\inventory.routes.js changed, reloading triggers"}}
[debug] [2026-06-27T14:37:51.663Z] File C:\_Projects\upfittersos.com\apps\functions\lib\utils\permissions.js.map changed, reloading triggers {"metadata":{"emulator":{"name":"functions"},"message":"File C:\\_Projects\\upfittersos.com\\apps\\functions\\lib\\utils\\permissions.js.map changed, reloading triggers"}}
[debug] [2026-06-27T14:37:51.663Z] File C:\_Projects\upfittersos.com\apps\functions\lib\utils\permissions.js changed, reloading triggers {"metadata":{"emulator":{"name":"functions"},"message":"File C:\\_Projects\\upfittersos.com\\apps\\functions\\lib\\utils\\permissions.js changed, reloading triggers"}}
[debug] [2026-06-27T14:37:51.671Z] File C:\_Projects\upfittersos.com\apps\functions\lib\routes\tasks.routes.js.map changed, reloading triggers {"metadata":{"emulator":{"name":"functions"},"message":"File C:\\_Projects\\upfittersos.com\\apps\\functions\\lib\\routes\\tasks.routes.js.map changed, reloading triggers"}}
[debug] [2026-06-27T14:37:51.671Z] File C:\_Projects\upfittersos.com\apps\functions\lib\routes\tasks.routes.js changed, reloading triggers {"metadata":{"emulator":{"name":"functions"},"message":"File C:\\_Projects\\upfittersos.com\\apps\\functions\\lib\\routes\\tasks.routes.js changed, reloading triggers"}}
[debug] [2026-06-27T14:37:51.683Z] File C:\_Projects\upfittersos.com\apps\functions\lib\routes\task_templates.routes.js.map changed, reloading triggers {"metadata":{"emulator":{"name":"functions"},"message":"File C:\\_Projects\\upfittersos.com\\apps\\functions\\lib\\routes\\task_templates.routes.js.map changed, reloading triggers"}}
[debug] [2026-06-27T14:37:51.684Z] File C:\_Projects\upfittersos.com\apps\functions\lib\routes\task_templates.routes.js changed, reloading triggers {"metadata":{"emulator":{"name":"functions"},"message":"File C:\\_Projects\\upfittersos.com\\apps\\functions\\lib\\routes\\task_templates.routes.js changed, reloading triggers"}}
[debug] [2026-06-27T14:37:51.691Z] File C:\_Projects\upfittersos.com\apps\functions\lib\routes\customers.routes.js.map changed, reloading triggers {"metadata":{"emulator":{"name":"functions"},"message":"File C:\\_Projects\\upfittersos.com\\apps\\functions\\lib\\routes\\customers.routes.js.map changed, reloading triggers"}}
[debug] [2026-06-27T14:37:51.691Z] File C:\_Projects\upfittersos.com\apps\functions\lib\routes\customers.routes.js changed, reloading triggers {"metadata":{"emulator":{"name":"functions"},"message":"File C:\\_Projects\\upfittersos.com\\apps\\functions\\lib\\routes\\customers.routes.js changed, reloading triggers"}}
[debug] [2026-06-27T14:37:51.697Z] File C:\_Projects\upfittersos.com\apps\functions\lib\routes\vehicles.routes.js.map changed, reloading triggers {"metadata":{"emulator":{"name":"functions"},"message":"File C:\\_Projects\\upfittersos.com\\apps\\functions\\lib\\routes\\vehicles.routes.js.map changed, reloading triggers"}}
[debug] [2026-06-27T14:37:51.697Z] File C:\_Projects\upfittersos.com\apps\functions\lib\routes\vehicles.routes.js changed, reloading triggers {"metadata":{"emulator":{"name":"functions"},"message":"File C:\\_Projects\\upfittersos.com\\apps\\functions\\lib\\routes\\vehicles.routes.js changed, reloading triggers"}}
[debug] [2026-06-27T14:37:51.721Z] File C:\_Projects\upfittersos.com\apps\functions\lib\routes\jobs.routes.js.map changed, reloading triggers {"metadata":{"emulator":{"name":"functions"},"message":"File C:\\_Projects\\upfittersos.com\\apps\\functions\\lib\\routes\\jobs.routes.js.map changed, reloading triggers"}}
[debug] [2026-06-27T14:37:51.722Z] File C:\_Projects\upfittersos.com\apps\functions\lib\routes\jobs.routes.js changed, reloading triggers {"metadata":{"emulator":{"name":"functions"},"message":"File C:\\_Projects\\upfittersos.com\\apps\\functions\\lib\\routes\\jobs.routes.js changed, reloading triggers"}}
[debug] [2026-06-27T14:37:51.728Z] File C:\_Projects\upfittersos.com\apps\functions\lib\routes\areas.routes.js.map changed, reloading triggers {"metadata":{"emulator":{"name":"functions"},"message":"File C:\\_Projects\\upfittersos.com\\apps\\functions\\lib\\routes\\areas.routes.js.map changed, reloading triggers"}}
[debug] [2026-06-27T14:37:51.730Z] File C:\_Projects\upfittersos.com\apps\functions\lib\routes\areas.routes.js changed, reloading triggers {"metadata":{"emulator":{"name":"functions"},"message":"File C:\\_Projects\\upfittersos.com\\apps\\functions\\lib\\routes\\areas.routes.js changed, reloading triggers"}}
[debug] [2026-06-27T14:37:51.736Z] File C:\_Projects\upfittersos.com\apps\functions\lib\routes\time.routes.js.map changed, reloading triggers {"metadata":{"emulator":{"name":"functions"},"message":"File C:\\_Projects\\upfittersos.com\\apps\\functions\\lib\\routes\\time.routes.js.map changed, reloading triggers"}}
[debug] [2026-06-27T14:37:51.738Z] File C:\_Projects\upfittersos.com\apps\functions\lib\routes\time.routes.js changed, reloading triggers {"metadata":{"emulator":{"name":"functions"},"message":"File C:\\_Projects\\upfittersos.com\\apps\\functions\\lib\\routes\\time.routes.js changed, reloading triggers"}}
[debug] [2026-06-27T14:37:51.742Z] File C:\_Projects\upfittersos.com\apps\functions\lib\routes\purchase_orders.routes.js.map changed, reloading triggers {"metadata":{"emulator":{"name":"functions"},"message":"File C:\\_Projects\\upfittersos.com\\apps\\functions\\lib\\routes\\purchase_orders.routes.js.map changed, reloading triggers"}}
[debug] [2026-06-27T14:37:51.743Z] File C:\_Projects\upfittersos.com\apps\functions\lib\routes\purchase_orders.routes.js changed, reloading triggers {"metadata":{"emulator":{"name":"functions"},"message":"File C:\\_Projects\\upfittersos.com\\apps\\functions\\lib\\routes\\purchase_orders.routes.js changed, reloading triggers"}}
[debug] [2026-06-27T14:37:51.746Z] File C:\_Projects\upfittersos.com\apps\functions\lib\routes\deliveries.routes.js.map changed, reloading triggers {"metadata":{"emulator":{"name":"functions"},"message":"File C:\\_Projects\\upfittersos.com\\apps\\functions\\lib\\routes\\deliveries.routes.js.map changed, reloading triggers"}}
[debug] [2026-06-27T14:37:51.747Z] File C:\_Projects\upfittersos.com\apps\functions\lib\routes\deliveries.routes.js changed, reloading triggers {"metadata":{"emulator":{"name":"functions"},"message":"File C:\\_Projects\\upfittersos.com\\apps\\functions\\lib\\routes\\deliveries.routes.js changed, reloading triggers"}}
[debug] [2026-06-27T14:37:51.751Z] File C:\_Projects\upfittersos.com\apps\functions\lib\notifications.js.map changed, reloading triggers {"metadata":{"emulator":{"name":"functions"},"message":"File C:\\_Projects\\upfittersos.com\\apps\\functions\\lib\\notifications.js.map changed, reloading triggers"}}
[debug] [2026-06-27T14:37:51.751Z] File C:\_Projects\upfittersos.com\apps\functions\lib\notifications.js changed, reloading triggers {"metadata":{"emulator":{"name":"functions"},"message":"File C:\\_Projects\\upfittersos.com\\apps\\functions\\lib\\notifications.js changed, reloading triggers"}}
[debug] [2026-06-27T14:37:51.769Z] File C:\_Projects\upfittersos.com\apps\functions\lib\triggers\qbSync.js.map changed, reloading triggers {"metadata":{"emulator":{"name":"functions"},"message":"File C:\\_Projects\\upfittersos.com\\apps\\functions\\lib\\triggers\\qbSync.js.map changed, reloading triggers"}}
[debug] [2026-06-27T14:37:51.769Z] File C:\_Projects\upfittersos.com\apps\functions\lib\triggers\qbSync.js changed, reloading triggers {"metadata":{"emulator":{"name":"functions"},"message":"File C:\\_Projects\\upfittersos.com\\apps\\functions\\lib\\triggers\\qbSync.js changed, reloading triggers"}}
[debug] [2026-06-27T14:37:51.772Z] File C:\_Projects\upfittersos.com\apps\functions\lib\triggers\staffTriggers.js.map changed, reloading triggers {"metadata":{"emulator":{"name":"functions"},"message":"File C:\\_Projects\\upfittersos.com\\apps\\functions\\lib\\triggers\\staffTriggers.js.map changed, reloading triggers"}}
[debug] [2026-06-27T14:37:51.773Z] File C:\_Projects\upfittersos.com\apps\functions\lib\triggers\staffTriggers.js changed, reloading triggers {"metadata":{"emulator":{"name":"functions"},"message":"File C:\\_Projects\\upfittersos.com\\apps\\functions\\lib\\triggers\\staffTriggers.js changed, reloading triggers"}}
[debug] [2026-06-27T14:37:51.776Z] File C:\_Projects\upfittersos.com\apps\functions\lib\triggers\chatTriggers.js.map changed, reloading triggers {"metadata":{"emulator":{"name":"functions"},"message":"File C:\\_Projects\\upfittersos.com\\apps\\functions\\lib\\triggers\\chatTriggers.js.map changed, reloading triggers"}}
[debug] [2026-06-27T14:37:51.777Z] File C:\_Projects\upfittersos.com\apps\functions\lib\triggers\chatTriggers.js changed, reloading triggers {"metadata":{"emulator":{"name":"functions"},"message":"File C:\\_Projects\\upfittersos.com\\apps\\functions\\lib\\triggers\\chatTriggers.js changed, reloading triggers"}}
[debug] [2026-06-27T14:37:51.791Z] File C:\_Projects\upfittersos.com\apps\functions\lib\triggers\shopFloorTriggers.js.map changed, reloading triggers {"metadata":{"emulator":{"name":"functions"},"message":"File C:\\_Projects\\upfittersos.com\\apps\\functions\\lib\\triggers\\shopFloorTriggers.js.map changed, reloading triggers"}}
[debug] [2026-06-27T14:37:51.792Z] File C:\_Projects\upfittersos.com\apps\functions\lib\triggers\shopFloorTriggers.js changed, reloading triggers {"metadata":{"emulator":{"name":"functions"},"message":"File C:\\_Projects\\upfittersos.com\\apps\\functions\\lib\\triggers\\shopFloorTriggers.js changed, reloading triggers"}}
[debug] [2026-06-27T14:37:51.799Z] File C:\_Projects\upfittersos.com\apps\functions\lib\reports\efficiencyCron.js.map changed, reloading triggers {"metadata":{"emulator":{"name":"functions"},"message":"File C:\\_Projects\\upfittersos.com\\apps\\functions\\lib\\reports\\efficiencyCron.js.map changed, reloading triggers"}}
[debug] [2026-06-27T14:37:51.800Z] File C:\_Projects\upfittersos.com\apps\functions\lib\reports\efficiencyCron.js changed, reloading triggers {"metadata":{"emulator":{"name":"functions"},"message":"File C:\\_Projects\\upfittersos.com\\apps\\functions\\lib\\reports\\efficiencyCron.js changed, reloading triggers"}}
[debug] [2026-06-27T14:37:51.802Z] File C:\_Projects\upfittersos.com\apps\functions\lib\reports\mailer.js.map changed, reloading triggers {"metadata":{"emulator":{"name":"functions"},"message":"File C:\\_Projects\\upfittersos.com\\apps\\functions\\lib\\reports\\mailer.js.map changed, reloading triggers"}}
[debug] [2026-06-27T14:37:51.803Z] File C:\_Projects\upfittersos.com\apps\functions\lib\reports\mailer.js changed, reloading triggers {"metadata":{"emulator":{"name":"functions"},"message":"File C:\\_Projects\\upfittersos.com\\apps\\functions\\lib\\reports\\mailer.js changed, reloading triggers"}}
[debug] [2026-06-27T14:37:51.807Z] File C:\_Projects\upfittersos.com\apps\functions\lib\reports\engine.js.map changed, reloading triggers {"metadata":{"emulator":{"name":"functions"},"message":"File C:\\_Projects\\upfittersos.com\\apps\\functions\\lib\\reports\\engine.js.map changed, reloading triggers"}}
[debug] [2026-06-27T14:37:51.808Z] File C:\_Projects\upfittersos.com\apps\functions\lib\reports\engine.js changed, reloading triggers {"metadata":{"emulator":{"name":"functions"},"message":"File C:\\_Projects\\upfittersos.com\\apps\\functions\\lib\\reports\\engine.js changed, reloading triggers"}}
[debug] [2026-06-27T14:37:51.811Z] File C:\_Projects\upfittersos.com\apps\functions\lib\metrics\vitalsCron.js.map changed, reloading triggers {"metadata":{"emulator":{"name":"functions"},"message":"File C:\\_Projects\\upfittersos.com\\apps\\functions\\lib\\metrics\\vitalsCron.js.map changed, reloading triggers"}}
[debug] [2026-06-27T14:37:51.812Z] File C:\_Projects\upfittersos.com\apps\functions\lib\metrics\vitalsCron.js changed, reloading triggers {"metadata":{"emulator":{"name":"functions"},"message":"File C:\\_Projects\\upfittersos.com\\apps\\functions\\lib\\metrics\\vitalsCron.js changed, reloading triggers"}}
[debug] [2026-06-27T14:37:51.844Z] File C:\_Projects\upfittersos.com\apps\functions\lib\index.js.map changed, reloading triggers {"metadata":{"emulator":{"name":"functions"},"message":"File C:\\_Projects\\upfittersos.com\\apps\\functions\\lib\\index.js.map changed, reloading triggers"}}
[debug] [2026-06-27T14:37:51.844Z] File C:\_Projects\upfittersos.com\apps\functions\lib\index.js changed, reloading triggers {"metadata":{"emulator":{"name":"functions"},"message":"File C:\\_Projects\\upfittersos.com\\apps\\functions\\lib\\index.js changed, reloading triggers"}}
[debug] [2026-06-27T14:37:51.849Z] File C:\_Projects\upfittersos.com\apps\functions\lib\qbwc_local_server.js.map changed, reloading triggers {"metadata":{"emulator":{"name":"functions"},"message":"File C:\\_Projects\\upfittersos.com\\apps\\functions\\lib\\qbwc_local_server.js.map changed, reloading triggers"}}
[debug] [2026-06-27T14:37:51.850Z] File C:\_Projects\upfittersos.com\apps\functions\lib\qbwc_local_server.js changed, reloading triggers {"metadata":{"emulator":{"name":"functions"},"message":"File C:\\_Projects\\upfittersos.com\\apps\\functions\\lib\\qbwc_local_server.js changed, reloading triggers"}}
[debug] [2026-06-27T14:37:51.852Z] File C:\_Projects\upfittersos.com\apps\functions\lib\scripts\migrate_feedback.js.map changed, reloading triggers {"metadata":{"emulator":{"name":"functions"},"message":"File C:\\_Projects\\upfittersos.com\\apps\\functions\\lib\\scripts\\migrate_feedback.js.map changed, reloading triggers"}}
[debug] [2026-06-27T14:37:51.854Z] File C:\_Projects\upfittersos.com\apps\functions\lib\scripts\migrate_feedback.js changed, reloading triggers {"metadata":{"emulator":{"name":"functions"},"message":"File C:\\_Projects\\upfittersos.com\\apps\\functions\\lib\\scripts\\migrate_feedback.js changed, reloading triggers"}}
[debug] [2026-06-27T14:37:51.854Z] File C:\_Projects\upfittersos.com\apps\functions\lib\scripts\migrate_jobs_defaults.js.map changed, reloading triggers {"metadata":{"emulator":{"name":"functions"},"message":"File C:\\_Projects\\upfittersos.com\\apps\\functions\\lib\\scripts\\migrate_jobs_defaults.js.map changed, reloading triggers"}}
[debug] [2026-06-27T14:37:51.856Z] File C:\_Projects\upfittersos.com\apps\functions\lib\scripts\migrate_jobs_defaults.js changed, reloading triggers {"metadata":{"emulator":{"name":"functions"},"message":"File C:\\_Projects\\upfittersos.com\\apps\\functions\\lib\\scripts\\migrate_jobs_defaults.js changed, reloading triggers"}}
[debug] [2026-06-27T14:37:52.037Z] File C:\_Projects\upfittersos.com\apps\functions\lib\swagger.yaml changed, reloading triggers {"metadata":{"emulator":{"name":"functions"},"message":"File C:\\_Projects\\upfittersos.com\\apps\\functions\\lib\\swagger.yaml changed, reloading triggers"}}
[debug] [2026-06-27T14:37:53.050Z] Validating nodejs source
[warn] !  functions: package.json indicates an outdated version of firebase-functions. Please upgrade using npm install --save firebase-functions@latest in your functions directory. 
[warn] !  functions: Please note that there will be breaking changes when you upgrade. 
[debug] [2026-06-27T14:37:54.133Z] > [functions] package.json contents: {
  "name": "saegroup-os-api",
  "version": "1.0.0",
  "description": "SAE Group OS REST API",
  "main": "lib/index.js",
  "scripts": {
    "build": "tsc && copy src\\swagger.yaml lib\\",
    "serve": "npm run build && firebase emulators:start --only functions",
    "shell": "npm run build && firebase functions:shell",
    "start": "npm run shell",
    "deploy": "firebase deploy --only functions",
    "logs": "firebase functions:log"
  },
  "engines": {
    "node": "20"
  },
  "dependencies": {
    "axios": "^1.14.0",
    "cors": "^2.8.5",
    "dotenv": "^16.4.5",
    "express": "^4.18.2",
    "firebase-admin": "^12.0.0",
    "firebase-functions": "^4.8.0",
    "googleapis": "^171.4.0",
    "swagger-ui-express": "^5.0.0",
    "xml2js": "^0.6.2",
    "yamljs": "^0.3.0"
  },
  "devDependencies": {
    "@types/cors": "^2.8.17",
    "@types/express": "^4.17.21",
    "@types/swagger-ui-express": "^4.1.6",
    "@types/xml2js": "^0.4.14",
    "@types/yamljs": "^0.2.34",
    "typescript": "^5.4.2"
  },
  "private": true
}
[debug] [2026-06-27T14:37:54.133Z] Building nodejs source
[debug] [2026-06-27T14:37:54.133Z] Failed to find version of module node: reached end of search path C:\_Projects\upfittersos.com\apps\functions\node_modules
[warn] !  functions: Your requested "node" version "20" doesn't match your global version "24". Using node@24 from host. 
[info] i  functions: Loaded environment variables from .env. 
[info] i  functions: You are using a version of firebase-functions SDK (4.9.0) that does not have support for the newest Firebase Extensions features. Please update firebase-functions SDK to >=5.1.0 to use them correctly 
[debug] [2026-06-27T14:37:54.134Z] Could not find functions.yaml. Must use http discovery
[debug] [2026-06-27T14:37:54.141Z] Found firebase-functions binary at 'C:\_Projects\upfittersos.com\node_modules\.bin\firebase-functions'
[info] Serving at port 8176

[debug] [2026-06-27T14:37:56.093Z] Got response from /__/functions.yaml {"endpoints":{"runOneTimeMigration":{"platform":"gcfv1","availableMemoryMb":null,"timeoutSeconds":null,"minInstances":null,"maxInstances":null,"ingressSettings":null,"serviceAccountEmail":null,"vpc":null,"httpsTrigger":{},"entryPoint":"runOneTimeMigration"},"migrateZones":{"platform":"gcfv1","availableMemoryMb":null,"timeoutSeconds":null,"minInstances":null,"maxInstances":null,"ingressSettings":null,"serviceAccountEmail":null,"vpc":null,"httpsTrigger":{},"entryPoint":"migrateZones"},"api":{"platform":"gcfv1","availableMemoryMb":null,"timeoutSeconds":null,"minInstances":null,"maxInstances":null,"ingressSettings":null,"serviceAccountEmail":null,"vpc":null,"httpsTrigger":{},"entryPoint":"api"},"generateAutomatedReports":{"platform":"gcfv1","availableMemoryMb":null,"timeoutSeconds":null,"minInstances":null,"maxInstances":null,"ingressSettings":null,"serviceAccountEmail":null,"vpc":null,"scheduleTrigger":{"schedule":"0 * * * *","retryConfig":{"retryCount":null,"maxDoublings":null,"maxRetryDuration":null,"maxBackoffDuration":null,"minBackoffDuration":null},"timeZone":null},"labels":{},"entryPoint":"generateAutomatedReports"},"aggregateShopVitals":{"platform":"gcfv1","availableMemoryMb":null,"timeoutSeconds":null,"minInstances":null,"maxInstances":null,"ingressSettings":null,"serviceAccountEmail":null,"vpc":null,"scheduleTrigger":{"schedule":"*/30 * * * *","retryConfig":{"retryCount":null,"maxDoublings":null,"maxRetryDuration":null,"maxBackoffDuration":null,"minBackoffDuration":null},"timeZone":null},"labels":{},"entryPoint":"aggregateShopVitals"},"onMessageReceived":{"availableMemoryMb":null,"timeoutSeconds":null,"minInstances":null,"maxInstances":null,"ingressSettings":null,"concurrency":null,"serviceAccountEmail":null,"vpc":null,"platform":"gcfv2","labels":{},"eventTrigger":{"eventType":"google.cloud.firestore.document.v1.created","eventFilters":{"database":"(default)","namespace":"(default)"},"eventFilterPathPatterns":{"document":"messages/{messageId}"},"retry":false},"entryPoint":"onMessageReceived"},"onAnnouncementCreated":{"availableMemoryMb":null,"timeoutSeconds":null,"minInstances":null,"maxInstances":null,"ingressSettings":null,"concurrency":null,"serviceAccountEmail":null,"vpc":null,"platform":"gcfv2","labels":{},"eventTrigger":{"eventType":"google.cloud.firestore.document.v1.created","eventFilters":{"database":"(default)","namespace":"(default)"},"eventFilterPathPatterns":{"document":"announcements/{announcementId}"},"retry":false},"entryPoint":"onAnnouncementCreated"},"onQbCustomerWrite":{"platform":"gcfv1","availableMemoryMb":null,"timeoutSeconds":null,"minInstances":null,"maxInstances":null,"ingressSettings":null,"serviceAccountEmail":null,"vpc":null,"eventTrigger":{"eventType":"providers/cloud.firestore/eventTypes/document.write","eventFilters":{"resource":"projects/saegroup-c6487/databases/(default)/documents/businesses/{tenantId}/qb_customers/{customerId}"},"retry":false},"labels":{},"entryPoint":"onQbCustomerWrite"},"onQbJobWrite":{"platform":"gcfv1","availableMemoryMb":null,"timeoutSeconds":null,"minInstances":null,"maxInstances":null,"ingressSettings":null,"serviceAccountEmail":null,"vpc":null,"eventTrigger":{"eventType":"providers/cloud.firestore/eventTypes/document.write","eventFilters":{"resource":"projects/saegroup-c6487/databases/(default)/documents/businesses/{tenantId}/qb_jobs/{jobId}"},"retry":false},"labels":{},"entryPoint":"onQbJobWrite"},"onQbEmployeeWrite":{"platform":"gcfv1","availableMemoryMb":null,"timeoutSeconds":null,"minInstances":null,"maxInstances":null,"ingressSettings":null,"serviceAccountEmail":null,"vpc":null,"eventTrigger":{"eventType":"providers/cloud.firestore/eventTypes/document.write","eventFilters":{"resource":"projects/saegroup-c6487/databases/(default)/documents/businesses/{tenantId}/qb_employees/{employeeId}"},"retry":false},"labels":{},"entryPoint":"onQbEmployeeWrite"},"onQbTimeTrackingWrite":{"platform":"gcfv1","availableMemoryMb":null,"timeoutSeconds":null,"minInstances":null,"maxInstances":null,"ingressSettings":null,"serviceAccountEmail":null,"vpc":null,"eventTrigger":{"eventType":"providers/cloud.firestore/eventTypes/document.write","eventFilters":{"resource":"projects/saegroup-c6487/databases/(default)/documents/businesses/{tenantId}/qb_time_tracking/{timeId}"},"retry":false},"labels":{},"entryPoint":"onQbTimeTrackingWrite"},"syncStaffPermissions":{"platform":"gcfv1","availableMemoryMb":null,"timeoutSeconds":null,"minInstances":null,"maxInstances":null,"ingressSettings":null,"serviceAccountEmail":null,"vpc":null,"eventTrigger":{"eventType":"providers/cloud.firestore/eventTypes/document.write","eventFilters":{"resource":"projects/saegroup-c6487/databases/(default)/documents/businesses/{tenantId}/staff/{staffId}"},"retry":false},"labels":{},"entryPoint":"syncStaffPermissions"},"onChatMessage":{"platform":"gcfv1","availableMemoryMb":null,"timeoutSeconds":null,"minInstances":null,"maxInstances":null,"ingressSettings":null,"serviceAccountEmail":null,"vpc":null,"eventTrigger":{"eventType":"providers/cloud.firestore/eventTypes/document.create","eventFilters":{"resource":"projects/saegroup-c6487/databases/(default)/documents/businesses/{tenantId}/jobs/{jobId}/chat_messages/{messageId}"},"retry":false},"labels":{},"entryPoint":"onChatMessage"},"onZoneUpdated":{"availableMemoryMb":null,"timeoutSeconds":null,"minInstances":null,"maxInstances":null,"ingressSettings":null,"concurrency":null,"serviceAccountEmail":null,"vpc":null,"platform":"gcfv2","labels":{},"eventTrigger":{"eventType":"google.cloud.firestore.document.v1.updated","eventFilters":{"database":"(default)","namespace":"(default)"},"eventFilterPathPatterns":{"document":"businesses/{tenantId}/zones/{zoneId}"},"retry":false},"entryPoint":"onZoneUpdated"},"onJobUpdated":{"availableMemoryMb":null,"timeoutSeconds":null,"minInstances":null,"maxInstances":null,"ingressSettings":null,"concurrency":null,"serviceAccountEmail":null,"vpc":null,"platform":"gcfv2","labels":{},"eventTrigger":{"eventType":"google.cloud.firestore.document.v1.updated","eventFilters":{"database":"(default)","namespace":"(default)"},"eventFilterPathPatterns":{"document":"businesses/{tenantId}/jobs/{jobId}"},"retry":false},"entryPoint":"onJobUpdated"},"checkStaleBays":{"availableMemoryMb":null,"timeoutSeconds":null,"minInstances":null,"maxInstances":null,"ingressSettings":null,"concurrency":null,"serviceAccountEmail":null,"vpc":null,"platform":"gcfv2","labels":{},"scheduleTrigger":{"schedule":"every 15 minutes","retryConfig":{"retryCount":null,"maxDoublings":null,"maxRetrySeconds":null,"minBackoffSeconds":null,"maxBackoffSeconds":null},"timeZone":null},"entryPoint":"checkStaleBays"},"onActivityFeedCreated":{"availableMemoryMb":null,"timeoutSeconds":null,"minInstances":null,"maxInstances":null,"ingressSettings":null,"concurrency":null,"serviceAccountEmail":null,"vpc":null,"platform":"gcfv2","labels":{},"eventTrigger":{"eventType":"google.cloud.firestore.document.v1.created","eventFilters":{"database":"(default)","namespace":"(default)"},"eventFilterPathPatterns":{"document":"businesses/{tenantId}/activity_feed/{feedId}"},"retry":false},"entryPoint":"onActivityFeedCreated"},"onJobTaskWritten":{"availableMemoryMb":null,"timeoutSeconds":null,"minInstances":null,"maxInstances":null,"ingressSettings":null,"concurrency":null,"serviceAccountEmail":null,"vpc":null,"platform":"gcfv2","labels":{},"eventTrigger":{"eventType":"google.cloud.firestore.document.v1.written","eventFilters":{"database":"(default)","namespace":"(default)"},"eventFilterPathPatterns":{"document":"businesses/{tenantId}/jobs/{jobId}/tasks/{taskId}"},"retry":false},"entryPoint":"onJobTaskWritten"},"onJobChatMessageWritten":{"availableMemoryMb":null,"timeoutSeconds":null,"minInstances":null,"maxInstances":null,"ingressSettings":null,"concurrency":null,"serviceAccountEmail":null,"vpc":null,"platform":"gcfv2","labels":{},"eventTrigger":{"eventType":"google.cloud.firestore.document.v1.written","eventFilters":{"database":"(default)","namespace":"(default)"},"eventFilterPathPatterns":{"document":"businesses/{tenantId}/jobs/{jobId}/chat_messages/{messageId}"},"retry":false},"entryPoint":"onJobChatMessageWritten"},"onJobActivityWritten":{"availableMemoryMb":null,"timeoutSeconds":null,"minInstances":null,"maxInstances":null,"ingressSettings":null,"concurrency":null,"serviceAccountEmail":null,"vpc":null,"platform":"gcfv2","labels":{},"eventTrigger":{"eventType":"google.cloud.firestore.document.v1.written","eventFilters":{"database":"(default)","namespace":"(default)"},"eventFilterPathPatterns":{"document":"businesses/{tenantId}/jobs/{jobId}/activity/{activityId}"},"retry":false},"entryPoint":"onJobActivityWritten"},"aggregateEfficiencyStats":{"platform":"gcfv1","availableMemoryMb":null,"timeoutSeconds":null,"minInstances":null,"maxInstances":null,"ingressSettings":null,"serviceAccountEmail":null,"vpc":null,"scheduleTrigger":{"schedule":"*/30 * * * *","retryConfig":{"retryCount":null,"maxDoublings":null,"maxRetryDuration":null,"maxBackoffDuration":null,"minBackoffDuration":null},"timeZone":null},"labels":{},"entryPoint":"aggregateEfficiencyStats"},"forceAggregateEfficiencyStats":{"platform":"gcfv1","labels":{},"availableMemoryMb":null,"timeoutSeconds":null,"minInstances":null,"maxInstances":null,"ingressSettings":null,"serviceAccountEmail":null,"vpc":null,"callableTrigger":{},"entryPoint":"forceAggregateEfficiencyStats"}},"specVersion":"v1alpha1","requiredAPIs":[{"api":"cloudscheduler.googleapis.com","reason":"Needed for scheduled functions."}]}
[info] +  functions: Loaded functions definitions from source: runOneTimeMigration, migrateZones, api, generateAutomatedReports, aggregateShopVitals, onMessageReceived, onAnnouncementCreated, onQbCustomerWrite, onQbJobWrite, onQbEmployeeWrite, onQbTimeTrackingWrite, syncStaffPermissions, onChatMessage, onZoneUpdated, onJobUpdated, checkStaleBays, onActivityFeedCreated, onJobTaskWritten, onJobChatMessageWritten, onJobActivityWritten, aggregateEfficiencyStats, forceAggregateEfficiencyStats. {"metadata":{"emulator":{"name":"functions"},"message":"Loaded functions definitions from source: runOneTimeMigration, migrateZones, api, generateAutomatedReports, aggregateShopVitals, onMessageReceived, onAnnouncementCreated, onQbCustomerWrite, onQbJobWrite, onQbEmployeeWrite, onQbTimeTrackingWrite, syncStaffPermissions, onChatMessage, onZoneUpdated, onJobUpdated, checkStaleBays, onActivityFeedCreated, onJobTaskWritten, onJobChatMessageWritten, onJobActivityWritten, aggregateEfficiencyStats, forceAggregateEfficiencyStats."}}
[debug] [2026-06-27T14:38:00.129Z] [worker-pool] Shutting down IDLE worker (us-central1-api) {"metadata":{"emulator":{"name":"functions"},"message":"[worker-pool] Shutting down IDLE worker (us-central1-api)"}}
[debug] [2026-06-27T14:38:00.129Z] [worker-us-central1-api-ae89e708-4478-49b9-a1d8-7d07434afd22]: FINISHING {"metadata":{"emulator":{"name":"functions"},"function":{"name":"us-central1-api"},"extension":{},"message":"[worker-us-central1-api-ae89e708-4478-49b9-a1d8-7d07434afd22]: FINISHING"}}
[debug] [2026-06-27T14:38:00.142Z] [worker-us-central1-api-ae89e708-4478-49b9-a1d8-7d07434afd22]: exited {"metadata":{"emulator":{"name":"functions"},"function":{"name":"us-central1-api"},"extension":{},"message":"[worker-us-central1-api-ae89e708-4478-49b9-a1d8-7d07434afd22]: exited"}}
[debug] [2026-06-27T14:38:00.142Z] [worker-us-central1-api-ae89e708-4478-49b9-a1d8-7d07434afd22]: FINISHED {"metadata":{"emulator":{"name":"functions"},"function":{"name":"us-central1-api"},"extension":{},"message":"[worker-us-central1-api-ae89e708-4478-49b9-a1d8-7d07434afd22]: FINISHED"}}
[debug] [2026-06-29T14:11:10.869Z] File C:\_Projects\upfittersos.com\apps\functions\lib\index.js changed, reloading triggers {"metadata":{"emulator":{"name":"functions"},"message":"File C:\\_Projects\\upfittersos.com\\apps\\functions\\lib\\index.js changed, reloading triggers"}}
[debug] [2026-06-29T14:11:10.871Z] File C:\_Projects\upfittersos.com\apps\functions\lib\swagger.yaml changed, reloading triggers {"metadata":{"emulator":{"name":"functions"},"message":"File C:\\_Projects\\upfittersos.com\\apps\\functions\\lib\\swagger.yaml changed, reloading triggers"}}
[debug] [2026-06-29T14:11:11.879Z] Validating nodejs source
[warn] !  functions: package.json indicates an outdated version of firebase-functions. Please upgrade using npm install --save firebase-functions@latest in your functions directory. 
[warn] !  functions: Please note that there will be breaking changes when you upgrade. 
[debug] [2026-06-29T14:11:13.665Z] > [functions] package.json contents: {
  "name": "saegroup-os-api",
  "version": "1.0.0",
  "description": "SAE Group OS REST API",
  "main": "lib/index.js",
  "scripts": {
    "build": "tsc && copy src\\swagger.yaml lib\\",
    "serve": "npm run build && firebase emulators:start --only functions",
    "shell": "npm run build && firebase functions:shell",
    "start": "npm run shell",
    "deploy": "firebase deploy --only functions",
    "logs": "firebase functions:log"
  },
  "engines": {
    "node": "20"
  },
  "dependencies": {
    "axios": "^1.14.0",
    "cors": "^2.8.5",
    "dotenv": "^16.4.5",
    "express": "^4.18.2",
    "firebase-admin": "^12.0.0",
    "firebase-functions": "^4.8.0",
    "googleapis": "^171.4.0",
    "swagger-ui-express": "^5.0.0",
    "xml2js": "^0.6.2",
    "yamljs": "^0.3.0"
  },
  "devDependencies": {
    "@types/cors": "^2.8.17",
    "@types/express": "^4.17.21",
    "@types/swagger-ui-express": "^4.1.6",
    "@types/xml2js": "^0.4.14",
    "@types/yamljs": "^0.2.34",
    "typescript": "^5.4.2"
  },
  "private": true
}
[debug] [2026-06-29T14:11:13.665Z] Building nodejs source
[debug] [2026-06-29T14:11:13.665Z] Failed to find version of module node: reached end of search path C:\_Projects\upfittersos.com\apps\functions\node_modules
[warn] !  functions: Your requested "node" version "20" doesn't match your global version "24". Using node@24 from host. 
[info] i  functions: Loaded environment variables from .env. 
[info] i  functions: You are using a version of firebase-functions SDK (4.9.0) that does not have support for the newest Firebase Extensions features. Please update firebase-functions SDK to >=5.1.0 to use them correctly 
[debug] [2026-06-29T14:11:13.668Z] Could not find functions.yaml. Must use http discovery
[debug] [2026-06-29T14:11:13.677Z] Found firebase-functions binary at 'C:\_Projects\upfittersos.com\node_modules\.bin\firebase-functions'
[info] Serving at port 8211

[debug] [2026-06-29T14:11:17.008Z] Got response from /__/functions.yaml {"endpoints":{"runOneTimeMigration":{"platform":"gcfv1","availableMemoryMb":null,"timeoutSeconds":null,"minInstances":null,"maxInstances":null,"ingressSettings":null,"serviceAccountEmail":null,"vpc":null,"httpsTrigger":{},"entryPoint":"runOneTimeMigration"},"migrateZones":{"platform":"gcfv1","availableMemoryMb":null,"timeoutSeconds":null,"minInstances":null,"maxInstances":null,"ingressSettings":null,"serviceAccountEmail":null,"vpc":null,"httpsTrigger":{},"entryPoint":"migrateZones"},"api":{"platform":"gcfv1","availableMemoryMb":null,"timeoutSeconds":null,"minInstances":null,"maxInstances":null,"ingressSettings":null,"serviceAccountEmail":null,"vpc":null,"httpsTrigger":{},"entryPoint":"api"},"generateAutomatedReports":{"platform":"gcfv1","availableMemoryMb":null,"timeoutSeconds":null,"minInstances":null,"maxInstances":null,"ingressSettings":null,"serviceAccountEmail":null,"vpc":null,"scheduleTrigger":{"schedule":"0 * * * *","retryConfig":{"retryCount":null,"maxDoublings":null,"maxRetryDuration":null,"maxBackoffDuration":null,"minBackoffDuration":null},"timeZone":null},"labels":{},"entryPoint":"generateAutomatedReports"},"aggregateShopVitals":{"platform":"gcfv1","availableMemoryMb":null,"timeoutSeconds":null,"minInstances":null,"maxInstances":null,"ingressSettings":null,"serviceAccountEmail":null,"vpc":null,"scheduleTrigger":{"schedule":"*/30 * * * *","retryConfig":{"retryCount":null,"maxDoublings":null,"maxRetryDuration":null,"maxBackoffDuration":null,"minBackoffDuration":null},"timeZone":null},"labels":{},"entryPoint":"aggregateShopVitals"},"onMessageReceived":{"availableMemoryMb":null,"timeoutSeconds":null,"minInstances":null,"maxInstances":null,"ingressSettings":null,"concurrency":null,"serviceAccountEmail":null,"vpc":null,"platform":"gcfv2","labels":{},"eventTrigger":{"eventType":"google.cloud.firestore.document.v1.created","eventFilters":{"database":"(default)","namespace":"(default)"},"eventFilterPathPatterns":{"document":"messages/{messageId}"},"retry":false},"entryPoint":"onMessageReceived"},"onAnnouncementCreated":{"availableMemoryMb":null,"timeoutSeconds":null,"minInstances":null,"maxInstances":null,"ingressSettings":null,"concurrency":null,"serviceAccountEmail":null,"vpc":null,"platform":"gcfv2","labels":{},"eventTrigger":{"eventType":"google.cloud.firestore.document.v1.created","eventFilters":{"database":"(default)","namespace":"(default)"},"eventFilterPathPatterns":{"document":"announcements/{announcementId}"},"retry":false},"entryPoint":"onAnnouncementCreated"},"onQbCustomerWrite":{"platform":"gcfv1","availableMemoryMb":null,"timeoutSeconds":null,"minInstances":null,"maxInstances":null,"ingressSettings":null,"serviceAccountEmail":null,"vpc":null,"eventTrigger":{"eventType":"providers/cloud.firestore/eventTypes/document.write","eventFilters":{"resource":"projects/saegroup-c6487/databases/(default)/documents/businesses/{tenantId}/qb_customers/{customerId}"},"retry":false},"labels":{},"entryPoint":"onQbCustomerWrite"},"onQbJobWrite":{"platform":"gcfv1","availableMemoryMb":null,"timeoutSeconds":null,"minInstances":null,"maxInstances":null,"ingressSettings":null,"serviceAccountEmail":null,"vpc":null,"eventTrigger":{"eventType":"providers/cloud.firestore/eventTypes/document.write","eventFilters":{"resource":"projects/saegroup-c6487/databases/(default)/documents/businesses/{tenantId}/qb_jobs/{jobId}"},"retry":false},"labels":{},"entryPoint":"onQbJobWrite"},"onQbEmployeeWrite":{"platform":"gcfv1","availableMemoryMb":null,"timeoutSeconds":null,"minInstances":null,"maxInstances":null,"ingressSettings":null,"serviceAccountEmail":null,"vpc":null,"eventTrigger":{"eventType":"providers/cloud.firestore/eventTypes/document.write","eventFilters":{"resource":"projects/saegroup-c6487/databases/(default)/documents/businesses/{tenantId}/qb_employees/{employeeId}"},"retry":false},"labels":{},"entryPoint":"onQbEmployeeWrite"},"onQbTimeTrackingWrite":{"platform":"gcfv1","availableMemoryMb":null,"timeoutSeconds":null,"minInstances":null,"maxInstances":null,"ingressSettings":null,"serviceAccountEmail":null,"vpc":null,"eventTrigger":{"eventType":"providers/cloud.firestore/eventTypes/document.write","eventFilters":{"resource":"projects/saegroup-c6487/databases/(default)/documents/businesses/{tenantId}/qb_time_tracking/{timeId}"},"retry":false},"labels":{},"entryPoint":"onQbTimeTrackingWrite"},"syncStaffPermissions":{"platform":"gcfv1","availableMemoryMb":null,"timeoutSeconds":null,"minInstances":null,"maxInstances":null,"ingressSettings":null,"serviceAccountEmail":null,"vpc":null,"eventTrigger":{"eventType":"providers/cloud.firestore/eventTypes/document.write","eventFilters":{"resource":"projects/saegroup-c6487/databases/(default)/documents/businesses/{tenantId}/staff/{staffId}"},"retry":false},"labels":{},"entryPoint":"syncStaffPermissions"},"onChatMessage":{"platform":"gcfv1","availableMemoryMb":null,"timeoutSeconds":null,"minInstances":null,"maxInstances":null,"ingressSettings":null,"serviceAccountEmail":null,"vpc":null,"eventTrigger":{"eventType":"providers/cloud.firestore/eventTypes/document.create","eventFilters":{"resource":"projects/saegroup-c6487/databases/(default)/documents/businesses/{tenantId}/jobs/{jobId}/chat_messages/{messageId}"},"retry":false},"labels":{},"entryPoint":"onChatMessage"},"onZoneUpdated":{"availableMemoryMb":null,"timeoutSeconds":null,"minInstances":null,"maxInstances":null,"ingressSettings":null,"concurrency":null,"serviceAccountEmail":null,"vpc":null,"platform":"gcfv2","labels":{},"eventTrigger":{"eventType":"google.cloud.firestore.document.v1.updated","eventFilters":{"database":"(default)","namespace":"(default)"},"eventFilterPathPatterns":{"document":"businesses/{tenantId}/zones/{zoneId}"},"retry":false},"entryPoint":"onZoneUpdated"},"onJobUpdated":{"availableMemoryMb":null,"timeoutSeconds":null,"minInstances":null,"maxInstances":null,"ingressSettings":null,"concurrency":null,"serviceAccountEmail":null,"vpc":null,"platform":"gcfv2","labels":{},"eventTrigger":{"eventType":"google.cloud.firestore.document.v1.updated","eventFilters":{"database":"(default)","namespace":"(default)"},"eventFilterPathPatterns":{"document":"businesses/{tenantId}/jobs/{jobId}"},"retry":false},"entryPoint":"onJobUpdated"},"checkStaleBays":{"availableMemoryMb":null,"timeoutSeconds":null,"minInstances":null,"maxInstances":null,"ingressSettings":null,"concurrency":null,"serviceAccountEmail":null,"vpc":null,"platform":"gcfv2","labels":{},"scheduleTrigger":{"schedule":"every 15 minutes","retryConfig":{"retryCount":null,"maxDoublings":null,"maxRetrySeconds":null,"minBackoffSeconds":null,"maxBackoffSeconds":null},"timeZone":null},"entryPoint":"checkStaleBays"},"onActivityFeedCreated":{"availableMemoryMb":null,"timeoutSeconds":null,"minInstances":null,"maxInstances":null,"ingressSettings":null,"concurrency":null,"serviceAccountEmail":null,"vpc":null,"platform":"gcfv2","labels":{},"eventTrigger":{"eventType":"google.cloud.firestore.document.v1.created","eventFilters":{"database":"(default)","namespace":"(default)"},"eventFilterPathPatterns":{"document":"businesses/{tenantId}/activity_feed/{feedId}"},"retry":false},"entryPoint":"onActivityFeedCreated"},"onJobTaskWritten":{"availableMemoryMb":null,"timeoutSeconds":null,"minInstances":null,"maxInstances":null,"ingressSettings":null,"concurrency":null,"serviceAccountEmail":null,"vpc":null,"platform":"gcfv2","labels":{},"eventTrigger":{"eventType":"google.cloud.firestore.document.v1.written","eventFilters":{"database":"(default)","namespace":"(default)"},"eventFilterPathPatterns":{"document":"businesses/{tenantId}/jobs/{jobId}/tasks/{taskId}"},"retry":false},"entryPoint":"onJobTaskWritten"},"onJobChatMessageWritten":{"availableMemoryMb":null,"timeoutSeconds":null,"minInstances":null,"maxInstances":null,"ingressSettings":null,"concurrency":null,"serviceAccountEmail":null,"vpc":null,"platform":"gcfv2","labels":{},"eventTrigger":{"eventType":"google.cloud.firestore.document.v1.written","eventFilters":{"database":"(default)","namespace":"(default)"},"eventFilterPathPatterns":{"document":"businesses/{tenantId}/jobs/{jobId}/chat_messages/{messageId}"},"retry":false},"entryPoint":"onJobChatMessageWritten"},"onJobActivityWritten":{"availableMemoryMb":null,"timeoutSeconds":null,"minInstances":null,"maxInstances":null,"ingressSettings":null,"concurrency":null,"serviceAccountEmail":null,"vpc":null,"platform":"gcfv2","labels":{},"eventTrigger":{"eventType":"google.cloud.firestore.document.v1.written","eventFilters":{"database":"(default)","namespace":"(default)"},"eventFilterPathPatterns":{"document":"businesses/{tenantId}/jobs/{jobId}/activity/{activityId}"},"retry":false},"entryPoint":"onJobActivityWritten"},"aggregateEfficiencyStats":{"platform":"gcfv1","availableMemoryMb":null,"timeoutSeconds":null,"minInstances":null,"maxInstances":null,"ingressSettings":null,"serviceAccountEmail":null,"vpc":null,"scheduleTrigger":{"schedule":"*/30 * * * *","retryConfig":{"retryCount":null,"maxDoublings":null,"maxRetryDuration":null,"maxBackoffDuration":null,"minBackoffDuration":null},"timeZone":null},"labels":{},"entryPoint":"aggregateEfficiencyStats"},"forceAggregateEfficiencyStats":{"platform":"gcfv1","labels":{},"availableMemoryMb":null,"timeoutSeconds":null,"minInstances":null,"maxInstances":null,"ingressSettings":null,"serviceAccountEmail":null,"vpc":null,"callableTrigger":{},"entryPoint":"forceAggregateEfficiencyStats"}},"specVersion":"v1alpha1","requiredAPIs":[{"api":"cloudscheduler.googleapis.com","reason":"Needed for scheduled functions."}]}
[info] +  functions: Loaded functions definitions from source: runOneTimeMigration, migrateZones, api, generateAutomatedReports, aggregateShopVitals, onMessageReceived, onAnnouncementCreated, onQbCustomerWrite, onQbJobWrite, onQbEmployeeWrite, onQbTimeTrackingWrite, syncStaffPermissions, onChatMessage, onZoneUpdated, onJobUpdated, checkStaleBays, onActivityFeedCreated, onJobTaskWritten, onJobChatMessageWritten, onJobActivityWritten, aggregateEfficiencyStats, forceAggregateEfficiencyStats. {"metadata":{"emulator":{"name":"functions"},"message":"Loaded functions definitions from source: runOneTimeMigration, migrateZones, api, generateAutomatedReports, aggregateShopVitals, onMessageReceived, onAnnouncementCreated, onQbCustomerWrite, onQbJobWrite, onQbEmployeeWrite, onQbTimeTrackingWrite, syncStaffPermissions, onChatMessage, onZoneUpdated, onJobUpdated, checkStaleBays, onActivityFeedCreated, onJobTaskWritten, onJobChatMessageWritten, onJobActivityWritten, aggregateEfficiencyStats, forceAggregateEfficiencyStats."}}
[debug] [2026-06-29T14:17:24.522Z] [work-queue] {"queuedWork":["/saegroup-c6487/us-central1/api/jobs/80000B56-1779813808/companycam-photos-2026-06-29T14:17:24.521Z"],"queueLength":1,"runningWork":[],"workRunningCount":0}
[debug] [2026-06-29T14:17:24.522Z] [work-queue] {"queuedWork":[],"queueLength":0,"runningWork":["/saegroup-c6487/us-central1/api/jobs/80000B56-1779813808/companycam-photos-2026-06-29T14:17:24.521Z"],"workRunningCount":1}
[debug] [2026-06-29T14:17:24.522Z] Accepted request OPTIONS /saegroup-c6487/us-central1/api/jobs/80000B56-1779813808/companycam-photos --> us-central1-api
[debug] [2026-06-29T14:17:24.522Z] [functions] Runtime ready! Sending request! {"metadata":{"emulator":{"name":"functions"},"message":"[functions] Runtime ready! Sending request!"}}
[debug] [2026-06-29T14:17:24.523Z] [functions] Got req.url=/saegroup-c6487/us-central1/api/jobs/80000B56-1779813808/companycam-photos, mapping to path=/jobs/80000B56-1779813808/companycam-photos {"metadata":{"emulator":{"name":"functions"},"message":"[functions] Got req.url=/saegroup-c6487/us-central1/api/jobs/80000B56-1779813808/companycam-photos, mapping to path=/jobs/80000B56-1779813808/companycam-photos"}}
[debug] [2026-06-29T14:17:24.523Z] [worker-pool] Cleaned up workers for us-central1-api: 1 --> 0 {"metadata":{"emulator":{"name":"functions"},"message":"[worker-pool] Cleaned up workers for us-central1-api: 1 --> 0"}}
[info] i  functions: Loaded environment variables from .env. 
[debug] [2026-06-29T14:17:24.530Z] [worker-pool] addWorker(us-central1-api) {"metadata":{"emulator":{"name":"functions"},"message":"[worker-pool] addWorker(us-central1-api)"}}
[debug] [2026-06-29T14:17:24.530Z] [worker-pool] Adding worker with key us-central1-api, total=1 {"metadata":{"emulator":{"name":"functions"},"message":"[worker-pool] Adding worker with key us-central1-api, total=1"}}
[debug] [2026-06-29T14:17:25.538Z] [runtime-status] [33452] Resolved module firebase-admin {"declared":true,"installed":true,"version":"12.7.0","resolution":"C:\\_Projects\\upfittersos.com\\node_modules\\firebase-admin\\lib\\index.js"} {"metadata":{"emulator":{"name":"functions"},"function":{"name":"us-central1-api"},"extension":{},"message":"[runtime-status] [33452] Resolved module firebase-admin {\"declared\":true,\"installed\":true,\"version\":\"12.7.0\",\"resolution\":\"C:\\\\_Projects\\\\upfittersos.com\\\\node_modules\\\\firebase-admin\\\\lib\\\\index.js\"}"}}
[debug] [2026-06-29T14:17:25.539Z] [runtime-status] [33452] Resolved module firebase-functions {"declared":true,"installed":true,"version":"4.9.0","resolution":"C:\\_Projects\\upfittersos.com\\node_modules\\firebase-functions\\lib\\v1\\index.js"} {"metadata":{"emulator":{"name":"functions"},"function":{"name":"us-central1-api"},"extension":{},"message":"[runtime-status] [33452] Resolved module firebase-functions {\"declared\":true,\"installed\":true,\"version\":\"4.9.0\",\"resolution\":\"C:\\\\_Projects\\\\upfittersos.com\\\\node_modules\\\\firebase-functions\\\\lib\\\\v1\\\\index.js\"}"}}
[debug] [2026-06-29T14:17:25.539Z] [runtime-status] [33452] Outgoing network have been stubbed. [{"name":"http","status":"mocked"},{"name":"http","status":"mocked"},{"name":"https","status":"mocked"},{"name":"https","status":"mocked"},{"name":"net","status":"mocked"}] {"metadata":{"emulator":{"name":"functions"},"function":{"name":"us-central1-api"},"extension":{},"message":"[runtime-status] [33452] Outgoing network have been stubbed. [{\"name\":\"http\",\"status\":\"mocked\"},{\"name\":\"http\",\"status\":\"mocked\"},{\"name\":\"https\",\"status\":\"mocked\"},{\"name\":\"https\",\"status\":\"mocked\"},{\"name\":\"net\",\"status\":\"mocked\"}]"}}
[debug] [2026-06-29T14:17:25.539Z] [runtime-status] [33452] Resolved module firebase-functions {"declared":true,"installed":true,"version":"4.9.0","resolution":"C:\\_Projects\\upfittersos.com\\node_modules\\firebase-functions\\lib\\v1\\index.js"} {"metadata":{"emulator":{"name":"functions"},"function":{"name":"us-central1-api"},"extension":{},"message":"[runtime-status] [33452] Resolved module firebase-functions {\"declared\":true,\"installed\":true,\"version\":\"4.9.0\",\"resolution\":\"C:\\\\_Projects\\\\upfittersos.com\\\\node_modules\\\\firebase-functions\\\\lib\\\\v1\\\\index.js\"}"}}
[debug] [2026-06-29T14:17:25.705Z] [runtime-status] [33452] Resolved module firebase-admin {"declared":true,"installed":true,"version":"12.7.0","resolution":"C:\\_Projects\\upfittersos.com\\node_modules\\firebase-admin\\lib\\index.js"} {"metadata":{"emulator":{"name":"functions"},"function":{"name":"us-central1-api"},"extension":{},"message":"[runtime-status] [33452] Resolved module firebase-admin {\"declared\":true,\"installed\":true,\"version\":\"12.7.0\",\"resolution\":\"C:\\\\_Projects\\\\upfittersos.com\\\\node_modules\\\\firebase-admin\\\\lib\\\\index.js\"}"}}
[debug] [2026-06-29T14:17:25.707Z] [runtime-status] [33452] Resolved module firebase-functions {"declared":true,"installed":true,"version":"4.9.0","resolution":"C:\\_Projects\\upfittersos.com\\node_modules\\firebase-functions\\lib\\v1\\index.js"} {"metadata":{"emulator":{"name":"functions"},"function":{"name":"us-central1-api"},"extension":{},"message":"[runtime-status] [33452] Resolved module firebase-functions {\"declared\":true,\"installed\":true,\"version\":\"4.9.0\",\"resolution\":\"C:\\\\_Projects\\\\upfittersos.com\\\\node_modules\\\\firebase-functions\\\\lib\\\\v1\\\\index.js\"}"}}
[debug] [2026-06-29T14:17:25.842Z] [runtime-status] [33452] firebase-admin has been stubbed. {"adminResolution":{"declared":true,"installed":true,"version":"12.7.0","resolution":"C:\\_Projects\\upfittersos.com\\node_modules\\firebase-admin\\lib\\index.js"}} {"metadata":{"emulator":{"name":"functions"},"function":{"name":"us-central1-api"},"extension":{},"message":"[runtime-status] [33452] firebase-admin has been stubbed. {\"adminResolution\":{\"declared\":true,\"installed\":true,\"version\":\"12.7.0\",\"resolution\":\"C:\\\\_Projects\\\\upfittersos.com\\\\node_modules\\\\firebase-admin\\\\lib\\\\index.js\"}}"}}
[debug] [2026-06-29T14:17:26.036Z] [runtime-status] [33452] initializeApp(DEFAULT) {"storageBucket":"saegroup-c6487.firebasestorage.app","projectId":"saegroup-c6487"} {"metadata":{"emulator":{"name":"functions"},"function":{"name":"us-central1-api"},"extension":{},"message":"[runtime-status] [33452] initializeApp(DEFAULT) {\"storageBucket\":\"saegroup-c6487.firebasestorage.app\",\"projectId\":\"saegroup-c6487\"}"}}
[debug] [2026-06-29T14:17:27.362Z] [runtime-status] [33452] Functions runtime initialized. {"cwd":"C:\\_Projects\\upfittersos.com\\apps\\functions","node_version":"24.13.0"} {"metadata":{"emulator":{"name":"functions"},"function":{"name":"us-central1-api"},"extension":{},"message":"[runtime-status] [33452] Functions runtime initialized. {\"cwd\":\"C:\\\\_Projects\\\\upfittersos.com\\\\apps\\\\functions\",\"node_version\":\"24.13.0\"}"}}
[debug] [2026-06-29T14:17:27.362Z] [runtime-status] [33452] Listening to port: \\?\pipe\fire_emu_c24142fc4d2f947e {"metadata":{"emulator":{"name":"functions"},"function":{"name":"us-central1-api"},"extension":{},"message":"[runtime-status] [33452] Listening to port: \\\\?\\pipe\\fire_emu_c24142fc4d2f947e"}}
[debug] [2026-06-29T14:17:27.369Z] [worker-us-central1-api-b1a7cdac-c38d-401a-8897-979a89a013cd]: IDLE {"metadata":{"emulator":{"name":"functions"},"function":{"name":"us-central1-api"},"extension":{},"message":"[worker-us-central1-api-b1a7cdac-c38d-401a-8897-979a89a013cd]: IDLE"}}
[debug] [2026-06-29T14:17:27.369Z] [worker-pool] submitRequest(triggerId=us-central1-api) {"metadata":{"emulator":{"name":"functions"},"message":"[worker-pool] submitRequest(triggerId=us-central1-api)"}}
[info] i  functions: Beginning execution of "us-central1-api" {"metadata":{"emulator":{"name":"functions"},"function":{"name":"us-central1-api"},"extension":{},"message":"Beginning execution of \"us-central1-api\""}}
[debug] [2026-06-29T14:17:27.369Z] [worker-us-central1-api-b1a7cdac-c38d-401a-8897-979a89a013cd]: BUSY {"metadata":{"emulator":{"name":"functions"},"function":{"name":"us-central1-api"},"extension":{},"message":"[worker-us-central1-api-b1a7cdac-c38d-401a-8897-979a89a013cd]: BUSY"}}
[debug] [2026-06-29T14:17:27.373Z] Finishing up request with event=pause {"metadata":{"emulator":{"name":"functions"},"function":{"name":"us-central1-api"},"extension":{},"message":"Finishing up request with event=pause"}}
[info] i  functions: Finished "us-central1-api" in 4.058ms {"metadata":{"emulator":{"name":"functions"},"function":{"name":"us-central1-api"},"extension":{},"message":"Finished \"us-central1-api\" in 4.058ms"}}
[debug] [2026-06-29T14:17:27.374Z] [worker-us-central1-api-b1a7cdac-c38d-401a-8897-979a89a013cd]: IDLE {"metadata":{"emulator":{"name":"functions"},"function":{"name":"us-central1-api"},"extension":{},"message":"[worker-us-central1-api-b1a7cdac-c38d-401a-8897-979a89a013cd]: IDLE"}}
[debug] [2026-06-29T14:17:27.374Z] Finishing up request with event=finish {"metadata":{"emulator":{"name":"functions"},"function":{"name":"us-central1-api"},"extension":{},"message":"Finishing up request with event=finish"}}
[debug] [2026-06-29T14:17:27.374Z] Finishing up request with event=close {"metadata":{"emulator":{"name":"functions"},"function":{"name":"us-central1-api"},"extension":{},"message":"Finishing up request with event=close"}}
[debug] [2026-06-29T14:17:27.374Z] [work-queue] {"queuedWork":[],"queueLength":0,"runningWork":[],"workRunningCount":0}
[debug] [2026-06-29T14:17:27.375Z] [work-queue] {"queuedWork":["/saegroup-c6487/us-central1/api/jobs/80000B56-1779813808/companycam-photos-2026-06-29T14:17:27.375Z"],"queueLength":1,"runningWork":[],"workRunningCount":0}
[debug] [2026-06-29T14:17:27.375Z] [work-queue] {"queuedWork":[],"queueLength":0,"runningWork":["/saegroup-c6487/us-central1/api/jobs/80000B56-1779813808/companycam-photos-2026-06-29T14:17:27.375Z"],"workRunningCount":1}
[debug] [2026-06-29T14:17:27.375Z] Accepted request GET /saegroup-c6487/us-central1/api/jobs/80000B56-1779813808/companycam-photos --> us-central1-api
[debug] [2026-06-29T14:17:27.375Z] [functions] Runtime ready! Sending request! {"metadata":{"emulator":{"name":"functions"},"message":"[functions] Runtime ready! Sending request!"}}
[debug] [2026-06-29T14:17:27.375Z] [functions] Got req.url=/saegroup-c6487/us-central1/api/jobs/80000B56-1779813808/companycam-photos, mapping to path=/jobs/80000B56-1779813808/companycam-photos {"metadata":{"emulator":{"name":"functions"},"message":"[functions] Got req.url=/saegroup-c6487/us-central1/api/jobs/80000B56-1779813808/companycam-photos, mapping to path=/jobs/80000B56-1779813808/companycam-photos"}}
[debug] [2026-06-29T14:17:27.375Z] [worker-pool] submitRequest(triggerId=us-central1-api) {"metadata":{"emulator":{"name":"functions"},"message":"[worker-pool] submitRequest(triggerId=us-central1-api)"}}
[info] i  functions: Beginning execution of "us-central1-api" {"metadata":{"emulator":{"name":"functions"},"function":{"name":"us-central1-api"},"extension":{},"message":"Beginning execution of \"us-central1-api\""}}
[debug] [2026-06-29T14:17:27.376Z] [worker-us-central1-api-b1a7cdac-c38d-401a-8897-979a89a013cd]: BUSY {"metadata":{"emulator":{"name":"functions"},"function":{"name":"us-central1-api"},"extension":{},"message":"[worker-us-central1-api-b1a7cdac-c38d-401a-8897-979a89a013cd]: BUSY"}}
[warn] !  Google API requested!
   - URL: "https://oauth2.googleapis.com/token"
   - Be careful, this may be a production service. {"metadata":{"emulator":{"name":"functions"},"function":{"name":"us-central1-api"},"extension":{},"message":"Google API requested!\n   - URL: \"https://oauth2.googleapis.com/token\"\n   - Be careful, this may be a production service."}}
[debug] [2026-06-29T14:17:28.501Z] Finishing up request with event=pause {"metadata":{"emulator":{"name":"functions"},"function":{"name":"us-central1-api"},"extension":{},"message":"Finishing up request with event=pause"}}
[info] i  functions: Finished "us-central1-api" in 1125.1569ms {"metadata":{"emulator":{"name":"functions"},"function":{"name":"us-central1-api"},"extension":{},"message":"Finished \"us-central1-api\" in 1125.1569ms"}}
[debug] [2026-06-29T14:17:28.501Z] [worker-us-central1-api-b1a7cdac-c38d-401a-8897-979a89a013cd]: IDLE {"metadata":{"emulator":{"name":"functions"},"function":{"name":"us-central1-api"},"extension":{},"message":"[worker-us-central1-api-b1a7cdac-c38d-401a-8897-979a89a013cd]: IDLE"}}
[debug] [2026-06-29T14:17:28.501Z] [work-queue] {"queuedWork":[],"queueLength":0,"runningWork":[],"workRunningCount":0}
[debug] [2026-06-29T14:17:28.502Z] Finishing up request with event=pause {"metadata":{"emulator":{"name":"functions"},"function":{"name":"us-central1-api"},"extension":{},"message":"Finishing up request with event=pause"}}
[debug] [2026-06-29T14:17:28.502Z] Finishing up request with event=pause {"metadata":{"emulator":{"name":"functions"},"function":{"name":"us-central1-api"},"extension":{},"message":"Finishing up request with event=pause"}}
[debug] [2026-06-29T14:17:28.502Z] Finishing up request with event=pause {"metadata":{"emulator":{"name":"functions"},"function":{"name":"us-central1-api"},"extension":{},"message":"Finishing up request with event=pause"}}
[debug] [2026-06-29T14:17:28.502Z] Finishing up request with event=finish {"metadata":{"emulator":{"name":"functions"},"function":{"name":"us-central1-api"},"extension":{},"message":"Finishing up request with event=finish"}}
[debug] [2026-06-29T14:17:28.502Z] Finishing up request with event=close {"metadata":{"emulator":{"name":"functions"},"function":{"name":"us-central1-api"},"extension":{},"message":"Finishing up request with event=close"}}
[debug] [2026-06-29T14:20:56.959Z] [work-queue] {"queuedWork":["/saegroup-c6487/us-central1/api/jobs/80000B56-1779813808/companycam-photos-2026-06-29T14:20:56.959Z"],"queueLength":1,"runningWork":[],"workRunningCount":0}
[debug] [2026-06-29T14:20:56.959Z] [work-queue] {"queuedWork":[],"queueLength":0,"runningWork":["/saegroup-c6487/us-central1/api/jobs/80000B56-1779813808/companycam-photos-2026-06-29T14:20:56.959Z"],"workRunningCount":1}
[debug] [2026-06-29T14:20:56.959Z] Accepted request OPTIONS /saegroup-c6487/us-central1/api/jobs/80000B56-1779813808/companycam-photos --> us-central1-api
[debug] [2026-06-29T14:20:56.960Z] [functions] Runtime ready! Sending request! {"metadata":{"emulator":{"name":"functions"},"message":"[functions] Runtime ready! Sending request!"}}
[debug] [2026-06-29T14:20:56.960Z] [functions] Got req.url=/saegroup-c6487/us-central1/api/jobs/80000B56-1779813808/companycam-photos, mapping to path=/jobs/80000B56-1779813808/companycam-photos {"metadata":{"emulator":{"name":"functions"},"message":"[functions] Got req.url=/saegroup-c6487/us-central1/api/jobs/80000B56-1779813808/companycam-photos, mapping to path=/jobs/80000B56-1779813808/companycam-photos"}}
[debug] [2026-06-29T14:20:56.960Z] [worker-pool] submitRequest(triggerId=us-central1-api) {"metadata":{"emulator":{"name":"functions"},"message":"[worker-pool] submitRequest(triggerId=us-central1-api)"}}
[info] i  functions: Beginning execution of "us-central1-api" {"metadata":{"emulator":{"name":"functions"},"function":{"name":"us-central1-api"},"extension":{},"message":"Beginning execution of \"us-central1-api\""}}
[debug] [2026-06-29T14:20:56.960Z] [worker-us-central1-api-b1a7cdac-c38d-401a-8897-979a89a013cd]: BUSY {"metadata":{"emulator":{"name":"functions"},"function":{"name":"us-central1-api"},"extension":{},"message":"[worker-us-central1-api-b1a7cdac-c38d-401a-8897-979a89a013cd]: BUSY"}}
[debug] [2026-06-29T14:20:56.962Z] Finishing up request with event=pause {"metadata":{"emulator":{"name":"functions"},"function":{"name":"us-central1-api"},"extension":{},"message":"Finishing up request with event=pause"}}
[info] i  functions: Finished "us-central1-api" in 1.692ms {"metadata":{"emulator":{"name":"functions"},"function":{"name":"us-central1-api"},"extension":{},"message":"Finished \"us-central1-api\" in 1.692ms"}}
[debug] [2026-06-29T14:20:56.962Z] [worker-us-central1-api-b1a7cdac-c38d-401a-8897-979a89a013cd]: IDLE {"metadata":{"emulator":{"name":"functions"},"function":{"name":"us-central1-api"},"extension":{},"message":"[worker-us-central1-api-b1a7cdac-c38d-401a-8897-979a89a013cd]: IDLE"}}
[debug] [2026-06-29T14:20:56.962Z] Finishing up request with event=finish {"metadata":{"emulator":{"name":"functions"},"function":{"name":"us-central1-api"},"extension":{},"message":"Finishing up request with event=finish"}}
[debug] [2026-06-29T14:20:56.962Z] Finishing up request with event=close {"metadata":{"emulator":{"name":"functions"},"function":{"name":"us-central1-api"},"extension":{},"message":"Finishing up request with event=close"}}
[debug] [2026-06-29T14:20:56.962Z] [work-queue] {"queuedWork":[],"queueLength":0,"runningWork":[],"workRunningCount":0}
[debug] [2026-06-29T14:20:56.963Z] [work-queue] {"queuedWork":["/saegroup-c6487/us-central1/api/jobs/80000B56-1779813808/companycam-photos-2026-06-29T14:20:56.963Z"],"queueLength":1,"runningWork":[],"workRunningCount":0}
[debug] [2026-06-29T14:20:56.963Z] [work-queue] {"queuedWork":[],"queueLength":0,"runningWork":["/saegroup-c6487/us-central1/api/jobs/80000B56-1779813808/companycam-photos-2026-06-29T14:20:56.963Z"],"workRunningCount":1}
[debug] [2026-06-29T14:20:56.963Z] Accepted request GET /saegroup-c6487/us-central1/api/jobs/80000B56-1779813808/companycam-photos --> us-central1-api
[debug] [2026-06-29T14:20:56.964Z] [functions] Runtime ready! Sending request! {"metadata":{"emulator":{"name":"functions"},"message":"[functions] Runtime ready! Sending request!"}}
[debug] [2026-06-29T14:20:56.964Z] [functions] Got req.url=/saegroup-c6487/us-central1/api/jobs/80000B56-1779813808/companycam-photos, mapping to path=/jobs/80000B56-1779813808/companycam-photos {"metadata":{"emulator":{"name":"functions"},"message":"[functions] Got req.url=/saegroup-c6487/us-central1/api/jobs/80000B56-1779813808/companycam-photos, mapping to path=/jobs/80000B56-1779813808/companycam-photos"}}
[debug] [2026-06-29T14:20:56.964Z] [worker-pool] submitRequest(triggerId=us-central1-api) {"metadata":{"emulator":{"name":"functions"},"message":"[worker-pool] submitRequest(triggerId=us-central1-api)"}}
[info] i  functions: Beginning execution of "us-central1-api" {"metadata":{"emulator":{"name":"functions"},"function":{"name":"us-central1-api"},"extension":{},"message":"Beginning execution of \"us-central1-api\""}}
[debug] [2026-06-29T14:20:56.964Z] [worker-us-central1-api-b1a7cdac-c38d-401a-8897-979a89a013cd]: BUSY {"metadata":{"emulator":{"name":"functions"},"function":{"name":"us-central1-api"},"extension":{},"message":"[worker-us-central1-api-b1a7cdac-c38d-401a-8897-979a89a013cd]: BUSY"}}
[debug] [2026-06-29T14:20:57.464Z] Finishing up request with event=pause {"metadata":{"emulator":{"name":"functions"},"function":{"name":"us-central1-api"},"extension":{},"message":"Finishing up request with event=pause"}}
[info] i  functions: Finished "us-central1-api" in 500.203ms {"metadata":{"emulator":{"name":"functions"},"function":{"name":"us-central1-api"},"extension":{},"message":"Finished \"us-central1-api\" in 500.203ms"}}
[debug] [2026-06-29T14:20:57.464Z] [worker-us-central1-api-b1a7cdac-c38d-401a-8897-979a89a013cd]: IDLE {"metadata":{"emulator":{"name":"functions"},"function":{"name":"us-central1-api"},"extension":{},"message":"[worker-us-central1-api-b1a7cdac-c38d-401a-8897-979a89a013cd]: IDLE"}}
[debug] [2026-06-29T14:20:57.464Z] Finishing up request with event=finish {"metadata":{"emulator":{"name":"functions"},"function":{"name":"us-central1-api"},"extension":{},"message":"Finishing up request with event=finish"}}
[debug] [2026-06-29T14:20:57.464Z] Finishing up request with event=close {"metadata":{"emulator":{"name":"functions"},"function":{"name":"us-central1-api"},"extension":{},"message":"Finishing up request with event=close"}}
[debug] [2026-06-29T14:20:57.465Z] [work-queue] {"queuedWork":[],"queueLength":0,"runningWork":[],"workRunningCount":0}
[debug] [2026-06-29T16:04:55.099Z] [work-queue] {"queuedWork":["/saegroup-c6487/us-central1/api/jobs/gUn2RLSjgfY1Bciddnsb/companycam-photos-2026-06-29T16:04:55.099Z"],"queueLength":1,"runningWork":[],"workRunningCount":0}
[debug] [2026-06-29T16:04:55.100Z] [work-queue] {"queuedWork":[],"queueLength":0,"runningWork":["/saegroup-c6487/us-central1/api/jobs/gUn2RLSjgfY1Bciddnsb/companycam-photos-2026-06-29T16:04:55.099Z"],"workRunningCount":1}
[debug] [2026-06-29T16:04:55.100Z] Accepted request OPTIONS /saegroup-c6487/us-central1/api/jobs/gUn2RLSjgfY1Bciddnsb/companycam-photos --> us-central1-api
[debug] [2026-06-29T16:04:55.101Z] [functions] Runtime ready! Sending request! {"metadata":{"emulator":{"name":"functions"},"message":"[functions] Runtime ready! Sending request!"}}
[debug] [2026-06-29T16:04:55.101Z] [functions] Got req.url=/saegroup-c6487/us-central1/api/jobs/gUn2RLSjgfY1Bciddnsb/companycam-photos, mapping to path=/jobs/gUn2RLSjgfY1Bciddnsb/companycam-photos {"metadata":{"emulator":{"name":"functions"},"message":"[functions] Got req.url=/saegroup-c6487/us-central1/api/jobs/gUn2RLSjgfY1Bciddnsb/companycam-photos, mapping to path=/jobs/gUn2RLSjgfY1Bciddnsb/companycam-photos"}}
[debug] [2026-06-29T16:04:55.101Z] [worker-pool] submitRequest(triggerId=us-central1-api) {"metadata":{"emulator":{"name":"functions"},"message":"[worker-pool] submitRequest(triggerId=us-central1-api)"}}
[info] i  functions: Beginning execution of "us-central1-api" {"metadata":{"emulator":{"name":"functions"},"function":{"name":"us-central1-api"},"extension":{},"message":"Beginning execution of \"us-central1-api\""}}
[debug] [2026-06-29T16:04:55.101Z] [worker-us-central1-api-b1a7cdac-c38d-401a-8897-979a89a013cd]: BUSY {"metadata":{"emulator":{"name":"functions"},"function":{"name":"us-central1-api"},"extension":{},"message":"[worker-us-central1-api-b1a7cdac-c38d-401a-8897-979a89a013cd]: BUSY"}}
[debug] [2026-06-29T16:04:55.103Z] Finishing up request with event=pause {"metadata":{"emulator":{"name":"functions"},"function":{"name":"us-central1-api"},"extension":{},"message":"Finishing up request with event=pause"}}
[info] i  functions: Finished "us-central1-api" in 2.1696ms {"metadata":{"emulator":{"name":"functions"},"function":{"name":"us-central1-api"},"extension":{},"message":"Finished \"us-central1-api\" in 2.1696ms"}}
[debug] [2026-06-29T16:04:55.104Z] [worker-us-central1-api-b1a7cdac-c38d-401a-8897-979a89a013cd]: IDLE {"metadata":{"emulator":{"name":"functions"},"function":{"name":"us-central1-api"},"extension":{},"message":"[worker-us-central1-api-b1a7cdac-c38d-401a-8897-979a89a013cd]: IDLE"}}
[debug] [2026-06-29T16:04:55.104Z] Finishing up request with event=finish {"metadata":{"emulator":{"name":"functions"},"function":{"name":"us-central1-api"},"extension":{},"message":"Finishing up request with event=finish"}}
[debug] [2026-06-29T16:04:55.104Z] Finishing up request with event=close {"metadata":{"emulator":{"name":"functions"},"function":{"name":"us-central1-api"},"extension":{},"message":"Finishing up request with event=close"}}
[debug] [2026-06-29T16:04:55.104Z] [work-queue] {"queuedWork":[],"queueLength":0,"runningWork":[],"workRunningCount":0}
[debug] [2026-06-29T16:04:55.105Z] [work-queue] {"queuedWork":["/saegroup-c6487/us-central1/api/jobs/gUn2RLSjgfY1Bciddnsb/companycam-photos-2026-06-29T16:04:55.105Z"],"queueLength":1,"runningWork":[],"workRunningCount":0}
[debug] [2026-06-29T16:04:55.105Z] [work-queue] {"queuedWork":[],"queueLength":0,"runningWork":["/saegroup-c6487/us-central1/api/jobs/gUn2RLSjgfY1Bciddnsb/companycam-photos-2026-06-29T16:04:55.105Z"],"workRunningCount":1}
[debug] [2026-06-29T16:04:55.105Z] Accepted request GET /saegroup-c6487/us-central1/api/jobs/gUn2RLSjgfY1Bciddnsb/companycam-photos --> us-central1-api
[debug] [2026-06-29T16:04:55.105Z] [functions] Runtime ready! Sending request! {"metadata":{"emulator":{"name":"functions"},"message":"[functions] Runtime ready! Sending request!"}}
[debug] [2026-06-29T16:04:55.106Z] [functions] Got req.url=/saegroup-c6487/us-central1/api/jobs/gUn2RLSjgfY1Bciddnsb/companycam-photos, mapping to path=/jobs/gUn2RLSjgfY1Bciddnsb/companycam-photos {"metadata":{"emulator":{"name":"functions"},"message":"[functions] Got req.url=/saegroup-c6487/us-central1/api/jobs/gUn2RLSjgfY1Bciddnsb/companycam-photos, mapping to path=/jobs/gUn2RLSjgfY1Bciddnsb/companycam-photos"}}
[debug] [2026-06-29T16:04:55.106Z] [worker-pool] submitRequest(triggerId=us-central1-api) {"metadata":{"emulator":{"name":"functions"},"message":"[worker-pool] submitRequest(triggerId=us-central1-api)"}}
[info] i  functions: Beginning execution of "us-central1-api" {"metadata":{"emulator":{"name":"functions"},"function":{"name":"us-central1-api"},"extension":{},"message":"Beginning execution of \"us-central1-api\""}}
[debug] [2026-06-29T16:04:55.106Z] [worker-us-central1-api-b1a7cdac-c38d-401a-8897-979a89a013cd]: BUSY {"metadata":{"emulator":{"name":"functions"},"function":{"name":"us-central1-api"},"extension":{},"message":"[worker-us-central1-api-b1a7cdac-c38d-401a-8897-979a89a013cd]: BUSY"}}
[debug] [2026-06-29T16:04:55.650Z] [work-queue] {"queuedWork":["/saegroup-c6487/us-central1/api/jobs/dabsaa61u9AxaPQHJHma/companycam-photos-2026-06-29T16:04:55.650Z"],"queueLength":1,"runningWork":["/saegroup-c6487/us-central1/api/jobs/gUn2RLSjgfY1Bciddnsb/companycam-photos-2026-06-29T16:04:55.105Z"],"workRunningCount":1}
[debug] [2026-06-29T16:04:55.650Z] [work-queue] {"queuedWork":[],"queueLength":0,"runningWork":["/saegroup-c6487/us-central1/api/jobs/gUn2RLSjgfY1Bciddnsb/companycam-photos-2026-06-29T16:04:55.105Z","/saegroup-c6487/us-central1/api/jobs/dabsaa61u9AxaPQHJHma/companycam-photos-2026-06-29T16:04:55.650Z"],"workRunningCount":2}
[debug] [2026-06-29T16:04:55.650Z] Accepted request OPTIONS /saegroup-c6487/us-central1/api/jobs/dabsaa61u9AxaPQHJHma/companycam-photos --> us-central1-api
[debug] [2026-06-29T16:04:55.651Z] [functions] Runtime ready! Sending request! {"metadata":{"emulator":{"name":"functions"},"message":"[functions] Runtime ready! Sending request!"}}
[debug] [2026-06-29T16:04:55.651Z] [functions] Got req.url=/saegroup-c6487/us-central1/api/jobs/dabsaa61u9AxaPQHJHma/companycam-photos, mapping to path=/jobs/dabsaa61u9AxaPQHJHma/companycam-photos {"metadata":{"emulator":{"name":"functions"},"message":"[functions] Got req.url=/saegroup-c6487/us-central1/api/jobs/dabsaa61u9AxaPQHJHma/companycam-photos, mapping to path=/jobs/dabsaa61u9AxaPQHJHma/companycam-photos"}}
[info] i  functions: Loaded environment variables from .env. 
[debug] [2026-06-29T16:04:55.657Z] [worker-pool] addWorker(us-central1-api) {"metadata":{"emulator":{"name":"functions"},"message":"[worker-pool] addWorker(us-central1-api)"}}
[debug] [2026-06-29T16:04:55.657Z] [worker-pool] Adding worker with key us-central1-api, total=2 {"metadata":{"emulator":{"name":"functions"},"message":"[worker-pool] Adding worker with key us-central1-api, total=2"}}
[debug] [2026-06-29T16:04:56.136Z] Finishing up request with event=pause {"metadata":{"emulator":{"name":"functions"},"function":{"name":"us-central1-api"},"extension":{},"message":"Finishing up request with event=pause"}}
[info] i  functions: Finished "us-central1-api" in 1030.5806ms {"metadata":{"emulator":{"name":"functions"},"function":{"name":"us-central1-api"},"extension":{},"message":"Finished \"us-central1-api\" in 1030.5806ms"}}
[debug] [2026-06-29T16:04:56.136Z] [worker-us-central1-api-b1a7cdac-c38d-401a-8897-979a89a013cd]: IDLE {"metadata":{"emulator":{"name":"functions"},"function":{"name":"us-central1-api"},"extension":{},"message":"[worker-us-central1-api-b1a7cdac-c38d-401a-8897-979a89a013cd]: IDLE"}}
[debug] [2026-06-29T16:04:56.137Z] [work-queue] {"queuedWork":[],"queueLength":0,"runningWork":["/saegroup-c6487/us-central1/api/jobs/dabsaa61u9AxaPQHJHma/companycam-photos-2026-06-29T16:04:55.650Z"],"workRunningCount":1}
[debug] [2026-06-29T16:04:56.137Z] Finishing up request with event=pause {"metadata":{"emulator":{"name":"functions"},"function":{"name":"us-central1-api"},"extension":{},"message":"Finishing up request with event=pause"}}
[debug] [2026-06-29T16:04:56.137Z] Finishing up request with event=pause {"metadata":{"emulator":{"name":"functions"},"function":{"name":"us-central1-api"},"extension":{},"message":"Finishing up request with event=pause"}}
[debug] [2026-06-29T16:04:56.137Z] Finishing up request with event=pause {"metadata":{"emulator":{"name":"functions"},"function":{"name":"us-central1-api"},"extension":{},"message":"Finishing up request with event=pause"}}
[debug] [2026-06-29T16:04:56.137Z] Finishing up request with event=finish {"metadata":{"emulator":{"name":"functions"},"function":{"name":"us-central1-api"},"extension":{},"message":"Finishing up request with event=finish"}}
[debug] [2026-06-29T16:04:56.137Z] Finishing up request with event=close {"metadata":{"emulator":{"name":"functions"},"function":{"name":"us-central1-api"},"extension":{},"message":"Finishing up request with event=close"}}
[debug] [2026-06-29T16:04:56.487Z] [work-queue] {"queuedWork":["/saegroup-c6487/us-central1/api/jobs/7UPAoTuRKhhLVI2go3HZ/companycam-photos-2026-06-29T16:04:56.487Z"],"queueLength":1,"runningWork":["/saegroup-c6487/us-central1/api/jobs/dabsaa61u9AxaPQHJHma/companycam-photos-2026-06-29T16:04:55.650Z"],"workRunningCount":1}
[debug] [2026-06-29T16:04:56.487Z] [work-queue] {"queuedWork":[],"queueLength":0,"runningWork":["/saegroup-c6487/us-central1/api/jobs/dabsaa61u9AxaPQHJHma/companycam-photos-2026-06-29T16:04:55.650Z","/saegroup-c6487/us-central1/api/jobs/7UPAoTuRKhhLVI2go3HZ/companycam-photos-2026-06-29T16:04:56.487Z"],"workRunningCount":2}
[debug] [2026-06-29T16:04:56.487Z] Accepted request OPTIONS /saegroup-c6487/us-central1/api/jobs/7UPAoTuRKhhLVI2go3HZ/companycam-photos --> us-central1-api
[debug] [2026-06-29T16:04:56.488Z] [functions] Runtime ready! Sending request! {"metadata":{"emulator":{"name":"functions"},"message":"[functions] Runtime ready! Sending request!"}}
[debug] [2026-06-29T16:04:56.488Z] [functions] Got req.url=/saegroup-c6487/us-central1/api/jobs/7UPAoTuRKhhLVI2go3HZ/companycam-photos, mapping to path=/jobs/7UPAoTuRKhhLVI2go3HZ/companycam-photos {"metadata":{"emulator":{"name":"functions"},"message":"[functions] Got req.url=/saegroup-c6487/us-central1/api/jobs/7UPAoTuRKhhLVI2go3HZ/companycam-photos, mapping to path=/jobs/7UPAoTuRKhhLVI2go3HZ/companycam-photos"}}
[debug] [2026-06-29T16:04:56.488Z] [worker-pool] submitRequest(triggerId=us-central1-api) {"metadata":{"emulator":{"name":"functions"},"message":"[worker-pool] submitRequest(triggerId=us-central1-api)"}}
[info] i  functions: Beginning execution of "us-central1-api" {"metadata":{"emulator":{"name":"functions"},"function":{"name":"us-central1-api"},"extension":{},"message":"Beginning execution of \"us-central1-api\""}}
[debug] [2026-06-29T16:04:56.489Z] [worker-us-central1-api-b1a7cdac-c38d-401a-8897-979a89a013cd]: BUSY {"metadata":{"emulator":{"name":"functions"},"function":{"name":"us-central1-api"},"extension":{},"message":"[worker-us-central1-api-b1a7cdac-c38d-401a-8897-979a89a013cd]: BUSY"}}
[debug] [2026-06-29T16:04:56.490Z] Finishing up request with event=pause {"metadata":{"emulator":{"name":"functions"},"function":{"name":"us-central1-api"},"extension":{},"message":"Finishing up request with event=pause"}}
[info] i  functions: Finished "us-central1-api" in 1.6917ms {"metadata":{"emulator":{"name":"functions"},"function":{"name":"us-central1-api"},"extension":{},"message":"Finished \"us-central1-api\" in 1.6917ms"}}
[debug] [2026-06-29T16:04:56.491Z] [worker-us-central1-api-b1a7cdac-c38d-401a-8897-979a89a013cd]: IDLE {"metadata":{"emulator":{"name":"functions"},"function":{"name":"us-central1-api"},"extension":{},"message":"[worker-us-central1-api-b1a7cdac-c38d-401a-8897-979a89a013cd]: IDLE"}}
[debug] [2026-06-29T16:04:56.491Z] Finishing up request with event=finish {"metadata":{"emulator":{"name":"functions"},"function":{"name":"us-central1-api"},"extension":{},"message":"Finishing up request with event=finish"}}
[debug] [2026-06-29T16:04:56.491Z] Finishing up request with event=close {"metadata":{"emulator":{"name":"functions"},"function":{"name":"us-central1-api"},"extension":{},"message":"Finishing up request with event=close"}}
[debug] [2026-06-29T16:04:56.491Z] [work-queue] {"queuedWork":[],"queueLength":0,"runningWork":["/saegroup-c6487/us-central1/api/jobs/dabsaa61u9AxaPQHJHma/companycam-photos-2026-06-29T16:04:55.650Z"],"workRunningCount":1}
[debug] [2026-06-29T16:04:56.492Z] [work-queue] {"queuedWork":["/saegroup-c6487/us-central1/api/jobs/7UPAoTuRKhhLVI2go3HZ/companycam-photos-2026-06-29T16:04:56.492Z"],"queueLength":1,"runningWork":["/saegroup-c6487/us-central1/api/jobs/dabsaa61u9AxaPQHJHma/companycam-photos-2026-06-29T16:04:55.650Z"],"workRunningCount":1}
[debug] [2026-06-29T16:04:56.492Z] [work-queue] {"queuedWork":[],"queueLength":0,"runningWork":["/saegroup-c6487/us-central1/api/jobs/dabsaa61u9AxaPQHJHma/companycam-photos-2026-06-29T16:04:55.650Z","/saegroup-c6487/us-central1/api/jobs/7UPAoTuRKhhLVI2go3HZ/companycam-photos-2026-06-29T16:04:56.492Z"],"workRunningCount":2}
[debug] [2026-06-29T16:04:56.492Z] Accepted request GET /saegroup-c6487/us-central1/api/jobs/7UPAoTuRKhhLVI2go3HZ/companycam-photos --> us-central1-api
[debug] [2026-06-29T16:04:56.493Z] [functions] Runtime ready! Sending request! {"metadata":{"emulator":{"name":"functions"},"message":"[functions] Runtime ready! Sending request!"}}
[debug] [2026-06-29T16:04:56.493Z] [functions] Got req.url=/saegroup-c6487/us-central1/api/jobs/7UPAoTuRKhhLVI2go3HZ/companycam-photos, mapping to path=/jobs/7UPAoTuRKhhLVI2go3HZ/companycam-photos {"metadata":{"emulator":{"name":"functions"},"message":"[functions] Got req.url=/saegroup-c6487/us-central1/api/jobs/7UPAoTuRKhhLVI2go3HZ/companycam-photos, mapping to path=/jobs/7UPAoTuRKhhLVI2go3HZ/companycam-photos"}}
[debug] [2026-06-29T16:04:56.493Z] [worker-pool] submitRequest(triggerId=us-central1-api) {"metadata":{"emulator":{"name":"functions"},"message":"[worker-pool] submitRequest(triggerId=us-central1-api)"}}
[info] i  functions: Beginning execution of "us-central1-api" {"metadata":{"emulator":{"name":"functions"},"function":{"name":"us-central1-api"},"extension":{},"message":"Beginning execution of \"us-central1-api\""}}
[debug] [2026-06-29T16:04:56.493Z] [worker-us-central1-api-b1a7cdac-c38d-401a-8897-979a89a013cd]: BUSY {"metadata":{"emulator":{"name":"functions"},"function":{"name":"us-central1-api"},"extension":{},"message":"[worker-us-central1-api-b1a7cdac-c38d-401a-8897-979a89a013cd]: BUSY"}}
[debug] [2026-06-29T16:04:56.826Z] [runtime-status] [27824] Resolved module firebase-admin {"declared":true,"installed":true,"version":"12.7.0","resolution":"C:\\_Projects\\upfittersos.com\\node_modules\\firebase-admin\\lib\\index.js"} {"metadata":{"emulator":{"name":"functions"},"function":{"name":"us-central1-api"},"extension":{},"message":"[runtime-status] [27824] Resolved module firebase-admin {\"declared\":true,\"installed\":true,\"version\":\"12.7.0\",\"resolution\":\"C:\\\\_Projects\\\\upfittersos.com\\\\node_modules\\\\firebase-admin\\\\lib\\\\index.js\"}"}}
[debug] [2026-06-29T16:04:56.826Z] [runtime-status] [27824] Resolved module firebase-functions {"declared":true,"installed":true,"version":"4.9.0","resolution":"C:\\_Projects\\upfittersos.com\\node_modules\\firebase-functions\\lib\\v1\\index.js"} {"metadata":{"emulator":{"name":"functions"},"function":{"name":"us-central1-api"},"extension":{},"message":"[runtime-status] [27824] Resolved module firebase-functions {\"declared\":true,\"installed\":true,\"version\":\"4.9.0\",\"resolution\":\"C:\\\\_Projects\\\\upfittersos.com\\\\node_modules\\\\firebase-functions\\\\lib\\\\v1\\\\index.js\"}"}}
[debug] [2026-06-29T16:04:56.826Z] [runtime-status] [27824] Outgoing network have been stubbed. [{"name":"http","status":"mocked"},{"name":"http","status":"mocked"},{"name":"https","status":"mocked"},{"name":"https","status":"mocked"},{"name":"net","status":"mocked"}] {"metadata":{"emulator":{"name":"functions"},"function":{"name":"us-central1-api"},"extension":{},"message":"[runtime-status] [27824] Outgoing network have been stubbed. [{\"name\":\"http\",\"status\":\"mocked\"},{\"name\":\"http\",\"status\":\"mocked\"},{\"name\":\"https\",\"status\":\"mocked\"},{\"name\":\"https\",\"status\":\"mocked\"},{\"name\":\"net\",\"status\":\"mocked\"}]"}}
[debug] [2026-06-29T16:04:56.827Z] [runtime-status] [27824] Resolved module firebase-functions {"declared":true,"installed":true,"version":"4.9.0","resolution":"C:\\_Projects\\upfittersos.com\\node_modules\\firebase-functions\\lib\\v1\\index.js"} {"metadata":{"emulator":{"name":"functions"},"function":{"name":"us-central1-api"},"extension":{},"message":"[runtime-status] [27824] Resolved module firebase-functions {\"declared\":true,\"installed\":true,\"version\":\"4.9.0\",\"resolution\":\"C:\\\\_Projects\\\\upfittersos.com\\\\node_modules\\\\firebase-functions\\\\lib\\\\v1\\\\index.js\"}"}}
[debug] [2026-06-29T16:04:56.842Z] Finishing up request with event=pause {"metadata":{"emulator":{"name":"functions"},"function":{"name":"us-central1-api"},"extension":{},"message":"Finishing up request with event=pause"}}
[info] i  functions: Finished "us-central1-api" in 349.1973ms {"metadata":{"emulator":{"name":"functions"},"function":{"name":"us-central1-api"},"extension":{},"message":"Finished \"us-central1-api\" in 349.1973ms"}}
[debug] [2026-06-29T16:04:56.843Z] [worker-us-central1-api-b1a7cdac-c38d-401a-8897-979a89a013cd]: IDLE {"metadata":{"emulator":{"name":"functions"},"function":{"name":"us-central1-api"},"extension":{},"message":"[worker-us-central1-api-b1a7cdac-c38d-401a-8897-979a89a013cd]: IDLE"}}
[debug] [2026-06-29T16:04:56.843Z] Finishing up request with event=finish {"metadata":{"emulator":{"name":"functions"},"function":{"name":"us-central1-api"},"extension":{},"message":"Finishing up request with event=finish"}}
[debug] [2026-06-29T16:04:56.843Z] Finishing up request with event=close {"metadata":{"emulator":{"name":"functions"},"function":{"name":"us-central1-api"},"extension":{},"message":"Finishing up request with event=close"}}
[debug] [2026-06-29T16:04:56.843Z] [work-queue] {"queuedWork":[],"queueLength":0,"runningWork":["/saegroup-c6487/us-central1/api/jobs/dabsaa61u9AxaPQHJHma/companycam-photos-2026-06-29T16:04:55.650Z"],"workRunningCount":1}
[debug] [2026-06-29T16:04:57.017Z] [runtime-status] [27824] Resolved module firebase-admin {"declared":true,"installed":true,"version":"12.7.0","resolution":"C:\\_Projects\\upfittersos.com\\node_modules\\firebase-admin\\lib\\index.js"} {"metadata":{"emulator":{"name":"functions"},"function":{"name":"us-central1-api"},"extension":{},"message":"[runtime-status] [27824] Resolved module firebase-admin {\"declared\":true,\"installed\":true,\"version\":\"12.7.0\",\"resolution\":\"C:\\\\_Projects\\\\upfittersos.com\\\\node_modules\\\\firebase-admin\\\\lib\\\\index.js\"}"}}
[debug] [2026-06-29T16:04:57.020Z] [runtime-status] [27824] Resolved module firebase-functions {"declared":true,"installed":true,"version":"4.9.0","resolution":"C:\\_Projects\\upfittersos.com\\node_modules\\firebase-functions\\lib\\v1\\index.js"} {"metadata":{"emulator":{"name":"functions"},"function":{"name":"us-central1-api"},"extension":{},"message":"[runtime-status] [27824] Resolved module firebase-functions {\"declared\":true,\"installed\":true,\"version\":\"4.9.0\",\"resolution\":\"C:\\\\_Projects\\\\upfittersos.com\\\\node_modules\\\\firebase-functions\\\\lib\\\\v1\\\\index.js\"}"}}
[debug] [2026-06-29T16:04:57.171Z] [runtime-status] [27824] firebase-admin has been stubbed. {"adminResolution":{"declared":true,"installed":true,"version":"12.7.0","resolution":"C:\\_Projects\\upfittersos.com\\node_modules\\firebase-admin\\lib\\index.js"}} {"metadata":{"emulator":{"name":"functions"},"function":{"name":"us-central1-api"},"extension":{},"message":"[runtime-status] [27824] firebase-admin has been stubbed. {\"adminResolution\":{\"declared\":true,\"installed\":true,\"version\":\"12.7.0\",\"resolution\":\"C:\\\\_Projects\\\\upfittersos.com\\\\node_modules\\\\firebase-admin\\\\lib\\\\index.js\"}}"}}
[debug] [2026-06-29T16:04:57.180Z] [work-queue] {"queuedWork":["/saegroup-c6487/us-central1/api/jobs/gUn2RLSjgfY1Bciddnsb/companycam-photos-2026-06-29T16:04:57.180Z"],"queueLength":1,"runningWork":["/saegroup-c6487/us-central1/api/jobs/dabsaa61u9AxaPQHJHma/companycam-photos-2026-06-29T16:04:55.650Z"],"workRunningCount":1}
[debug] [2026-06-29T16:04:57.180Z] [work-queue] {"queuedWork":[],"queueLength":0,"runningWork":["/saegroup-c6487/us-central1/api/jobs/dabsaa61u9AxaPQHJHma/companycam-photos-2026-06-29T16:04:55.650Z","/saegroup-c6487/us-central1/api/jobs/gUn2RLSjgfY1Bciddnsb/companycam-photos-2026-06-29T16:04:57.180Z"],"workRunningCount":2}
[debug] [2026-06-29T16:04:57.180Z] Accepted request GET /saegroup-c6487/us-central1/api/jobs/gUn2RLSjgfY1Bciddnsb/companycam-photos --> us-central1-api
[debug] [2026-06-29T16:04:57.180Z] [functions] Runtime ready! Sending request! {"metadata":{"emulator":{"name":"functions"},"message":"[functions] Runtime ready! Sending request!"}}
[debug] [2026-06-29T16:04:57.181Z] [functions] Got req.url=/saegroup-c6487/us-central1/api/jobs/gUn2RLSjgfY1Bciddnsb/companycam-photos, mapping to path=/jobs/gUn2RLSjgfY1Bciddnsb/companycam-photos {"metadata":{"emulator":{"name":"functions"},"message":"[functions] Got req.url=/saegroup-c6487/us-central1/api/jobs/gUn2RLSjgfY1Bciddnsb/companycam-photos, mapping to path=/jobs/gUn2RLSjgfY1Bciddnsb/companycam-photos"}}
[debug] [2026-06-29T16:04:57.181Z] [worker-pool] submitRequest(triggerId=us-central1-api) {"metadata":{"emulator":{"name":"functions"},"message":"[worker-pool] submitRequest(triggerId=us-central1-api)"}}
[info] i  functions: Beginning execution of "us-central1-api" {"metadata":{"emulator":{"name":"functions"},"function":{"name":"us-central1-api"},"extension":{},"message":"Beginning execution of \"us-central1-api\""}}
[debug] [2026-06-29T16:04:57.181Z] [worker-us-central1-api-b1a7cdac-c38d-401a-8897-979a89a013cd]: BUSY {"metadata":{"emulator":{"name":"functions"},"function":{"name":"us-central1-api"},"extension":{},"message":"[worker-us-central1-api-b1a7cdac-c38d-401a-8897-979a89a013cd]: BUSY"}}
[debug] [2026-06-29T16:04:57.407Z] [runtime-status] [27824] initializeApp(DEFAULT) {"storageBucket":"saegroup-c6487.firebasestorage.app","projectId":"saegroup-c6487"} {"metadata":{"emulator":{"name":"functions"},"function":{"name":"us-central1-api"},"extension":{},"message":"[runtime-status] [27824] initializeApp(DEFAULT) {\"storageBucket\":\"saegroup-c6487.firebasestorage.app\",\"projectId\":\"saegroup-c6487\"}"}}
[debug] [2026-06-29T16:04:57.583Z] Finishing up request with event=pause {"metadata":{"emulator":{"name":"functions"},"function":{"name":"us-central1-api"},"extension":{},"message":"Finishing up request with event=pause"}}
[info] i  functions: Finished "us-central1-api" in 402.0953ms {"metadata":{"emulator":{"name":"functions"},"function":{"name":"us-central1-api"},"extension":{},"message":"Finished \"us-central1-api\" in 402.0953ms"}}
[debug] [2026-06-29T16:04:57.583Z] [worker-us-central1-api-b1a7cdac-c38d-401a-8897-979a89a013cd]: IDLE {"metadata":{"emulator":{"name":"functions"},"function":{"name":"us-central1-api"},"extension":{},"message":"[worker-us-central1-api-b1a7cdac-c38d-401a-8897-979a89a013cd]: IDLE"}}
[debug] [2026-06-29T16:04:57.583Z] Finishing up request with event=finish {"metadata":{"emulator":{"name":"functions"},"function":{"name":"us-central1-api"},"extension":{},"message":"Finishing up request with event=finish"}}
[debug] [2026-06-29T16:04:57.583Z] Finishing up request with event=close {"metadata":{"emulator":{"name":"functions"},"function":{"name":"us-central1-api"},"extension":{},"message":"Finishing up request with event=close"}}
[debug] [2026-06-29T16:04:57.583Z] [work-queue] {"queuedWork":[],"queueLength":0,"runningWork":["/saegroup-c6487/us-central1/api/jobs/dabsaa61u9AxaPQHJHma/companycam-photos-2026-06-29T16:04:55.650Z"],"workRunningCount":1}
[debug] [2026-06-29T16:04:58.727Z] [runtime-status] [27824] Functions runtime initialized. {"cwd":"C:\\_Projects\\upfittersos.com\\apps\\functions","node_version":"24.13.0"} {"metadata":{"emulator":{"name":"functions"},"function":{"name":"us-central1-api"},"extension":{},"message":"[runtime-status] [27824] Functions runtime initialized. {\"cwd\":\"C:\\\\_Projects\\\\upfittersos.com\\\\apps\\\\functions\",\"node_version\":\"24.13.0\"}"}}
[debug] [2026-06-29T16:04:58.727Z] [runtime-status] [27824] Listening to port: \\?\pipe\fire_emu_59f7e1be023e45e8 {"metadata":{"emulator":{"name":"functions"},"function":{"name":"us-central1-api"},"extension":{},"message":"[runtime-status] [27824] Listening to port: \\\\?\\pipe\\fire_emu_59f7e1be023e45e8"}}
[debug] [2026-06-29T16:04:58.793Z] [worker-us-central1-api-3a25aafa-2840-4c6c-a49d-4ff19590c2d4]: IDLE {"metadata":{"emulator":{"name":"functions"},"function":{"name":"us-central1-api"},"extension":{},"message":"[worker-us-central1-api-3a25aafa-2840-4c6c-a49d-4ff19590c2d4]: IDLE"}}
[debug] [2026-06-29T16:04:58.793Z] [worker-pool] submitRequest(triggerId=us-central1-api) {"metadata":{"emulator":{"name":"functions"},"message":"[worker-pool] submitRequest(triggerId=us-central1-api)"}}
[info] i  functions: Beginning execution of "us-central1-api" {"metadata":{"emulator":{"name":"functions"},"function":{"name":"us-central1-api"},"extension":{},"message":"Beginning execution of \"us-central1-api\""}}
[debug] [2026-06-29T16:04:58.794Z] [worker-us-central1-api-b1a7cdac-c38d-401a-8897-979a89a013cd]: BUSY {"metadata":{"emulator":{"name":"functions"},"function":{"name":"us-central1-api"},"extension":{},"message":"[worker-us-central1-api-b1a7cdac-c38d-401a-8897-979a89a013cd]: BUSY"}}
[debug] [2026-06-29T16:04:58.794Z] Finishing up request with event=pause {"metadata":{"emulator":{"name":"functions"},"function":{"name":"us-central1-api"},"extension":{},"message":"Finishing up request with event=pause"}}
[info] i  functions: Finished "us-central1-api" in 0.8766ms {"metadata":{"emulator":{"name":"functions"},"function":{"name":"us-central1-api"},"extension":{},"message":"Finished \"us-central1-api\" in 0.8766ms"}}
[debug] [2026-06-29T16:04:58.795Z] [worker-us-central1-api-b1a7cdac-c38d-401a-8897-979a89a013cd]: IDLE {"metadata":{"emulator":{"name":"functions"},"function":{"name":"us-central1-api"},"extension":{},"message":"[worker-us-central1-api-b1a7cdac-c38d-401a-8897-979a89a013cd]: IDLE"}}
[debug] [2026-06-29T16:04:58.795Z] Finishing up request with event=finish {"metadata":{"emulator":{"name":"functions"},"function":{"name":"us-central1-api"},"extension":{},"message":"Finishing up request with event=finish"}}
[debug] [2026-06-29T16:04:58.795Z] Finishing up request with event=close {"metadata":{"emulator":{"name":"functions"},"function":{"name":"us-central1-api"},"extension":{},"message":"Finishing up request with event=close"}}
[debug] [2026-06-29T16:04:58.795Z] [work-queue] {"queuedWork":[],"queueLength":0,"runningWork":[],"workRunningCount":0}
[debug] [2026-06-29T16:04:58.796Z] [work-queue] {"queuedWork":["/saegroup-c6487/us-central1/api/jobs/dabsaa61u9AxaPQHJHma/companycam-photos-2026-06-29T16:04:58.796Z"],"queueLength":1,"runningWork":[],"workRunningCount":0}
[debug] [2026-06-29T16:04:58.796Z] [work-queue] {"queuedWork":[],"queueLength":0,"runningWork":["/saegroup-c6487/us-central1/api/jobs/dabsaa61u9AxaPQHJHma/companycam-photos-2026-06-29T16:04:58.796Z"],"workRunningCount":1}
[debug] [2026-06-29T16:04:58.796Z] Accepted request GET /saegroup-c6487/us-central1/api/jobs/dabsaa61u9AxaPQHJHma/companycam-photos --> us-central1-api
[debug] [2026-06-29T16:04:58.797Z] [functions] Runtime ready! Sending request! {"metadata":{"emulator":{"name":"functions"},"message":"[functions] Runtime ready! Sending request!"}}
[debug] [2026-06-29T16:04:58.797Z] [functions] Got req.url=/saegroup-c6487/us-central1/api/jobs/dabsaa61u9AxaPQHJHma/companycam-photos, mapping to path=/jobs/dabsaa61u9AxaPQHJHma/companycam-photos {"metadata":{"emulator":{"name":"functions"},"message":"[functions] Got req.url=/saegroup-c6487/us-central1/api/jobs/dabsaa61u9AxaPQHJHma/companycam-photos, mapping to path=/jobs/dabsaa61u9AxaPQHJHma/companycam-photos"}}
[debug] [2026-06-29T16:04:58.797Z] [worker-pool] submitRequest(triggerId=us-central1-api) {"metadata":{"emulator":{"name":"functions"},"message":"[worker-pool] submitRequest(triggerId=us-central1-api)"}}
[info] i  functions: Beginning execution of "us-central1-api" {"metadata":{"emulator":{"name":"functions"},"function":{"name":"us-central1-api"},"extension":{},"message":"Beginning execution of \"us-central1-api\""}}
[debug] [2026-06-29T16:04:58.797Z] [worker-us-central1-api-b1a7cdac-c38d-401a-8897-979a89a013cd]: BUSY {"metadata":{"emulator":{"name":"functions"},"function":{"name":"us-central1-api"},"extension":{},"message":"[worker-us-central1-api-b1a7cdac-c38d-401a-8897-979a89a013cd]: BUSY"}}
[debug] [2026-06-29T16:04:59.236Z] Finishing up request with event=pause {"metadata":{"emulator":{"name":"functions"},"function":{"name":"us-central1-api"},"extension":{},"message":"Finishing up request with event=pause"}}
[info] i  functions: Finished "us-central1-api" in 439.7712ms {"metadata":{"emulator":{"name":"functions"},"function":{"name":"us-central1-api"},"extension":{},"message":"Finished \"us-central1-api\" in 439.7712ms"}}
[debug] [2026-06-29T16:04:59.237Z] [worker-us-central1-api-b1a7cdac-c38d-401a-8897-979a89a013cd]: IDLE {"metadata":{"emulator":{"name":"functions"},"function":{"name":"us-central1-api"},"extension":{},"message":"[worker-us-central1-api-b1a7cdac-c38d-401a-8897-979a89a013cd]: IDLE"}}
[debug] [2026-06-29T16:04:59.237Z] Finishing up request with event=finish {"metadata":{"emulator":{"name":"functions"},"function":{"name":"us-central1-api"},"extension":{},"message":"Finishing up request with event=finish"}}
[debug] [2026-06-29T16:04:59.237Z] Finishing up request with event=close {"metadata":{"emulator":{"name":"functions"},"function":{"name":"us-central1-api"},"extension":{},"message":"Finishing up request with event=close"}}
[debug] [2026-06-29T16:04:59.237Z] [work-queue] {"queuedWork":[],"queueLength":0,"runningWork":[],"workRunningCount":0}
[debug] [2026-06-29T17:41:39.863Z] [work-queue] {"queuedWork":["/saegroup-c6487/us-central1/api/jobs/Sv6lQ94QLfwRMdA4r1pJ/companycam-photos-2026-06-29T17:41:39.863Z"],"queueLength":1,"runningWork":[],"workRunningCount":0}
[debug] [2026-06-29T17:41:39.864Z] [work-queue] {"queuedWork":[],"queueLength":0,"runningWork":["/saegroup-c6487/us-central1/api/jobs/Sv6lQ94QLfwRMdA4r1pJ/companycam-photos-2026-06-29T17:41:39.863Z"],"workRunningCount":1}
[debug] [2026-06-29T17:41:39.864Z] Accepted request OPTIONS /saegroup-c6487/us-central1/api/jobs/Sv6lQ94QLfwRMdA4r1pJ/companycam-photos --> us-central1-api
[debug] [2026-06-29T17:41:39.866Z] [functions] Runtime ready! Sending request! {"metadata":{"emulator":{"name":"functions"},"message":"[functions] Runtime ready! Sending request!"}}
[debug] [2026-06-29T17:41:39.866Z] [functions] Got req.url=/saegroup-c6487/us-central1/api/jobs/Sv6lQ94QLfwRMdA4r1pJ/companycam-photos, mapping to path=/jobs/Sv6lQ94QLfwRMdA4r1pJ/companycam-photos {"metadata":{"emulator":{"name":"functions"},"message":"[functions] Got req.url=/saegroup-c6487/us-central1/api/jobs/Sv6lQ94QLfwRMdA4r1pJ/companycam-photos, mapping to path=/jobs/Sv6lQ94QLfwRMdA4r1pJ/companycam-photos"}}
[debug] [2026-06-29T17:41:39.866Z] [worker-pool] submitRequest(triggerId=us-central1-api) {"metadata":{"emulator":{"name":"functions"},"message":"[worker-pool] submitRequest(triggerId=us-central1-api)"}}
[info] i  functions: Beginning execution of "us-central1-api" {"metadata":{"emulator":{"name":"functions"},"function":{"name":"us-central1-api"},"extension":{},"message":"Beginning execution of \"us-central1-api\""}}
[debug] [2026-06-29T17:41:39.867Z] [worker-us-central1-api-b1a7cdac-c38d-401a-8897-979a89a013cd]: BUSY {"metadata":{"emulator":{"name":"functions"},"function":{"name":"us-central1-api"},"extension":{},"message":"[worker-us-central1-api-b1a7cdac-c38d-401a-8897-979a89a013cd]: BUSY"}}
[debug] [2026-06-29T17:41:39.874Z] Finishing up request with event=pause {"metadata":{"emulator":{"name":"functions"},"function":{"name":"us-central1-api"},"extension":{},"message":"Finishing up request with event=pause"}}
[info] i  functions: Finished "us-central1-api" in 7.2889ms {"metadata":{"emulator":{"name":"functions"},"function":{"name":"us-central1-api"},"extension":{},"message":"Finished \"us-central1-api\" in 7.2889ms"}}
[debug] [2026-06-29T17:41:39.875Z] [worker-us-central1-api-b1a7cdac-c38d-401a-8897-979a89a013cd]: IDLE {"metadata":{"emulator":{"name":"functions"},"function":{"name":"us-central1-api"},"extension":{},"message":"[worker-us-central1-api-b1a7cdac-c38d-401a-8897-979a89a013cd]: IDLE"}}
[debug] [2026-06-29T17:41:39.875Z] Finishing up request with event=finish {"metadata":{"emulator":{"name":"functions"},"function":{"name":"us-central1-api"},"extension":{},"message":"Finishing up request with event=finish"}}
[debug] [2026-06-29T17:41:39.875Z] Finishing up request with event=close {"metadata":{"emulator":{"name":"functions"},"function":{"name":"us-central1-api"},"extension":{},"message":"Finishing up request with event=close"}}
[debug] [2026-06-29T17:41:39.875Z] [work-queue] {"queuedWork":[],"queueLength":0,"runningWork":[],"workRunningCount":0}
[debug] [2026-06-29T17:41:39.875Z] [work-queue] {"queuedWork":["/saegroup-c6487/us-central1/api/jobs/Sv6lQ94QLfwRMdA4r1pJ/companycam-photos-2026-06-29T17:41:39.875Z"],"queueLength":1,"runningWork":[],"workRunningCount":0}
[debug] [2026-06-29T17:41:39.876Z] [work-queue] {"queuedWork":[],"queueLength":0,"runningWork":["/saegroup-c6487/us-central1/api/jobs/Sv6lQ94QLfwRMdA4r1pJ/companycam-photos-2026-06-29T17:41:39.875Z"],"workRunningCount":1}
[debug] [2026-06-29T17:41:39.876Z] Accepted request GET /saegroup-c6487/us-central1/api/jobs/Sv6lQ94QLfwRMdA4r1pJ/companycam-photos --> us-central1-api
[debug] [2026-06-29T17:41:39.876Z] [functions] Runtime ready! Sending request! {"metadata":{"emulator":{"name":"functions"},"message":"[functions] Runtime ready! Sending request!"}}
[debug] [2026-06-29T17:41:39.876Z] [functions] Got req.url=/saegroup-c6487/us-central1/api/jobs/Sv6lQ94QLfwRMdA4r1pJ/companycam-photos, mapping to path=/jobs/Sv6lQ94QLfwRMdA4r1pJ/companycam-photos {"metadata":{"emulator":{"name":"functions"},"message":"[functions] Got req.url=/saegroup-c6487/us-central1/api/jobs/Sv6lQ94QLfwRMdA4r1pJ/companycam-photos, mapping to path=/jobs/Sv6lQ94QLfwRMdA4r1pJ/companycam-photos"}}
[debug] [2026-06-29T17:41:39.876Z] [worker-pool] submitRequest(triggerId=us-central1-api) {"metadata":{"emulator":{"name":"functions"},"message":"[worker-pool] submitRequest(triggerId=us-central1-api)"}}
[info] i  functions: Beginning execution of "us-central1-api" {"metadata":{"emulator":{"name":"functions"},"function":{"name":"us-central1-api"},"extension":{},"message":"Beginning execution of \"us-central1-api\""}}
[debug] [2026-06-29T17:41:39.876Z] [worker-us-central1-api-b1a7cdac-c38d-401a-8897-979a89a013cd]: BUSY {"metadata":{"emulator":{"name":"functions"},"function":{"name":"us-central1-api"},"extension":{},"message":"[worker-us-central1-api-b1a7cdac-c38d-401a-8897-979a89a013cd]: BUSY"}}
[debug] [2026-06-29T17:41:40.779Z] Finishing up request with event=pause {"metadata":{"emulator":{"name":"functions"},"function":{"name":"us-central1-api"},"extension":{},"message":"Finishing up request with event=pause"}}
[info] i  functions: Finished "us-central1-api" in 903.1388ms {"metadata":{"emulator":{"name":"functions"},"function":{"name":"us-central1-api"},"extension":{},"message":"Finished \"us-central1-api\" in 903.1388ms"}}
[debug] [2026-06-29T17:41:40.780Z] [worker-us-central1-api-b1a7cdac-c38d-401a-8897-979a89a013cd]: IDLE {"metadata":{"emulator":{"name":"functions"},"function":{"name":"us-central1-api"},"extension":{},"message":"[worker-us-central1-api-b1a7cdac-c38d-401a-8897-979a89a013cd]: IDLE"}}
[debug] [2026-06-29T17:41:40.780Z] Finishing up request with event=finish {"metadata":{"emulator":{"name":"functions"},"function":{"name":"us-central1-api"},"extension":{},"message":"Finishing up request with event=finish"}}
[debug] [2026-06-29T17:41:40.780Z] Finishing up request with event=close {"metadata":{"emulator":{"name":"functions"},"function":{"name":"us-central1-api"},"extension":{},"message":"Finishing up request with event=close"}}
[debug] [2026-06-29T17:41:40.780Z] [work-queue] {"queuedWork":[],"queueLength":0,"runningWork":[],"workRunningCount":0}
[debug] [2026-06-29T17:41:42.448Z] [work-queue] {"queuedWork":["/saegroup-c6487/us-central1/api/jobs/Sv6lQ94QLfwRMdA4r1pJ/companycam-photos-2026-06-29T17:41:42.448Z"],"queueLength":1,"runningWork":[],"workRunningCount":0}
[debug] [2026-06-29T17:41:42.448Z] [work-queue] {"queuedWork":[],"queueLength":0,"runningWork":["/saegroup-c6487/us-central1/api/jobs/Sv6lQ94QLfwRMdA4r1pJ/companycam-photos-2026-06-29T17:41:42.448Z"],"workRunningCount":1}
[debug] [2026-06-29T17:41:42.448Z] Accepted request GET /saegroup-c6487/us-central1/api/jobs/Sv6lQ94QLfwRMdA4r1pJ/companycam-photos --> us-central1-api
[debug] [2026-06-29T17:41:42.449Z] [functions] Runtime ready! Sending request! {"metadata":{"emulator":{"name":"functions"},"message":"[functions] Runtime ready! Sending request!"}}
[debug] [2026-06-29T17:41:42.449Z] [functions] Got req.url=/saegroup-c6487/us-central1/api/jobs/Sv6lQ94QLfwRMdA4r1pJ/companycam-photos, mapping to path=/jobs/Sv6lQ94QLfwRMdA4r1pJ/companycam-photos {"metadata":{"emulator":{"name":"functions"},"message":"[functions] Got req.url=/saegroup-c6487/us-central1/api/jobs/Sv6lQ94QLfwRMdA4r1pJ/companycam-photos, mapping to path=/jobs/Sv6lQ94QLfwRMdA4r1pJ/companycam-photos"}}
[debug] [2026-06-29T17:41:42.449Z] [worker-pool] submitRequest(triggerId=us-central1-api) {"metadata":{"emulator":{"name":"functions"},"message":"[worker-pool] submitRequest(triggerId=us-central1-api)"}}
[info] i  functions: Beginning execution of "us-central1-api" {"metadata":{"emulator":{"name":"functions"},"function":{"name":"us-central1-api"},"extension":{},"message":"Beginning execution of \"us-central1-api\""}}
[debug] [2026-06-29T17:41:42.449Z] [worker-us-central1-api-b1a7cdac-c38d-401a-8897-979a89a013cd]: BUSY {"metadata":{"emulator":{"name":"functions"},"function":{"name":"us-central1-api"},"extension":{},"message":"[worker-us-central1-api-b1a7cdac-c38d-401a-8897-979a89a013cd]: BUSY"}}
[debug] [2026-06-29T17:41:42.717Z] Finishing up request with event=pause {"metadata":{"emulator":{"name":"functions"},"function":{"name":"us-central1-api"},"extension":{},"message":"Finishing up request with event=pause"}}
[info] i  functions: Finished "us-central1-api" in 268.1141ms {"metadata":{"emulator":{"name":"functions"},"function":{"name":"us-central1-api"},"extension":{},"message":"Finished \"us-central1-api\" in 268.1141ms"}}
[debug] [2026-06-29T17:41:42.717Z] [worker-us-central1-api-b1a7cdac-c38d-401a-8897-979a89a013cd]: IDLE {"metadata":{"emulator":{"name":"functions"},"function":{"name":"us-central1-api"},"extension":{},"message":"[worker-us-central1-api-b1a7cdac-c38d-401a-8897-979a89a013cd]: IDLE"}}
[debug] [2026-06-29T17:41:42.717Z] Finishing up request with event=finish {"metadata":{"emulator":{"name":"functions"},"function":{"name":"us-central1-api"},"extension":{},"message":"Finishing up request with event=finish"}}
[debug] [2026-06-29T17:41:42.717Z] Finishing up request with event=close {"metadata":{"emulator":{"name":"functions"},"function":{"name":"us-central1-api"},"extension":{},"message":"Finishing up request with event=close"}}
[debug] [2026-06-29T17:41:42.717Z] [work-queue] {"queuedWork":[],"queueLength":0,"runningWork":[],"workRunningCount":0}
[debug] [2026-06-29T17:43:34.789Z] [work-queue] {"queuedWork":["/saegroup-c6487/us-central1/api/jobs/Sv6lQ94QLfwRMdA4r1pJ/companycam-photos-2026-06-29T17:43:34.789Z"],"queueLength":1,"runningWork":[],"workRunningCount":0}
[debug] [2026-06-29T17:43:34.789Z] [work-queue] {"queuedWork":[],"queueLength":0,"runningWork":["/saegroup-c6487/us-central1/api/jobs/Sv6lQ94QLfwRMdA4r1pJ/companycam-photos-2026-06-29T17:43:34.789Z"],"workRunningCount":1}
[debug] [2026-06-29T17:43:34.789Z] Accepted request OPTIONS /saegroup-c6487/us-central1/api/jobs/Sv6lQ94QLfwRMdA4r1pJ/companycam-photos --> us-central1-api
[debug] [2026-06-29T17:43:34.790Z] [functions] Runtime ready! Sending request! {"metadata":{"emulator":{"name":"functions"},"message":"[functions] Runtime ready! Sending request!"}}
[debug] [2026-06-29T17:43:34.790Z] [functions] Got req.url=/saegroup-c6487/us-central1/api/jobs/Sv6lQ94QLfwRMdA4r1pJ/companycam-photos, mapping to path=/jobs/Sv6lQ94QLfwRMdA4r1pJ/companycam-photos {"metadata":{"emulator":{"name":"functions"},"message":"[functions] Got req.url=/saegroup-c6487/us-central1/api/jobs/Sv6lQ94QLfwRMdA4r1pJ/companycam-photos, mapping to path=/jobs/Sv6lQ94QLfwRMdA4r1pJ/companycam-photos"}}
[debug] [2026-06-29T17:43:34.790Z] [worker-pool] submitRequest(triggerId=us-central1-api) {"metadata":{"emulator":{"name":"functions"},"message":"[worker-pool] submitRequest(triggerId=us-central1-api)"}}
[info] i  functions: Beginning execution of "us-central1-api" {"metadata":{"emulator":{"name":"functions"},"function":{"name":"us-central1-api"},"extension":{},"message":"Beginning execution of \"us-central1-api\""}}
[debug] [2026-06-29T17:43:34.790Z] [worker-us-central1-api-b1a7cdac-c38d-401a-8897-979a89a013cd]: BUSY {"metadata":{"emulator":{"name":"functions"},"function":{"name":"us-central1-api"},"extension":{},"message":"[worker-us-central1-api-b1a7cdac-c38d-401a-8897-979a89a013cd]: BUSY"}}
[debug] [2026-06-29T17:43:34.791Z] Finishing up request with event=pause {"metadata":{"emulator":{"name":"functions"},"function":{"name":"us-central1-api"},"extension":{},"message":"Finishing up request with event=pause"}}
[info] i  functions: Finished "us-central1-api" in 1.146ms {"metadata":{"emulator":{"name":"functions"},"function":{"name":"us-central1-api"},"extension":{},"message":"Finished \"us-central1-api\" in 1.146ms"}}
[debug] [2026-06-29T17:43:34.792Z] [worker-us-central1-api-b1a7cdac-c38d-401a-8897-979a89a013cd]: IDLE {"metadata":{"emulator":{"name":"functions"},"function":{"name":"us-central1-api"},"extension":{},"message":"[worker-us-central1-api-b1a7cdac-c38d-401a-8897-979a89a013cd]: IDLE"}}
[debug] [2026-06-29T17:43:34.792Z] Finishing up request with event=finish {"metadata":{"emulator":{"name":"functions"},"function":{"name":"us-central1-api"},"extension":{},"message":"Finishing up request with event=finish"}}
[debug] [2026-06-29T17:43:34.792Z] Finishing up request with event=close {"metadata":{"emulator":{"name":"functions"},"function":{"name":"us-central1-api"},"extension":{},"message":"Finishing up request with event=close"}}
[debug] [2026-06-29T17:43:34.792Z] [work-queue] {"queuedWork":[],"queueLength":0,"runningWork":[],"workRunningCount":0}
[debug] [2026-06-29T17:43:34.793Z] [work-queue] {"queuedWork":["/saegroup-c6487/us-central1/api/jobs/Sv6lQ94QLfwRMdA4r1pJ/companycam-photos-2026-06-29T17:43:34.793Z"],"queueLength":1,"runningWork":[],"workRunningCount":0}
[debug] [2026-06-29T17:43:34.793Z] [work-queue] {"queuedWork":[],"queueLength":0,"runningWork":["/saegroup-c6487/us-central1/api/jobs/Sv6lQ94QLfwRMdA4r1pJ/companycam-photos-2026-06-29T17:43:34.793Z"],"workRunningCount":1}
[debug] [2026-06-29T17:43:34.793Z] Accepted request GET /saegroup-c6487/us-central1/api/jobs/Sv6lQ94QLfwRMdA4r1pJ/companycam-photos --> us-central1-api
[debug] [2026-06-29T17:43:34.794Z] [functions] Runtime ready! Sending request! {"metadata":{"emulator":{"name":"functions"},"message":"[functions] Runtime ready! Sending request!"}}
[debug] [2026-06-29T17:43:34.794Z] [functions] Got req.url=/saegroup-c6487/us-central1/api/jobs/Sv6lQ94QLfwRMdA4r1pJ/companycam-photos, mapping to path=/jobs/Sv6lQ94QLfwRMdA4r1pJ/companycam-photos {"metadata":{"emulator":{"name":"functions"},"message":"[functions] Got req.url=/saegroup-c6487/us-central1/api/jobs/Sv6lQ94QLfwRMdA4r1pJ/companycam-photos, mapping to path=/jobs/Sv6lQ94QLfwRMdA4r1pJ/companycam-photos"}}
[debug] [2026-06-29T17:43:34.794Z] [worker-pool] submitRequest(triggerId=us-central1-api) {"metadata":{"emulator":{"name":"functions"},"message":"[worker-pool] submitRequest(triggerId=us-central1-api)"}}
[info] i  functions: Beginning execution of "us-central1-api" {"metadata":{"emulator":{"name":"functions"},"function":{"name":"us-central1-api"},"extension":{},"message":"Beginning execution of \"us-central1-api\""}}
[debug] [2026-06-29T17:43:34.794Z] [worker-us-central1-api-b1a7cdac-c38d-401a-8897-979a89a013cd]: BUSY {"metadata":{"emulator":{"name":"functions"},"function":{"name":"us-central1-api"},"extension":{},"message":"[worker-us-central1-api-b1a7cdac-c38d-401a-8897-979a89a013cd]: BUSY"}}
[debug] [2026-06-29T17:43:35.196Z] Finishing up request with event=pause {"metadata":{"emulator":{"name":"functions"},"function":{"name":"us-central1-api"},"extension":{},"message":"Finishing up request with event=pause"}}
[info] i  functions: Finished "us-central1-api" in 401.9003ms {"metadata":{"emulator":{"name":"functions"},"function":{"name":"us-central1-api"},"extension":{},"message":"Finished \"us-central1-api\" in 401.9003ms"}}
[debug] [2026-06-29T17:43:35.196Z] [worker-us-central1-api-b1a7cdac-c38d-401a-8897-979a89a013cd]: IDLE {"metadata":{"emulator":{"name":"functions"},"function":{"name":"us-central1-api"},"extension":{},"message":"[worker-us-central1-api-b1a7cdac-c38d-401a-8897-979a89a013cd]: IDLE"}}
[debug] [2026-06-29T17:43:35.196Z] Finishing up request with event=finish {"metadata":{"emulator":{"name":"functions"},"function":{"name":"us-central1-api"},"extension":{},"message":"Finishing up request with event=finish"}}
[debug] [2026-06-29T17:43:35.196Z] Finishing up request with event=close {"metadata":{"emulator":{"name":"functions"},"function":{"name":"us-central1-api"},"extension":{},"message":"Finishing up request with event=close"}}
[debug] [2026-06-29T17:43:35.196Z] [work-queue] {"queuedWork":[],"queueLength":0,"runningWork":[],"workRunningCount":0}
[debug] [2026-06-29T17:43:41.501Z] [work-queue] {"queuedWork":["/saegroup-c6487/us-central1/api/jobs/Sv6lQ94QLfwRMdA4r1pJ/companycam-photos-2026-06-29T17:43:41.501Z"],"queueLength":1,"runningWork":[],"workRunningCount":0}
[debug] [2026-06-29T17:43:41.501Z] [work-queue] {"queuedWork":[],"queueLength":0,"runningWork":["/saegroup-c6487/us-central1/api/jobs/Sv6lQ94QLfwRMdA4r1pJ/companycam-photos-2026-06-29T17:43:41.501Z"],"workRunningCount":1}
[debug] [2026-06-29T17:43:41.501Z] Accepted request OPTIONS /saegroup-c6487/us-central1/api/jobs/Sv6lQ94QLfwRMdA4r1pJ/companycam-photos --> us-central1-api
[debug] [2026-06-29T17:43:41.501Z] [functions] Runtime ready! Sending request! {"metadata":{"emulator":{"name":"functions"},"message":"[functions] Runtime ready! Sending request!"}}
[debug] [2026-06-29T17:43:41.502Z] [functions] Got req.url=/saegroup-c6487/us-central1/api/jobs/Sv6lQ94QLfwRMdA4r1pJ/companycam-photos, mapping to path=/jobs/Sv6lQ94QLfwRMdA4r1pJ/companycam-photos {"metadata":{"emulator":{"name":"functions"},"message":"[functions] Got req.url=/saegroup-c6487/us-central1/api/jobs/Sv6lQ94QLfwRMdA4r1pJ/companycam-photos, mapping to path=/jobs/Sv6lQ94QLfwRMdA4r1pJ/companycam-photos"}}
[debug] [2026-06-29T17:43:41.502Z] [worker-pool] submitRequest(triggerId=us-central1-api) {"metadata":{"emulator":{"name":"functions"},"message":"[worker-pool] submitRequest(triggerId=us-central1-api)"}}
[info] i  functions: Beginning execution of "us-central1-api" {"metadata":{"emulator":{"name":"functions"},"function":{"name":"us-central1-api"},"extension":{},"message":"Beginning execution of \"us-central1-api\""}}
[debug] [2026-06-29T17:43:41.502Z] [worker-us-central1-api-b1a7cdac-c38d-401a-8897-979a89a013cd]: BUSY {"metadata":{"emulator":{"name":"functions"},"function":{"name":"us-central1-api"},"extension":{},"message":"[worker-us-central1-api-b1a7cdac-c38d-401a-8897-979a89a013cd]: BUSY"}}
[debug] [2026-06-29T17:43:41.503Z] Finishing up request with event=pause {"metadata":{"emulator":{"name":"functions"},"function":{"name":"us-central1-api"},"extension":{},"message":"Finishing up request with event=pause"}}
[info] i  functions: Finished "us-central1-api" in 1.0147ms {"metadata":{"emulator":{"name":"functions"},"function":{"name":"us-central1-api"},"extension":{},"message":"Finished \"us-central1-api\" in 1.0147ms"}}
[debug] [2026-06-29T17:43:41.503Z] [worker-us-central1-api-b1a7cdac-c38d-401a-8897-979a89a013cd]: IDLE {"metadata":{"emulator":{"name":"functions"},"function":{"name":"us-central1-api"},"extension":{},"message":"[worker-us-central1-api-b1a7cdac-c38d-401a-8897-979a89a013cd]: IDLE"}}
[debug] [2026-06-29T17:43:41.503Z] Finishing up request with event=finish {"metadata":{"emulator":{"name":"functions"},"function":{"name":"us-central1-api"},"extension":{},"message":"Finishing up request with event=finish"}}
[debug] [2026-06-29T17:43:41.503Z] Finishing up request with event=close {"metadata":{"emulator":{"name":"functions"},"function":{"name":"us-central1-api"},"extension":{},"message":"Finishing up request with event=close"}}
[debug] [2026-06-29T17:43:41.503Z] [work-queue] {"queuedWork":[],"queueLength":0,"runningWork":[],"workRunningCount":0}
[debug] [2026-06-29T17:43:41.504Z] [work-queue] {"queuedWork":["/saegroup-c6487/us-central1/api/jobs/Sv6lQ94QLfwRMdA4r1pJ/companycam-photos-2026-06-29T17:43:41.504Z"],"queueLength":1,"runningWork":[],"workRunningCount":0}
[debug] [2026-06-29T17:43:41.504Z] [work-queue] {"queuedWork":[],"queueLength":0,"runningWork":["/saegroup-c6487/us-central1/api/jobs/Sv6lQ94QLfwRMdA4r1pJ/companycam-photos-2026-06-29T17:43:41.504Z"],"workRunningCount":1}
[debug] [2026-06-29T17:43:41.504Z] Accepted request GET /saegroup-c6487/us-central1/api/jobs/Sv6lQ94QLfwRMdA4r1pJ/companycam-photos --> us-central1-api
[debug] [2026-06-29T17:43:41.505Z] [functions] Runtime ready! Sending request! {"metadata":{"emulator":{"name":"functions"},"message":"[functions] Runtime ready! Sending request!"}}
[debug] [2026-06-29T17:43:41.505Z] [functions] Got req.url=/saegroup-c6487/us-central1/api/jobs/Sv6lQ94QLfwRMdA4r1pJ/companycam-photos, mapping to path=/jobs/Sv6lQ94QLfwRMdA4r1pJ/companycam-photos {"metadata":{"emulator":{"name":"functions"},"message":"[functions] Got req.url=/saegroup-c6487/us-central1/api/jobs/Sv6lQ94QLfwRMdA4r1pJ/companycam-photos, mapping to path=/jobs/Sv6lQ94QLfwRMdA4r1pJ/companycam-photos"}}
[debug] [2026-06-29T17:43:41.505Z] [worker-pool] submitRequest(triggerId=us-central1-api) {"metadata":{"emulator":{"name":"functions"},"message":"[worker-pool] submitRequest(triggerId=us-central1-api)"}}
[info] i  functions: Beginning execution of "us-central1-api" {"metadata":{"emulator":{"name":"functions"},"function":{"name":"us-central1-api"},"extension":{},"message":"Beginning execution of \"us-central1-api\""}}
[debug] [2026-06-29T17:43:41.505Z] [worker-us-central1-api-b1a7cdac-c38d-401a-8897-979a89a013cd]: BUSY {"metadata":{"emulator":{"name":"functions"},"function":{"name":"us-central1-api"},"extension":{},"message":"[worker-us-central1-api-b1a7cdac-c38d-401a-8897-979a89a013cd]: BUSY"}}
[debug] [2026-06-29T17:43:41.811Z] Finishing up request with event=pause {"metadata":{"emulator":{"name":"functions"},"function":{"name":"us-central1-api"},"extension":{},"message":"Finishing up request with event=pause"}}
[info] i  functions: Finished "us-central1-api" in 305.8784ms {"metadata":{"emulator":{"name":"functions"},"function":{"name":"us-central1-api"},"extension":{},"message":"Finished \"us-central1-api\" in 305.8784ms"}}
[debug] [2026-06-29T17:43:41.811Z] [worker-us-central1-api-b1a7cdac-c38d-401a-8897-979a89a013cd]: IDLE {"metadata":{"emulator":{"name":"functions"},"function":{"name":"us-central1-api"},"extension":{},"message":"[worker-us-central1-api-b1a7cdac-c38d-401a-8897-979a89a013cd]: IDLE"}}
[debug] [2026-06-29T17:43:41.811Z] Finishing up request with event=finish {"metadata":{"emulator":{"name":"functions"},"function":{"name":"us-central1-api"},"extension":{},"message":"Finishing up request with event=finish"}}
[debug] [2026-06-29T17:43:41.811Z] Finishing up request with event=close {"metadata":{"emulator":{"name":"functions"},"function":{"name":"us-central1-api"},"extension":{},"message":"Finishing up request with event=close"}}
[debug] [2026-06-29T17:43:41.811Z] [work-queue] {"queuedWork":[],"queueLength":0,"runningWork":[],"workRunningCount":0}
[debug] [2026-06-29T17:44:09.787Z] [work-queue] {"queuedWork":["/saegroup-c6487/us-central1/api/jobs/Sv6lQ94QLfwRMdA4r1pJ/companycam-photos-2026-06-29T17:44:09.787Z"],"queueLength":1,"runningWork":[],"workRunningCount":0}
[debug] [2026-06-29T17:44:09.787Z] [work-queue] {"queuedWork":[],"queueLength":0,"runningWork":["/saegroup-c6487/us-central1/api/jobs/Sv6lQ94QLfwRMdA4r1pJ/companycam-photos-2026-06-29T17:44:09.787Z"],"workRunningCount":1}
[debug] [2026-06-29T17:44:09.787Z] Accepted request OPTIONS /saegroup-c6487/us-central1/api/jobs/Sv6lQ94QLfwRMdA4r1pJ/companycam-photos --> us-central1-api
[debug] [2026-06-29T17:44:09.788Z] [functions] Runtime ready! Sending request! {"metadata":{"emulator":{"name":"functions"},"message":"[functions] Runtime ready! Sending request!"}}
[debug] [2026-06-29T17:44:09.788Z] [functions] Got req.url=/saegroup-c6487/us-central1/api/jobs/Sv6lQ94QLfwRMdA4r1pJ/companycam-photos, mapping to path=/jobs/Sv6lQ94QLfwRMdA4r1pJ/companycam-photos {"metadata":{"emulator":{"name":"functions"},"message":"[functions] Got req.url=/saegroup-c6487/us-central1/api/jobs/Sv6lQ94QLfwRMdA4r1pJ/companycam-photos, mapping to path=/jobs/Sv6lQ94QLfwRMdA4r1pJ/companycam-photos"}}
[debug] [2026-06-29T17:44:09.788Z] [worker-pool] submitRequest(triggerId=us-central1-api) {"metadata":{"emulator":{"name":"functions"},"message":"[worker-pool] submitRequest(triggerId=us-central1-api)"}}
[info] i  functions: Beginning execution of "us-central1-api" {"metadata":{"emulator":{"name":"functions"},"function":{"name":"us-central1-api"},"extension":{},"message":"Beginning execution of \"us-central1-api\""}}
[debug] [2026-06-29T17:44:09.788Z] [worker-us-central1-api-b1a7cdac-c38d-401a-8897-979a89a013cd]: BUSY {"metadata":{"emulator":{"name":"functions"},"function":{"name":"us-central1-api"},"extension":{},"message":"[worker-us-central1-api-b1a7cdac-c38d-401a-8897-979a89a013cd]: BUSY"}}
[debug] [2026-06-29T17:44:09.789Z] Finishing up request with event=pause {"metadata":{"emulator":{"name":"functions"},"function":{"name":"us-central1-api"},"extension":{},"message":"Finishing up request with event=pause"}}
[info] i  functions: Finished "us-central1-api" in 1.1362ms {"metadata":{"emulator":{"name":"functions"},"function":{"name":"us-central1-api"},"extension":{},"message":"Finished \"us-central1-api\" in 1.1362ms"}}
[debug] [2026-06-29T17:44:09.789Z] [worker-us-central1-api-b1a7cdac-c38d-401a-8897-979a89a013cd]: IDLE {"metadata":{"emulator":{"name":"functions"},"function":{"name":"us-central1-api"},"extension":{},"message":"[worker-us-central1-api-b1a7cdac-c38d-401a-8897-979a89a013cd]: IDLE"}}
[debug] [2026-06-29T17:44:09.789Z] Finishing up request with event=finish {"metadata":{"emulator":{"name":"functions"},"function":{"name":"us-central1-api"},"extension":{},"message":"Finishing up request with event=finish"}}
[debug] [2026-06-29T17:44:09.789Z] Finishing up request with event=close {"metadata":{"emulator":{"name":"functions"},"function":{"name":"us-central1-api"},"extension":{},"message":"Finishing up request with event=close"}}
[debug] [2026-06-29T17:44:09.789Z] [work-queue] {"queuedWork":[],"queueLength":0,"runningWork":[],"workRunningCount":0}
[debug] [2026-06-29T17:44:09.791Z] [work-queue] {"queuedWork":["/saegroup-c6487/us-central1/api/jobs/Sv6lQ94QLfwRMdA4r1pJ/companycam-photos-2026-06-29T17:44:09.791Z"],"queueLength":1,"runningWork":[],"workRunningCount":0}
[debug] [2026-06-29T17:44:09.791Z] [work-queue] {"queuedWork":[],"queueLength":0,"runningWork":["/saegroup-c6487/us-central1/api/jobs/Sv6lQ94QLfwRMdA4r1pJ/companycam-photos-2026-06-29T17:44:09.791Z"],"workRunningCount":1}
[debug] [2026-06-29T17:44:09.791Z] Accepted request GET /saegroup-c6487/us-central1/api/jobs/Sv6lQ94QLfwRMdA4r1pJ/companycam-photos --> us-central1-api
[debug] [2026-06-29T17:44:09.792Z] [functions] Runtime ready! Sending request! {"metadata":{"emulator":{"name":"functions"},"message":"[functions] Runtime ready! Sending request!"}}
[debug] [2026-06-29T17:44:09.792Z] [functions] Got req.url=/saegroup-c6487/us-central1/api/jobs/Sv6lQ94QLfwRMdA4r1pJ/companycam-photos, mapping to path=/jobs/Sv6lQ94QLfwRMdA4r1pJ/companycam-photos {"metadata":{"emulator":{"name":"functions"},"message":"[functions] Got req.url=/saegroup-c6487/us-central1/api/jobs/Sv6lQ94QLfwRMdA4r1pJ/companycam-photos, mapping to path=/jobs/Sv6lQ94QLfwRMdA4r1pJ/companycam-photos"}}
[debug] [2026-06-29T17:44:09.792Z] [worker-pool] submitRequest(triggerId=us-central1-api) {"metadata":{"emulator":{"name":"functions"},"message":"[worker-pool] submitRequest(triggerId=us-central1-api)"}}
[info] i  functions: Beginning execution of "us-central1-api" {"metadata":{"emulator":{"name":"functions"},"function":{"name":"us-central1-api"},"extension":{},"message":"Beginning execution of \"us-central1-api\""}}
[debug] [2026-06-29T17:44:09.792Z] [worker-us-central1-api-b1a7cdac-c38d-401a-8897-979a89a013cd]: BUSY {"metadata":{"emulator":{"name":"functions"},"function":{"name":"us-central1-api"},"extension":{},"message":"[worker-us-central1-api-b1a7cdac-c38d-401a-8897-979a89a013cd]: BUSY"}}
[debug] [2026-06-29T17:44:10.122Z] Finishing up request with event=pause {"metadata":{"emulator":{"name":"functions"},"function":{"name":"us-central1-api"},"extension":{},"message":"Finishing up request with event=pause"}}
[info] i  functions: Finished "us-central1-api" in 330.2998ms {"metadata":{"emulator":{"name":"functions"},"function":{"name":"us-central1-api"},"extension":{},"message":"Finished \"us-central1-api\" in 330.2998ms"}}
[debug] [2026-06-29T17:44:10.122Z] [worker-us-central1-api-b1a7cdac-c38d-401a-8897-979a89a013cd]: IDLE {"metadata":{"emulator":{"name":"functions"},"function":{"name":"us-central1-api"},"extension":{},"message":"[worker-us-central1-api-b1a7cdac-c38d-401a-8897-979a89a013cd]: IDLE"}}
[debug] [2026-06-29T17:44:10.122Z] Finishing up request with event=finish {"metadata":{"emulator":{"name":"functions"},"function":{"name":"us-central1-api"},"extension":{},"message":"Finishing up request with event=finish"}}
[debug] [2026-06-29T17:44:10.122Z] Finishing up request with event=close {"metadata":{"emulator":{"name":"functions"},"function":{"name":"us-central1-api"},"extension":{},"message":"Finishing up request with event=close"}}
[debug] [2026-06-29T17:44:10.122Z] [work-queue] {"queuedWork":[],"queueLength":0,"runningWork":[],"workRunningCount":0}
[debug] [2026-06-29T17:45:14.793Z] [work-queue] {"queuedWork":["/saegroup-c6487/us-central1/api/jobs/7M6W2CjK1yK2V1HmAAeZ/companycam-photos-2026-06-29T17:45:14.793Z"],"queueLength":1,"runningWork":[],"workRunningCount":0}
[debug] [2026-06-29T17:45:14.794Z] [work-queue] {"queuedWork":[],"queueLength":0,"runningWork":["/saegroup-c6487/us-central1/api/jobs/7M6W2CjK1yK2V1HmAAeZ/companycam-photos-2026-06-29T17:45:14.793Z"],"workRunningCount":1}
[debug] [2026-06-29T17:45:14.794Z] Accepted request OPTIONS /saegroup-c6487/us-central1/api/jobs/7M6W2CjK1yK2V1HmAAeZ/companycam-photos --> us-central1-api
[debug] [2026-06-29T17:45:14.794Z] [functions] Runtime ready! Sending request! {"metadata":{"emulator":{"name":"functions"},"message":"[functions] Runtime ready! Sending request!"}}
[debug] [2026-06-29T17:45:14.794Z] [functions] Got req.url=/saegroup-c6487/us-central1/api/jobs/7M6W2CjK1yK2V1HmAAeZ/companycam-photos, mapping to path=/jobs/7M6W2CjK1yK2V1HmAAeZ/companycam-photos {"metadata":{"emulator":{"name":"functions"},"message":"[functions] Got req.url=/saegroup-c6487/us-central1/api/jobs/7M6W2CjK1yK2V1HmAAeZ/companycam-photos, mapping to path=/jobs/7M6W2CjK1yK2V1HmAAeZ/companycam-photos"}}
[debug] [2026-06-29T17:45:14.794Z] [worker-pool] submitRequest(triggerId=us-central1-api) {"metadata":{"emulator":{"name":"functions"},"message":"[worker-pool] submitRequest(triggerId=us-central1-api)"}}
[info] i  functions: Beginning execution of "us-central1-api" {"metadata":{"emulator":{"name":"functions"},"function":{"name":"us-central1-api"},"extension":{},"message":"Beginning execution of \"us-central1-api\""}}
[debug] [2026-06-29T17:45:14.795Z] [worker-us-central1-api-b1a7cdac-c38d-401a-8897-979a89a013cd]: BUSY {"metadata":{"emulator":{"name":"functions"},"function":{"name":"us-central1-api"},"extension":{},"message":"[worker-us-central1-api-b1a7cdac-c38d-401a-8897-979a89a013cd]: BUSY"}}
[debug] [2026-06-29T17:45:14.796Z] Finishing up request with event=pause {"metadata":{"emulator":{"name":"functions"},"function":{"name":"us-central1-api"},"extension":{},"message":"Finishing up request with event=pause"}}
[info] i  functions: Finished "us-central1-api" in 1.1123ms {"metadata":{"emulator":{"name":"functions"},"function":{"name":"us-central1-api"},"extension":{},"message":"Finished \"us-central1-api\" in 1.1123ms"}}
[debug] [2026-06-29T17:45:14.796Z] [worker-us-central1-api-b1a7cdac-c38d-401a-8897-979a89a013cd]: IDLE {"metadata":{"emulator":{"name":"functions"},"function":{"name":"us-central1-api"},"extension":{},"message":"[worker-us-central1-api-b1a7cdac-c38d-401a-8897-979a89a013cd]: IDLE"}}
[debug] [2026-06-29T17:45:14.796Z] Finishing up request with event=finish {"metadata":{"emulator":{"name":"functions"},"function":{"name":"us-central1-api"},"extension":{},"message":"Finishing up request with event=finish"}}
[debug] [2026-06-29T17:45:14.796Z] Finishing up request with event=close {"metadata":{"emulator":{"name":"functions"},"function":{"name":"us-central1-api"},"extension":{},"message":"Finishing up request with event=close"}}
[debug] [2026-06-29T17:45:14.796Z] [work-queue] {"queuedWork":[],"queueLength":0,"runningWork":[],"workRunningCount":0}
[debug] [2026-06-29T17:45:14.797Z] [work-queue] {"queuedWork":["/saegroup-c6487/us-central1/api/jobs/7M6W2CjK1yK2V1HmAAeZ/companycam-photos-2026-06-29T17:45:14.797Z"],"queueLength":1,"runningWork":[],"workRunningCount":0}
[debug] [2026-06-29T17:45:14.797Z] [work-queue] {"queuedWork":[],"queueLength":0,"runningWork":["/saegroup-c6487/us-central1/api/jobs/7M6W2CjK1yK2V1HmAAeZ/companycam-photos-2026-06-29T17:45:14.797Z"],"workRunningCount":1}
[debug] [2026-06-29T17:45:14.797Z] Accepted request GET /saegroup-c6487/us-central1/api/jobs/7M6W2CjK1yK2V1HmAAeZ/companycam-photos --> us-central1-api
[debug] [2026-06-29T17:45:14.798Z] [functions] Runtime ready! Sending request! {"metadata":{"emulator":{"name":"functions"},"message":"[functions] Runtime ready! Sending request!"}}
[debug] [2026-06-29T17:45:14.798Z] [functions] Got req.url=/saegroup-c6487/us-central1/api/jobs/7M6W2CjK1yK2V1HmAAeZ/companycam-photos, mapping to path=/jobs/7M6W2CjK1yK2V1HmAAeZ/companycam-photos {"metadata":{"emulator":{"name":"functions"},"message":"[functions] Got req.url=/saegroup-c6487/us-central1/api/jobs/7M6W2CjK1yK2V1HmAAeZ/companycam-photos, mapping to path=/jobs/7M6W2CjK1yK2V1HmAAeZ/companycam-photos"}}
[debug] [2026-06-29T17:45:14.798Z] [worker-pool] submitRequest(triggerId=us-central1-api) {"metadata":{"emulator":{"name":"functions"},"message":"[worker-pool] submitRequest(triggerId=us-central1-api)"}}
[info] i  functions: Beginning execution of "us-central1-api" {"metadata":{"emulator":{"name":"functions"},"function":{"name":"us-central1-api"},"extension":{},"message":"Beginning execution of \"us-central1-api\""}}
[debug] [2026-06-29T17:45:14.798Z] [worker-us-central1-api-b1a7cdac-c38d-401a-8897-979a89a013cd]: BUSY {"metadata":{"emulator":{"name":"functions"},"function":{"name":"us-central1-api"},"extension":{},"message":"[worker-us-central1-api-b1a7cdac-c38d-401a-8897-979a89a013cd]: BUSY"}}
[debug] [2026-06-29T17:45:15.168Z] Finishing up request with event=pause {"metadata":{"emulator":{"name":"functions"},"function":{"name":"us-central1-api"},"extension":{},"message":"Finishing up request with event=pause"}}
[info] i  functions: Finished "us-central1-api" in 369.6566ms {"metadata":{"emulator":{"name":"functions"},"function":{"name":"us-central1-api"},"extension":{},"message":"Finished \"us-central1-api\" in 369.6566ms"}}
[debug] [2026-06-29T17:45:15.168Z] [worker-us-central1-api-b1a7cdac-c38d-401a-8897-979a89a013cd]: IDLE {"metadata":{"emulator":{"name":"functions"},"function":{"name":"us-central1-api"},"extension":{},"message":"[worker-us-central1-api-b1a7cdac-c38d-401a-8897-979a89a013cd]: IDLE"}}
[debug] [2026-06-29T17:45:15.168Z] Finishing up request with event=finish {"metadata":{"emulator":{"name":"functions"},"function":{"name":"us-central1-api"},"extension":{},"message":"Finishing up request with event=finish"}}
[debug] [2026-06-29T17:45:15.168Z] Finishing up request with event=close {"metadata":{"emulator":{"name":"functions"},"function":{"name":"us-central1-api"},"extension":{},"message":"Finishing up request with event=close"}}
[debug] [2026-06-29T17:45:15.168Z] [work-queue] {"queuedWork":[],"queueLength":0,"runningWork":[],"workRunningCount":0}
[debug] [2026-06-29T17:45:22.804Z] [work-queue] {"queuedWork":["/saegroup-c6487/us-central1/api/jobs/7M6W2CjK1yK2V1HmAAeZ/companycam-photos-2026-06-29T17:45:22.804Z"],"queueLength":1,"runningWork":[],"workRunningCount":0}
[debug] [2026-06-29T17:45:22.804Z] [work-queue] {"queuedWork":[],"queueLength":0,"runningWork":["/saegroup-c6487/us-central1/api/jobs/7M6W2CjK1yK2V1HmAAeZ/companycam-photos-2026-06-29T17:45:22.804Z"],"workRunningCount":1}
[debug] [2026-06-29T17:45:22.804Z] Accepted request OPTIONS /saegroup-c6487/us-central1/api/jobs/7M6W2CjK1yK2V1HmAAeZ/companycam-photos --> us-central1-api
[debug] [2026-06-29T17:45:22.804Z] [functions] Runtime ready! Sending request! {"metadata":{"emulator":{"name":"functions"},"message":"[functions] Runtime ready! Sending request!"}}
[debug] [2026-06-29T17:45:22.804Z] [functions] Got req.url=/saegroup-c6487/us-central1/api/jobs/7M6W2CjK1yK2V1HmAAeZ/companycam-photos, mapping to path=/jobs/7M6W2CjK1yK2V1HmAAeZ/companycam-photos {"metadata":{"emulator":{"name":"functions"},"message":"[functions] Got req.url=/saegroup-c6487/us-central1/api/jobs/7M6W2CjK1yK2V1HmAAeZ/companycam-photos, mapping to path=/jobs/7M6W2CjK1yK2V1HmAAeZ/companycam-photos"}}
[debug] [2026-06-29T17:45:22.805Z] [worker-pool] submitRequest(triggerId=us-central1-api) {"metadata":{"emulator":{"name":"functions"},"message":"[worker-pool] submitRequest(triggerId=us-central1-api)"}}
[info] i  functions: Beginning execution of "us-central1-api" {"metadata":{"emulator":{"name":"functions"},"function":{"name":"us-central1-api"},"extension":{},"message":"Beginning execution of \"us-central1-api\""}}
[debug] [2026-06-29T17:45:22.805Z] [worker-us-central1-api-b1a7cdac-c38d-401a-8897-979a89a013cd]: BUSY {"metadata":{"emulator":{"name":"functions"},"function":{"name":"us-central1-api"},"extension":{},"message":"[worker-us-central1-api-b1a7cdac-c38d-401a-8897-979a89a013cd]: BUSY"}}
[debug] [2026-06-29T17:45:22.806Z] Finishing up request with event=pause {"metadata":{"emulator":{"name":"functions"},"function":{"name":"us-central1-api"},"extension":{},"message":"Finishing up request with event=pause"}}
[info] i  functions: Finished "us-central1-api" in 1.0261ms {"metadata":{"emulator":{"name":"functions"},"function":{"name":"us-central1-api"},"extension":{},"message":"Finished \"us-central1-api\" in 1.0261ms"}}
[debug] [2026-06-29T17:45:22.806Z] [worker-us-central1-api-b1a7cdac-c38d-401a-8897-979a89a013cd]: IDLE {"metadata":{"emulator":{"name":"functions"},"function":{"name":"us-central1-api"},"extension":{},"message":"[worker-us-central1-api-b1a7cdac-c38d-401a-8897-979a89a013cd]: IDLE"}}
[debug] [2026-06-29T17:45:22.806Z] Finishing up request with event=finish {"metadata":{"emulator":{"name":"functions"},"function":{"name":"us-central1-api"},"extension":{},"message":"Finishing up request with event=finish"}}
[debug] [2026-06-29T17:45:22.806Z] Finishing up request with event=close {"metadata":{"emulator":{"name":"functions"},"function":{"name":"us-central1-api"},"extension":{},"message":"Finishing up request with event=close"}}
[debug] [2026-06-29T17:45:22.806Z] [work-queue] {"queuedWork":[],"queueLength":0,"runningWork":[],"workRunningCount":0}
[debug] [2026-06-29T17:45:22.807Z] [work-queue] {"queuedWork":["/saegroup-c6487/us-central1/api/jobs/7M6W2CjK1yK2V1HmAAeZ/companycam-photos-2026-06-29T17:45:22.807Z"],"queueLength":1,"runningWork":[],"workRunningCount":0}
[debug] [2026-06-29T17:45:22.807Z] [work-queue] {"queuedWork":[],"queueLength":0,"runningWork":["/saegroup-c6487/us-central1/api/jobs/7M6W2CjK1yK2V1HmAAeZ/companycam-photos-2026-06-29T17:45:22.807Z"],"workRunningCount":1}
[debug] [2026-06-29T17:45:22.807Z] Accepted request GET /saegroup-c6487/us-central1/api/jobs/7M6W2CjK1yK2V1HmAAeZ/companycam-photos --> us-central1-api
[debug] [2026-06-29T17:45:22.808Z] [functions] Runtime ready! Sending request! {"metadata":{"emulator":{"name":"functions"},"message":"[functions] Runtime ready! Sending request!"}}
[debug] [2026-06-29T17:45:22.808Z] [functions] Got req.url=/saegroup-c6487/us-central1/api/jobs/7M6W2CjK1yK2V1HmAAeZ/companycam-photos, mapping to path=/jobs/7M6W2CjK1yK2V1HmAAeZ/companycam-photos {"metadata":{"emulator":{"name":"functions"},"message":"[functions] Got req.url=/saegroup-c6487/us-central1/api/jobs/7M6W2CjK1yK2V1HmAAeZ/companycam-photos, mapping to path=/jobs/7M6W2CjK1yK2V1HmAAeZ/companycam-photos"}}
[debug] [2026-06-29T17:45:22.808Z] [worker-pool] submitRequest(triggerId=us-central1-api) {"metadata":{"emulator":{"name":"functions"},"message":"[worker-pool] submitRequest(triggerId=us-central1-api)"}}
[info] i  functions: Beginning execution of "us-central1-api" {"metadata":{"emulator":{"name":"functions"},"function":{"name":"us-central1-api"},"extension":{},"message":"Beginning execution of \"us-central1-api\""}}
[debug] [2026-06-29T17:45:22.808Z] [worker-us-central1-api-b1a7cdac-c38d-401a-8897-979a89a013cd]: BUSY {"metadata":{"emulator":{"name":"functions"},"function":{"name":"us-central1-api"},"extension":{},"message":"[worker-us-central1-api-b1a7cdac-c38d-401a-8897-979a89a013cd]: BUSY"}}
[debug] [2026-06-29T17:45:23.913Z] [work-queue] {"queuedWork":["/saegroup-c6487/us-central1/api/jobs/Sv6lQ94QLfwRMdA4r1pJ/companycam-photos-2026-06-29T17:45:23.913Z"],"queueLength":1,"runningWork":["/saegroup-c6487/us-central1/api/jobs/7M6W2CjK1yK2V1HmAAeZ/companycam-photos-2026-06-29T17:45:22.807Z"],"workRunningCount":1}
[debug] [2026-06-29T17:45:23.913Z] [work-queue] {"queuedWork":[],"queueLength":0,"runningWork":["/saegroup-c6487/us-central1/api/jobs/7M6W2CjK1yK2V1HmAAeZ/companycam-photos-2026-06-29T17:45:22.807Z","/saegroup-c6487/us-central1/api/jobs/Sv6lQ94QLfwRMdA4r1pJ/companycam-photos-2026-06-29T17:45:23.913Z"],"workRunningCount":2}
[debug] [2026-06-29T17:45:23.913Z] Accepted request OPTIONS /saegroup-c6487/us-central1/api/jobs/Sv6lQ94QLfwRMdA4r1pJ/companycam-photos --> us-central1-api
[debug] [2026-06-29T17:45:23.914Z] [functions] Runtime ready! Sending request! {"metadata":{"emulator":{"name":"functions"},"message":"[functions] Runtime ready! Sending request!"}}
[debug] [2026-06-29T17:45:23.914Z] [functions] Got req.url=/saegroup-c6487/us-central1/api/jobs/Sv6lQ94QLfwRMdA4r1pJ/companycam-photos, mapping to path=/jobs/Sv6lQ94QLfwRMdA4r1pJ/companycam-photos {"metadata":{"emulator":{"name":"functions"},"message":"[functions] Got req.url=/saegroup-c6487/us-central1/api/jobs/Sv6lQ94QLfwRMdA4r1pJ/companycam-photos, mapping to path=/jobs/Sv6lQ94QLfwRMdA4r1pJ/companycam-photos"}}
[debug] [2026-06-29T17:45:23.914Z] [worker-pool] submitRequest(triggerId=us-central1-api) {"metadata":{"emulator":{"name":"functions"},"message":"[worker-pool] submitRequest(triggerId=us-central1-api)"}}
[info] i  functions: Beginning execution of "us-central1-api" {"metadata":{"emulator":{"name":"functions"},"function":{"name":"us-central1-api"},"extension":{},"message":"Beginning execution of \"us-central1-api\""}}
[debug] [2026-06-29T17:45:23.914Z] [worker-us-central1-api-3a25aafa-2840-4c6c-a49d-4ff19590c2d4]: BUSY {"metadata":{"emulator":{"name":"functions"},"function":{"name":"us-central1-api"},"extension":{},"message":"[worker-us-central1-api-3a25aafa-2840-4c6c-a49d-4ff19590c2d4]: BUSY"}}
[debug] [2026-06-29T17:45:23.938Z] Finishing up request with event=pause {"metadata":{"emulator":{"name":"functions"},"function":{"name":"us-central1-api"},"extension":{},"message":"Finishing up request with event=pause"}}
[info] i  functions: Finished "us-central1-api" in 23.9895ms {"metadata":{"emulator":{"name":"functions"},"function":{"name":"us-central1-api"},"extension":{},"message":"Finished \"us-central1-api\" in 23.9895ms"}}
[debug] [2026-06-29T17:45:23.938Z] [worker-us-central1-api-3a25aafa-2840-4c6c-a49d-4ff19590c2d4]: IDLE {"metadata":{"emulator":{"name":"functions"},"function":{"name":"us-central1-api"},"extension":{},"message":"[worker-us-central1-api-3a25aafa-2840-4c6c-a49d-4ff19590c2d4]: IDLE"}}
[debug] [2026-06-29T17:45:23.938Z] Finishing up request with event=finish {"metadata":{"emulator":{"name":"functions"},"function":{"name":"us-central1-api"},"extension":{},"message":"Finishing up request with event=finish"}}
[debug] [2026-06-29T17:45:23.938Z] Finishing up request with event=close {"metadata":{"emulator":{"name":"functions"},"function":{"name":"us-central1-api"},"extension":{},"message":"Finishing up request with event=close"}}
[debug] [2026-06-29T17:45:23.938Z] [work-queue] {"queuedWork":[],"queueLength":0,"runningWork":["/saegroup-c6487/us-central1/api/jobs/7M6W2CjK1yK2V1HmAAeZ/companycam-photos-2026-06-29T17:45:22.807Z"],"workRunningCount":1}
[debug] [2026-06-29T17:45:23.939Z] [work-queue] {"queuedWork":["/saegroup-c6487/us-central1/api/jobs/Sv6lQ94QLfwRMdA4r1pJ/companycam-photos-2026-06-29T17:45:23.939Z"],"queueLength":1,"runningWork":["/saegroup-c6487/us-central1/api/jobs/7M6W2CjK1yK2V1HmAAeZ/companycam-photos-2026-06-29T17:45:22.807Z"],"workRunningCount":1}
[debug] [2026-06-29T17:45:23.939Z] [work-queue] {"queuedWork":[],"queueLength":0,"runningWork":["/saegroup-c6487/us-central1/api/jobs/7M6W2CjK1yK2V1HmAAeZ/companycam-photos-2026-06-29T17:45:22.807Z","/saegroup-c6487/us-central1/api/jobs/Sv6lQ94QLfwRMdA4r1pJ/companycam-photos-2026-06-29T17:45:23.939Z"],"workRunningCount":2}
[debug] [2026-06-29T17:45:23.939Z] Accepted request GET /saegroup-c6487/us-central1/api/jobs/Sv6lQ94QLfwRMdA4r1pJ/companycam-photos --> us-central1-api
[debug] [2026-06-29T17:45:23.940Z] [functions] Runtime ready! Sending request! {"metadata":{"emulator":{"name":"functions"},"message":"[functions] Runtime ready! Sending request!"}}
[debug] [2026-06-29T17:45:23.940Z] [functions] Got req.url=/saegroup-c6487/us-central1/api/jobs/Sv6lQ94QLfwRMdA4r1pJ/companycam-photos, mapping to path=/jobs/Sv6lQ94QLfwRMdA4r1pJ/companycam-photos {"metadata":{"emulator":{"name":"functions"},"message":"[functions] Got req.url=/saegroup-c6487/us-central1/api/jobs/Sv6lQ94QLfwRMdA4r1pJ/companycam-photos, mapping to path=/jobs/Sv6lQ94QLfwRMdA4r1pJ/companycam-photos"}}
[debug] [2026-06-29T17:45:23.940Z] [worker-pool] submitRequest(triggerId=us-central1-api) {"metadata":{"emulator":{"name":"functions"},"message":"[worker-pool] submitRequest(triggerId=us-central1-api)"}}
[info] i  functions: Beginning execution of "us-central1-api" {"metadata":{"emulator":{"name":"functions"},"function":{"name":"us-central1-api"},"extension":{},"message":"Beginning execution of \"us-central1-api\""}}
[debug] [2026-06-29T17:45:23.940Z] [worker-us-central1-api-3a25aafa-2840-4c6c-a49d-4ff19590c2d4]: BUSY {"metadata":{"emulator":{"name":"functions"},"function":{"name":"us-central1-api"},"extension":{},"message":"[worker-us-central1-api-3a25aafa-2840-4c6c-a49d-4ff19590c2d4]: BUSY"}}
[debug] [2026-06-29T17:45:24.168Z] Finishing up request with event=pause {"metadata":{"emulator":{"name":"functions"},"function":{"name":"us-central1-api"},"extension":{},"message":"Finishing up request with event=pause"}}
[info] i  functions: Finished "us-central1-api" in 1360.1698999999999ms {"metadata":{"emulator":{"name":"functions"},"function":{"name":"us-central1-api"},"extension":{},"message":"Finished \"us-central1-api\" in 1360.1698999999999ms"}}
[debug] [2026-06-29T17:45:24.168Z] [worker-us-central1-api-b1a7cdac-c38d-401a-8897-979a89a013cd]: IDLE {"metadata":{"emulator":{"name":"functions"},"function":{"name":"us-central1-api"},"extension":{},"message":"[worker-us-central1-api-b1a7cdac-c38d-401a-8897-979a89a013cd]: IDLE"}}
[debug] [2026-06-29T17:45:24.168Z] Finishing up request with event=finish {"metadata":{"emulator":{"name":"functions"},"function":{"name":"us-central1-api"},"extension":{},"message":"Finishing up request with event=finish"}}
[debug] [2026-06-29T17:45:24.168Z] Finishing up request with event=close {"metadata":{"emulator":{"name":"functions"},"function":{"name":"us-central1-api"},"extension":{},"message":"Finishing up request with event=close"}}
[debug] [2026-06-29T17:45:24.168Z] [work-queue] {"queuedWork":[],"queueLength":0,"runningWork":["/saegroup-c6487/us-central1/api/jobs/Sv6lQ94QLfwRMdA4r1pJ/companycam-photos-2026-06-29T17:45:23.939Z"],"workRunningCount":1}
[warn] !  Google API requested!
   - URL: "https://oauth2.googleapis.com/token"
   - Be careful, this may be a production service. {"metadata":{"emulator":{"name":"functions"},"function":{"name":"us-central1-api"},"extension":{},"message":"Google API requested!\n   - URL: \"https://oauth2.googleapis.com/token\"\n   - Be careful, this may be a production service."}}
[debug] [2026-06-29T17:45:25.239Z] [work-queue] {"queuedWork":["/saegroup-c6487/us-central1/api/jobs/H9Wl6ariiHRIVnmNm0DM/companycam-photos-2026-06-29T17:45:25.239Z"],"queueLength":1,"runningWork":["/saegroup-c6487/us-central1/api/jobs/Sv6lQ94QLfwRMdA4r1pJ/companycam-photos-2026-06-29T17:45:23.939Z"],"workRunningCount":1}
[debug] [2026-06-29T17:45:25.240Z] [work-queue] {"queuedWork":[],"queueLength":0,"runningWork":["/saegroup-c6487/us-central1/api/jobs/Sv6lQ94QLfwRMdA4r1pJ/companycam-photos-2026-06-29T17:45:23.939Z","/saegroup-c6487/us-central1/api/jobs/H9Wl6ariiHRIVnmNm0DM/companycam-photos-2026-06-29T17:45:25.239Z"],"workRunningCount":2}
[debug] [2026-06-29T17:45:25.240Z] Accepted request OPTIONS /saegroup-c6487/us-central1/api/jobs/H9Wl6ariiHRIVnmNm0DM/companycam-photos --> us-central1-api
[debug] [2026-06-29T17:45:25.240Z] [functions] Runtime ready! Sending request! {"metadata":{"emulator":{"name":"functions"},"message":"[functions] Runtime ready! Sending request!"}}
[debug] [2026-06-29T17:45:25.240Z] [functions] Got req.url=/saegroup-c6487/us-central1/api/jobs/H9Wl6ariiHRIVnmNm0DM/companycam-photos, mapping to path=/jobs/H9Wl6ariiHRIVnmNm0DM/companycam-photos {"metadata":{"emulator":{"name":"functions"},"message":"[functions] Got req.url=/saegroup-c6487/us-central1/api/jobs/H9Wl6ariiHRIVnmNm0DM/companycam-photos, mapping to path=/jobs/H9Wl6ariiHRIVnmNm0DM/companycam-photos"}}
[debug] [2026-06-29T17:45:25.241Z] [worker-pool] submitRequest(triggerId=us-central1-api) {"metadata":{"emulator":{"name":"functions"},"message":"[worker-pool] submitRequest(triggerId=us-central1-api)"}}
[info] i  functions: Beginning execution of "us-central1-api" {"metadata":{"emulator":{"name":"functions"},"function":{"name":"us-central1-api"},"extension":{},"message":"Beginning execution of \"us-central1-api\""}}
[debug] [2026-06-29T17:45:25.241Z] [worker-us-central1-api-b1a7cdac-c38d-401a-8897-979a89a013cd]: BUSY {"metadata":{"emulator":{"name":"functions"},"function":{"name":"us-central1-api"},"extension":{},"message":"[worker-us-central1-api-b1a7cdac-c38d-401a-8897-979a89a013cd]: BUSY"}}
[debug] [2026-06-29T17:45:25.242Z] Finishing up request with event=pause {"metadata":{"emulator":{"name":"functions"},"function":{"name":"us-central1-api"},"extension":{},"message":"Finishing up request with event=pause"}}
[info] i  functions: Finished "us-central1-api" in 0.9985ms {"metadata":{"emulator":{"name":"functions"},"function":{"name":"us-central1-api"},"extension":{},"message":"Finished \"us-central1-api\" in 0.9985ms"}}
[debug] [2026-06-29T17:45:25.242Z] [worker-us-central1-api-b1a7cdac-c38d-401a-8897-979a89a013cd]: IDLE {"metadata":{"emulator":{"name":"functions"},"function":{"name":"us-central1-api"},"extension":{},"message":"[worker-us-central1-api-b1a7cdac-c38d-401a-8897-979a89a013cd]: IDLE"}}
[debug] [2026-06-29T17:45:25.242Z] Finishing up request with event=finish {"metadata":{"emulator":{"name":"functions"},"function":{"name":"us-central1-api"},"extension":{},"message":"Finishing up request with event=finish"}}
[debug] [2026-06-29T17:45:25.242Z] Finishing up request with event=close {"metadata":{"emulator":{"name":"functions"},"function":{"name":"us-central1-api"},"extension":{},"message":"Finishing up request with event=close"}}
[debug] [2026-06-29T17:45:25.242Z] [work-queue] {"queuedWork":[],"queueLength":0,"runningWork":["/saegroup-c6487/us-central1/api/jobs/Sv6lQ94QLfwRMdA4r1pJ/companycam-photos-2026-06-29T17:45:23.939Z"],"workRunningCount":1}
[debug] [2026-06-29T17:45:25.243Z] [work-queue] {"queuedWork":["/saegroup-c6487/us-central1/api/jobs/H9Wl6ariiHRIVnmNm0DM/companycam-photos-2026-06-29T17:45:25.243Z"],"queueLength":1,"runningWork":["/saegroup-c6487/us-central1/api/jobs/Sv6lQ94QLfwRMdA4r1pJ/companycam-photos-2026-06-29T17:45:23.939Z"],"workRunningCount":1}
[debug] [2026-06-29T17:45:25.243Z] [work-queue] {"queuedWork":[],"queueLength":0,"runningWork":["/saegroup-c6487/us-central1/api/jobs/Sv6lQ94QLfwRMdA4r1pJ/companycam-photos-2026-06-29T17:45:23.939Z","/saegroup-c6487/us-central1/api/jobs/H9Wl6ariiHRIVnmNm0DM/companycam-photos-2026-06-29T17:45:25.243Z"],"workRunningCount":2}
[debug] [2026-06-29T17:45:25.243Z] Accepted request GET /saegroup-c6487/us-central1/api/jobs/H9Wl6ariiHRIVnmNm0DM/companycam-photos --> us-central1-api
[debug] [2026-06-29T17:45:25.244Z] [functions] Runtime ready! Sending request! {"metadata":{"emulator":{"name":"functions"},"message":"[functions] Runtime ready! Sending request!"}}
[debug] [2026-06-29T17:45:25.244Z] [functions] Got req.url=/saegroup-c6487/us-central1/api/jobs/H9Wl6ariiHRIVnmNm0DM/companycam-photos, mapping to path=/jobs/H9Wl6ariiHRIVnmNm0DM/companycam-photos {"metadata":{"emulator":{"name":"functions"},"message":"[functions] Got req.url=/saegroup-c6487/us-central1/api/jobs/H9Wl6ariiHRIVnmNm0DM/companycam-photos, mapping to path=/jobs/H9Wl6ariiHRIVnmNm0DM/companycam-photos"}}
[debug] [2026-06-29T17:45:25.244Z] [worker-pool] submitRequest(triggerId=us-central1-api) {"metadata":{"emulator":{"name":"functions"},"message":"[worker-pool] submitRequest(triggerId=us-central1-api)"}}
[info] i  functions: Beginning execution of "us-central1-api" {"metadata":{"emulator":{"name":"functions"},"function":{"name":"us-central1-api"},"extension":{},"message":"Beginning execution of \"us-central1-api\""}}
[debug] [2026-06-29T17:45:25.244Z] [worker-us-central1-api-b1a7cdac-c38d-401a-8897-979a89a013cd]: BUSY {"metadata":{"emulator":{"name":"functions"},"function":{"name":"us-central1-api"},"extension":{},"message":"[worker-us-central1-api-b1a7cdac-c38d-401a-8897-979a89a013cd]: BUSY"}}
[debug] [2026-06-29T17:45:25.466Z] Finishing up request with event=pause {"metadata":{"emulator":{"name":"functions"},"function":{"name":"us-central1-api"},"extension":{},"message":"Finishing up request with event=pause"}}
[info] i  functions: Finished "us-central1-api" in 1526.2631000000001ms {"metadata":{"emulator":{"name":"functions"},"function":{"name":"us-central1-api"},"extension":{},"message":"Finished \"us-central1-api\" in 1526.2631000000001ms"}}
[debug] [2026-06-29T17:45:25.467Z] [worker-us-central1-api-3a25aafa-2840-4c6c-a49d-4ff19590c2d4]: IDLE {"metadata":{"emulator":{"name":"functions"},"function":{"name":"us-central1-api"},"extension":{},"message":"[worker-us-central1-api-3a25aafa-2840-4c6c-a49d-4ff19590c2d4]: IDLE"}}
[debug] [2026-06-29T17:45:25.467Z] Finishing up request with event=finish {"metadata":{"emulator":{"name":"functions"},"function":{"name":"us-central1-api"},"extension":{},"message":"Finishing up request with event=finish"}}
[debug] [2026-06-29T17:45:25.467Z] Finishing up request with event=close {"metadata":{"emulator":{"name":"functions"},"function":{"name":"us-central1-api"},"extension":{},"message":"Finishing up request with event=close"}}
[debug] [2026-06-29T17:45:25.467Z] [work-queue] {"queuedWork":[],"queueLength":0,"runningWork":["/saegroup-c6487/us-central1/api/jobs/H9Wl6ariiHRIVnmNm0DM/companycam-photos-2026-06-29T17:45:25.243Z"],"workRunningCount":1}
[debug] [2026-06-29T17:45:25.486Z] Finishing up request with event=pause {"metadata":{"emulator":{"name":"functions"},"function":{"name":"us-central1-api"},"extension":{},"message":"Finishing up request with event=pause"}}
[info] i  functions: Finished "us-central1-api" in 242.3805ms {"metadata":{"emulator":{"name":"functions"},"function":{"name":"us-central1-api"},"extension":{},"message":"Finished \"us-central1-api\" in 242.3805ms"}}
[debug] [2026-06-29T17:45:25.486Z] [worker-us-central1-api-b1a7cdac-c38d-401a-8897-979a89a013cd]: IDLE {"metadata":{"emulator":{"name":"functions"},"function":{"name":"us-central1-api"},"extension":{},"message":"[worker-us-central1-api-b1a7cdac-c38d-401a-8897-979a89a013cd]: IDLE"}}
[debug] [2026-06-29T17:45:25.486Z] Finishing up request with event=finish {"metadata":{"emulator":{"name":"functions"},"function":{"name":"us-central1-api"},"extension":{},"message":"Finishing up request with event=finish"}}
[debug] [2026-06-29T17:45:25.486Z] Finishing up request with event=close {"metadata":{"emulator":{"name":"functions"},"function":{"name":"us-central1-api"},"extension":{},"message":"Finishing up request with event=close"}}
[debug] [2026-06-29T17:45:25.486Z] [work-queue] {"queuedWork":[],"queueLength":0,"runningWork":[],"workRunningCount":0}
[debug] [2026-06-29T17:46:31.770Z] [work-queue] {"queuedWork":["/saegroup-c6487/us-central1/api/jobs/Sv6lQ94QLfwRMdA4r1pJ/companycam-photos-2026-06-29T17:46:31.770Z"],"queueLength":1,"runningWork":[],"workRunningCount":0}
[debug] [2026-06-29T17:46:31.770Z] [work-queue] {"queuedWork":[],"queueLength":0,"runningWork":["/saegroup-c6487/us-central1/api/jobs/Sv6lQ94QLfwRMdA4r1pJ/companycam-photos-2026-06-29T17:46:31.770Z"],"workRunningCount":1}
[debug] [2026-06-29T17:46:31.770Z] Accepted request OPTIONS /saegroup-c6487/us-central1/api/jobs/Sv6lQ94QLfwRMdA4r1pJ/companycam-photos --> us-central1-api
[debug] [2026-06-29T17:46:31.771Z] [functions] Runtime ready! Sending request! {"metadata":{"emulator":{"name":"functions"},"message":"[functions] Runtime ready! Sending request!"}}
[debug] [2026-06-29T17:46:31.771Z] [functions] Got req.url=/saegroup-c6487/us-central1/api/jobs/Sv6lQ94QLfwRMdA4r1pJ/companycam-photos, mapping to path=/jobs/Sv6lQ94QLfwRMdA4r1pJ/companycam-photos {"metadata":{"emulator":{"name":"functions"},"message":"[functions] Got req.url=/saegroup-c6487/us-central1/api/jobs/Sv6lQ94QLfwRMdA4r1pJ/companycam-photos, mapping to path=/jobs/Sv6lQ94QLfwRMdA4r1pJ/companycam-photos"}}
[debug] [2026-06-29T17:46:31.771Z] [worker-pool] submitRequest(triggerId=us-central1-api) {"metadata":{"emulator":{"name":"functions"},"message":"[worker-pool] submitRequest(triggerId=us-central1-api)"}}
[info] i  functions: Beginning execution of "us-central1-api" {"metadata":{"emulator":{"name":"functions"},"function":{"name":"us-central1-api"},"extension":{},"message":"Beginning execution of \"us-central1-api\""}}
[debug] [2026-06-29T17:46:31.771Z] [worker-us-central1-api-b1a7cdac-c38d-401a-8897-979a89a013cd]: BUSY {"metadata":{"emulator":{"name":"functions"},"function":{"name":"us-central1-api"},"extension":{},"message":"[worker-us-central1-api-b1a7cdac-c38d-401a-8897-979a89a013cd]: BUSY"}}
[debug] [2026-06-29T17:46:31.772Z] Finishing up request with event=pause {"metadata":{"emulator":{"name":"functions"},"function":{"name":"us-central1-api"},"extension":{},"message":"Finishing up request with event=pause"}}
[info] i  functions: Finished "us-central1-api" in 0.9601ms {"metadata":{"emulator":{"name":"functions"},"function":{"name":"us-central1-api"},"extension":{},"message":"Finished \"us-central1-api\" in 0.9601ms"}}
[debug] [2026-06-29T17:46:31.773Z] [worker-us-central1-api-b1a7cdac-c38d-401a-8897-979a89a013cd]: IDLE {"metadata":{"emulator":{"name":"functions"},"function":{"name":"us-central1-api"},"extension":{},"message":"[worker-us-central1-api-b1a7cdac-c38d-401a-8897-979a89a013cd]: IDLE"}}
[debug] [2026-06-29T17:46:31.773Z] Finishing up request with event=finish {"metadata":{"emulator":{"name":"functions"},"function":{"name":"us-central1-api"},"extension":{},"message":"Finishing up request with event=finish"}}
[debug] [2026-06-29T17:46:31.773Z] Finishing up request with event=close {"metadata":{"emulator":{"name":"functions"},"function":{"name":"us-central1-api"},"extension":{},"message":"Finishing up request with event=close"}}
[debug] [2026-06-29T17:46:31.773Z] [work-queue] {"queuedWork":[],"queueLength":0,"runningWork":[],"workRunningCount":0}
[debug] [2026-06-29T17:46:31.774Z] [work-queue] {"queuedWork":["/saegroup-c6487/us-central1/api/jobs/Sv6lQ94QLfwRMdA4r1pJ/companycam-photos-2026-06-29T17:46:31.774Z"],"queueLength":1,"runningWork":[],"workRunningCount":0}
[debug] [2026-06-29T17:46:31.774Z] [work-queue] {"queuedWork":[],"queueLength":0,"runningWork":["/saegroup-c6487/us-central1/api/jobs/Sv6lQ94QLfwRMdA4r1pJ/companycam-photos-2026-06-29T17:46:31.774Z"],"workRunningCount":1}
[debug] [2026-06-29T17:46:31.774Z] Accepted request GET /saegroup-c6487/us-central1/api/jobs/Sv6lQ94QLfwRMdA4r1pJ/companycam-photos --> us-central1-api
[debug] [2026-06-29T17:46:31.774Z] [functions] Runtime ready! Sending request! {"metadata":{"emulator":{"name":"functions"},"message":"[functions] Runtime ready! Sending request!"}}
[debug] [2026-06-29T17:46:31.774Z] [functions] Got req.url=/saegroup-c6487/us-central1/api/jobs/Sv6lQ94QLfwRMdA4r1pJ/companycam-photos, mapping to path=/jobs/Sv6lQ94QLfwRMdA4r1pJ/companycam-photos {"metadata":{"emulator":{"name":"functions"},"message":"[functions] Got req.url=/saegroup-c6487/us-central1/api/jobs/Sv6lQ94QLfwRMdA4r1pJ/companycam-photos, mapping to path=/jobs/Sv6lQ94QLfwRMdA4r1pJ/companycam-photos"}}
[debug] [2026-06-29T17:46:31.774Z] [worker-pool] submitRequest(triggerId=us-central1-api) {"metadata":{"emulator":{"name":"functions"},"message":"[worker-pool] submitRequest(triggerId=us-central1-api)"}}
[info] i  functions: Beginning execution of "us-central1-api" {"metadata":{"emulator":{"name":"functions"},"function":{"name":"us-central1-api"},"extension":{},"message":"Beginning execution of \"us-central1-api\""}}
[debug] [2026-06-29T17:46:31.774Z] [worker-us-central1-api-b1a7cdac-c38d-401a-8897-979a89a013cd]: BUSY {"metadata":{"emulator":{"name":"functions"},"function":{"name":"us-central1-api"},"extension":{},"message":"[worker-us-central1-api-b1a7cdac-c38d-401a-8897-979a89a013cd]: BUSY"}}
[debug] [2026-06-29T17:46:32.164Z] Finishing up request with event=pause {"metadata":{"emulator":{"name":"functions"},"function":{"name":"us-central1-api"},"extension":{},"message":"Finishing up request with event=pause"}}
[info] i  functions: Finished "us-central1-api" in 389.9507ms {"metadata":{"emulator":{"name":"functions"},"function":{"name":"us-central1-api"},"extension":{},"message":"Finished \"us-central1-api\" in 389.9507ms"}}
[debug] [2026-06-29T17:46:32.165Z] [worker-us-central1-api-b1a7cdac-c38d-401a-8897-979a89a013cd]: IDLE {"metadata":{"emulator":{"name":"functions"},"function":{"name":"us-central1-api"},"extension":{},"message":"[worker-us-central1-api-b1a7cdac-c38d-401a-8897-979a89a013cd]: IDLE"}}
[debug] [2026-06-29T17:46:32.165Z] Finishing up request with event=finish {"metadata":{"emulator":{"name":"functions"},"function":{"name":"us-central1-api"},"extension":{},"message":"Finishing up request with event=finish"}}
[debug] [2026-06-29T17:46:32.165Z] Finishing up request with event=close {"metadata":{"emulator":{"name":"functions"},"function":{"name":"us-central1-api"},"extension":{},"message":"Finishing up request with event=close"}}
[debug] [2026-06-29T17:46:32.165Z] [work-queue] {"queuedWork":[],"queueLength":0,"runningWork":[],"workRunningCount":0}
[debug] [2026-06-29T17:46:45.982Z] [work-queue] {"queuedWork":["/saegroup-c6487/us-central1/api/jobs/7M6W2CjK1yK2V1HmAAeZ/companycam-photos-2026-06-29T17:46:45.982Z"],"queueLength":1,"runningWork":[],"workRunningCount":0}
[debug] [2026-06-29T17:46:45.982Z] [work-queue] {"queuedWork":[],"queueLength":0,"runningWork":["/saegroup-c6487/us-central1/api/jobs/7M6W2CjK1yK2V1HmAAeZ/companycam-photos-2026-06-29T17:46:45.982Z"],"workRunningCount":1}
[debug] [2026-06-29T17:46:45.982Z] Accepted request OPTIONS /saegroup-c6487/us-central1/api/jobs/7M6W2CjK1yK2V1HmAAeZ/companycam-photos --> us-central1-api
[debug] [2026-06-29T17:46:45.982Z] [functions] Runtime ready! Sending request! {"metadata":{"emulator":{"name":"functions"},"message":"[functions] Runtime ready! Sending request!"}}
[debug] [2026-06-29T17:46:45.983Z] [functions] Got req.url=/saegroup-c6487/us-central1/api/jobs/7M6W2CjK1yK2V1HmAAeZ/companycam-photos, mapping to path=/jobs/7M6W2CjK1yK2V1HmAAeZ/companycam-photos {"metadata":{"emulator":{"name":"functions"},"message":"[functions] Got req.url=/saegroup-c6487/us-central1/api/jobs/7M6W2CjK1yK2V1HmAAeZ/companycam-photos, mapping to path=/jobs/7M6W2CjK1yK2V1HmAAeZ/companycam-photos"}}
[debug] [2026-06-29T17:46:45.983Z] [worker-pool] submitRequest(triggerId=us-central1-api) {"metadata":{"emulator":{"name":"functions"},"message":"[worker-pool] submitRequest(triggerId=us-central1-api)"}}
[info] i  functions: Beginning execution of "us-central1-api" {"metadata":{"emulator":{"name":"functions"},"function":{"name":"us-central1-api"},"extension":{},"message":"Beginning execution of \"us-central1-api\""}}
[debug] [2026-06-29T17:46:45.983Z] [worker-us-central1-api-b1a7cdac-c38d-401a-8897-979a89a013cd]: BUSY {"metadata":{"emulator":{"name":"functions"},"function":{"name":"us-central1-api"},"extension":{},"message":"[worker-us-central1-api-b1a7cdac-c38d-401a-8897-979a89a013cd]: BUSY"}}
[debug] [2026-06-29T17:46:45.984Z] Finishing up request with event=pause {"metadata":{"emulator":{"name":"functions"},"function":{"name":"us-central1-api"},"extension":{},"message":"Finishing up request with event=pause"}}
[info] i  functions: Finished "us-central1-api" in 1.1699ms {"metadata":{"emulator":{"name":"functions"},"function":{"name":"us-central1-api"},"extension":{},"message":"Finished \"us-central1-api\" in 1.1699ms"}}
[debug] [2026-06-29T17:46:45.984Z] [worker-us-central1-api-b1a7cdac-c38d-401a-8897-979a89a013cd]: IDLE {"metadata":{"emulator":{"name":"functions"},"function":{"name":"us-central1-api"},"extension":{},"message":"[worker-us-central1-api-b1a7cdac-c38d-401a-8897-979a89a013cd]: IDLE"}}
[debug] [2026-06-29T17:46:45.984Z] Finishing up request with event=finish {"metadata":{"emulator":{"name":"functions"},"function":{"name":"us-central1-api"},"extension":{},"message":"Finishing up request with event=finish"}}
[debug] [2026-06-29T17:46:45.984Z] Finishing up request with event=close {"metadata":{"emulator":{"name":"functions"},"function":{"name":"us-central1-api"},"extension":{},"message":"Finishing up request with event=close"}}
[debug] [2026-06-29T17:46:45.984Z] [work-queue] {"queuedWork":[],"queueLength":0,"runningWork":[],"workRunningCount":0}
[debug] [2026-06-29T17:46:45.985Z] [work-queue] {"queuedWork":["/saegroup-c6487/us-central1/api/jobs/7M6W2CjK1yK2V1HmAAeZ/companycam-photos-2026-06-29T17:46:45.985Z"],"queueLength":1,"runningWork":[],"workRunningCount":0}
[debug] [2026-06-29T17:46:45.985Z] [work-queue] {"queuedWork":[],"queueLength":0,"runningWork":["/saegroup-c6487/us-central1/api/jobs/7M6W2CjK1yK2V1HmAAeZ/companycam-photos-2026-06-29T17:46:45.985Z"],"workRunningCount":1}
[debug] [2026-06-29T17:46:45.985Z] Accepted request GET /saegroup-c6487/us-central1/api/jobs/7M6W2CjK1yK2V1HmAAeZ/companycam-photos --> us-central1-api
[debug] [2026-06-29T17:46:45.986Z] [functions] Runtime ready! Sending request! {"metadata":{"emulator":{"name":"functions"},"message":"[functions] Runtime ready! Sending request!"}}
[debug] [2026-06-29T17:46:45.986Z] [functions] Got req.url=/saegroup-c6487/us-central1/api/jobs/7M6W2CjK1yK2V1HmAAeZ/companycam-photos, mapping to path=/jobs/7M6W2CjK1yK2V1HmAAeZ/companycam-photos {"metadata":{"emulator":{"name":"functions"},"message":"[functions] Got req.url=/saegroup-c6487/us-central1/api/jobs/7M6W2CjK1yK2V1HmAAeZ/companycam-photos, mapping to path=/jobs/7M6W2CjK1yK2V1HmAAeZ/companycam-photos"}}
[debug] [2026-06-29T17:46:45.986Z] [worker-pool] submitRequest(triggerId=us-central1-api) {"metadata":{"emulator":{"name":"functions"},"message":"[worker-pool] submitRequest(triggerId=us-central1-api)"}}
[info] i  functions: Beginning execution of "us-central1-api" {"metadata":{"emulator":{"name":"functions"},"function":{"name":"us-central1-api"},"extension":{},"message":"Beginning execution of \"us-central1-api\""}}
[debug] [2026-06-29T17:46:45.986Z] [worker-us-central1-api-b1a7cdac-c38d-401a-8897-979a89a013cd]: BUSY {"metadata":{"emulator":{"name":"functions"},"function":{"name":"us-central1-api"},"extension":{},"message":"[worker-us-central1-api-b1a7cdac-c38d-401a-8897-979a89a013cd]: BUSY"}}
[debug] [2026-06-29T17:46:46.636Z] Finishing up request with event=pause {"metadata":{"emulator":{"name":"functions"},"function":{"name":"us-central1-api"},"extension":{},"message":"Finishing up request with event=pause"}}
[info] i  functions: Finished "us-central1-api" in 649.6966ms {"metadata":{"emulator":{"name":"functions"},"function":{"name":"us-central1-api"},"extension":{},"message":"Finished \"us-central1-api\" in 649.6966ms"}}
[debug] [2026-06-29T17:46:46.636Z] [worker-us-central1-api-b1a7cdac-c38d-401a-8897-979a89a013cd]: IDLE {"metadata":{"emulator":{"name":"functions"},"function":{"name":"us-central1-api"},"extension":{},"message":"[worker-us-central1-api-b1a7cdac-c38d-401a-8897-979a89a013cd]: IDLE"}}
[debug] [2026-06-29T17:46:46.636Z] Finishing up request with event=finish {"metadata":{"emulator":{"name":"functions"},"function":{"name":"us-central1-api"},"extension":{},"message":"Finishing up request with event=finish"}}
[debug] [2026-06-29T17:46:46.636Z] Finishing up request with event=close {"metadata":{"emulator":{"name":"functions"},"function":{"name":"us-central1-api"},"extension":{},"message":"Finishing up request with event=close"}}
[debug] [2026-06-29T17:46:46.636Z] [work-queue] {"queuedWork":[],"queueLength":0,"runningWork":[],"workRunningCount":0}
[debug] [2026-06-29T17:48:53.920Z] [work-queue] {"queuedWork":["/saegroup-c6487/us-central1/api/jobs/H9Wl6ariiHRIVnmNm0DM/companycam-photos-2026-06-29T17:48:53.920Z"],"queueLength":1,"runningWork":[],"workRunningCount":0}
[debug] [2026-06-29T17:48:53.921Z] [work-queue] {"queuedWork":[],"queueLength":0,"runningWork":["/saegroup-c6487/us-central1/api/jobs/H9Wl6ariiHRIVnmNm0DM/companycam-photos-2026-06-29T17:48:53.920Z"],"workRunningCount":1}
[debug] [2026-06-29T17:48:53.921Z] Accepted request OPTIONS /saegroup-c6487/us-central1/api/jobs/H9Wl6ariiHRIVnmNm0DM/companycam-photos --> us-central1-api
[debug] [2026-06-29T17:48:53.921Z] [functions] Runtime ready! Sending request! {"metadata":{"emulator":{"name":"functions"},"message":"[functions] Runtime ready! Sending request!"}}
[debug] [2026-06-29T17:48:53.921Z] [functions] Got req.url=/saegroup-c6487/us-central1/api/jobs/H9Wl6ariiHRIVnmNm0DM/companycam-photos, mapping to path=/jobs/H9Wl6ariiHRIVnmNm0DM/companycam-photos {"metadata":{"emulator":{"name":"functions"},"message":"[functions] Got req.url=/saegroup-c6487/us-central1/api/jobs/H9Wl6ariiHRIVnmNm0DM/companycam-photos, mapping to path=/jobs/H9Wl6ariiHRIVnmNm0DM/companycam-photos"}}
[debug] [2026-06-29T17:48:53.921Z] [worker-pool] submitRequest(triggerId=us-central1-api) {"metadata":{"emulator":{"name":"functions"},"message":"[worker-pool] submitRequest(triggerId=us-central1-api)"}}
[info] i  functions: Beginning execution of "us-central1-api" {"metadata":{"emulator":{"name":"functions"},"function":{"name":"us-central1-api"},"extension":{},"message":"Beginning execution of \"us-central1-api\""}}
[debug] [2026-06-29T17:48:53.922Z] [worker-us-central1-api-b1a7cdac-c38d-401a-8897-979a89a013cd]: BUSY {"metadata":{"emulator":{"name":"functions"},"function":{"name":"us-central1-api"},"extension":{},"message":"[worker-us-central1-api-b1a7cdac-c38d-401a-8897-979a89a013cd]: BUSY"}}
[debug] [2026-06-29T17:48:53.922Z] Finishing up request with event=pause {"metadata":{"emulator":{"name":"functions"},"function":{"name":"us-central1-api"},"extension":{},"message":"Finishing up request with event=pause"}}
[info] i  functions: Finished "us-central1-api" in 0.9376ms {"metadata":{"emulator":{"name":"functions"},"function":{"name":"us-central1-api"},"extension":{},"message":"Finished \"us-central1-api\" in 0.9376ms"}}
[debug] [2026-06-29T17:48:53.923Z] [worker-us-central1-api-b1a7cdac-c38d-401a-8897-979a89a013cd]: IDLE {"metadata":{"emulator":{"name":"functions"},"function":{"name":"us-central1-api"},"extension":{},"message":"[worker-us-central1-api-b1a7cdac-c38d-401a-8897-979a89a013cd]: IDLE"}}
[debug] [2026-06-29T17:48:53.923Z] Finishing up request with event=finish {"metadata":{"emulator":{"name":"functions"},"function":{"name":"us-central1-api"},"extension":{},"message":"Finishing up request with event=finish"}}
[debug] [2026-06-29T17:48:53.923Z] Finishing up request with event=close {"metadata":{"emulator":{"name":"functions"},"function":{"name":"us-central1-api"},"extension":{},"message":"Finishing up request with event=close"}}
[debug] [2026-06-29T17:48:53.923Z] [work-queue] {"queuedWork":[],"queueLength":0,"runningWork":[],"workRunningCount":0}
[debug] [2026-06-29T17:48:53.924Z] [work-queue] {"queuedWork":["/saegroup-c6487/us-central1/api/jobs/H9Wl6ariiHRIVnmNm0DM/companycam-photos-2026-06-29T17:48:53.924Z"],"queueLength":1,"runningWork":[],"workRunningCount":0}
[debug] [2026-06-29T17:48:53.924Z] [work-queue] {"queuedWork":[],"queueLength":0,"runningWork":["/saegroup-c6487/us-central1/api/jobs/H9Wl6ariiHRIVnmNm0DM/companycam-photos-2026-06-29T17:48:53.924Z"],"workRunningCount":1}
[debug] [2026-06-29T17:48:53.924Z] Accepted request GET /saegroup-c6487/us-central1/api/jobs/H9Wl6ariiHRIVnmNm0DM/companycam-photos --> us-central1-api
[debug] [2026-06-29T17:48:53.925Z] [functions] Runtime ready! Sending request! {"metadata":{"emulator":{"name":"functions"},"message":"[functions] Runtime ready! Sending request!"}}
[debug] [2026-06-29T17:48:53.925Z] [functions] Got req.url=/saegroup-c6487/us-central1/api/jobs/H9Wl6ariiHRIVnmNm0DM/companycam-photos, mapping to path=/jobs/H9Wl6ariiHRIVnmNm0DM/companycam-photos {"metadata":{"emulator":{"name":"functions"},"message":"[functions] Got req.url=/saegroup-c6487/us-central1/api/jobs/H9Wl6ariiHRIVnmNm0DM/companycam-photos, mapping to path=/jobs/H9Wl6ariiHRIVnmNm0DM/companycam-photos"}}
[debug] [2026-06-29T17:48:53.925Z] [worker-pool] submitRequest(triggerId=us-central1-api) {"metadata":{"emulator":{"name":"functions"},"message":"[worker-pool] submitRequest(triggerId=us-central1-api)"}}
[info] i  functions: Beginning execution of "us-central1-api" {"metadata":{"emulator":{"name":"functions"},"function":{"name":"us-central1-api"},"extension":{},"message":"Beginning execution of \"us-central1-api\""}}
[debug] [2026-06-29T17:48:53.925Z] [worker-us-central1-api-b1a7cdac-c38d-401a-8897-979a89a013cd]: BUSY {"metadata":{"emulator":{"name":"functions"},"function":{"name":"us-central1-api"},"extension":{},"message":"[worker-us-central1-api-b1a7cdac-c38d-401a-8897-979a89a013cd]: BUSY"}}
[debug] [2026-06-29T17:48:54.255Z] Finishing up request with event=pause {"metadata":{"emulator":{"name":"functions"},"function":{"name":"us-central1-api"},"extension":{},"message":"Finishing up request with event=pause"}}
[info] i  functions: Finished "us-central1-api" in 330.5981ms {"metadata":{"emulator":{"name":"functions"},"function":{"name":"us-central1-api"},"extension":{},"message":"Finished \"us-central1-api\" in 330.5981ms"}}
[debug] [2026-06-29T17:48:54.256Z] [worker-us-central1-api-b1a7cdac-c38d-401a-8897-979a89a013cd]: IDLE {"metadata":{"emulator":{"name":"functions"},"function":{"name":"us-central1-api"},"extension":{},"message":"[worker-us-central1-api-b1a7cdac-c38d-401a-8897-979a89a013cd]: IDLE"}}
[debug] [2026-06-29T17:48:54.256Z] Finishing up request with event=finish {"metadata":{"emulator":{"name":"functions"},"function":{"name":"us-central1-api"},"extension":{},"message":"Finishing up request with event=finish"}}
[debug] [2026-06-29T17:48:54.256Z] Finishing up request with event=close {"metadata":{"emulator":{"name":"functions"},"function":{"name":"us-central1-api"},"extension":{},"message":"Finishing up request with event=close"}}
[debug] [2026-06-29T17:48:54.256Z] [work-queue] {"queuedWork":[],"queueLength":0,"runningWork":[],"workRunningCount":0}
[debug] [2026-06-29T17:51:40.984Z] [work-queue] {"queuedWork":["/saegroup-c6487/us-central1/api/jobs/7M6W2CjK1yK2V1HmAAeZ/companycam-photos-2026-06-29T17:51:40.984Z"],"queueLength":1,"runningWork":[],"workRunningCount":0}
[debug] [2026-06-29T17:51:40.984Z] [work-queue] {"queuedWork":[],"queueLength":0,"runningWork":["/saegroup-c6487/us-central1/api/jobs/7M6W2CjK1yK2V1HmAAeZ/companycam-photos-2026-06-29T17:51:40.984Z"],"workRunningCount":1}
[debug] [2026-06-29T17:51:40.984Z] Accepted request OPTIONS /saegroup-c6487/us-central1/api/jobs/7M6W2CjK1yK2V1HmAAeZ/companycam-photos --> us-central1-api
[debug] [2026-06-29T17:51:40.984Z] [functions] Runtime ready! Sending request! {"metadata":{"emulator":{"name":"functions"},"message":"[functions] Runtime ready! Sending request!"}}
[debug] [2026-06-29T17:51:40.985Z] [functions] Got req.url=/saegroup-c6487/us-central1/api/jobs/7M6W2CjK1yK2V1HmAAeZ/companycam-photos, mapping to path=/jobs/7M6W2CjK1yK2V1HmAAeZ/companycam-photos {"metadata":{"emulator":{"name":"functions"},"message":"[functions] Got req.url=/saegroup-c6487/us-central1/api/jobs/7M6W2CjK1yK2V1HmAAeZ/companycam-photos, mapping to path=/jobs/7M6W2CjK1yK2V1HmAAeZ/companycam-photos"}}
[debug] [2026-06-29T17:51:40.985Z] [worker-pool] submitRequest(triggerId=us-central1-api) {"metadata":{"emulator":{"name":"functions"},"message":"[worker-pool] submitRequest(triggerId=us-central1-api)"}}
[info] i  functions: Beginning execution of "us-central1-api" {"metadata":{"emulator":{"name":"functions"},"function":{"name":"us-central1-api"},"extension":{},"message":"Beginning execution of \"us-central1-api\""}}
[debug] [2026-06-29T17:51:40.985Z] [worker-us-central1-api-b1a7cdac-c38d-401a-8897-979a89a013cd]: BUSY {"metadata":{"emulator":{"name":"functions"},"function":{"name":"us-central1-api"},"extension":{},"message":"[worker-us-central1-api-b1a7cdac-c38d-401a-8897-979a89a013cd]: BUSY"}}
[debug] [2026-06-29T17:51:40.986Z] Finishing up request with event=pause {"metadata":{"emulator":{"name":"functions"},"function":{"name":"us-central1-api"},"extension":{},"message":"Finishing up request with event=pause"}}
[info] i  functions: Finished "us-central1-api" in 1.3171ms {"metadata":{"emulator":{"name":"functions"},"function":{"name":"us-central1-api"},"extension":{},"message":"Finished \"us-central1-api\" in 1.3171ms"}}
[debug] [2026-06-29T17:51:40.986Z] [worker-us-central1-api-b1a7cdac-c38d-401a-8897-979a89a013cd]: IDLE {"metadata":{"emulator":{"name":"functions"},"function":{"name":"us-central1-api"},"extension":{},"message":"[worker-us-central1-api-b1a7cdac-c38d-401a-8897-979a89a013cd]: IDLE"}}
[debug] [2026-06-29T17:51:40.986Z] Finishing up request with event=finish {"metadata":{"emulator":{"name":"functions"},"function":{"name":"us-central1-api"},"extension":{},"message":"Finishing up request with event=finish"}}
[debug] [2026-06-29T17:51:40.986Z] Finishing up request with event=close {"metadata":{"emulator":{"name":"functions"},"function":{"name":"us-central1-api"},"extension":{},"message":"Finishing up request with event=close"}}
[debug] [2026-06-29T17:51:40.986Z] [work-queue] {"queuedWork":[],"queueLength":0,"runningWork":[],"workRunningCount":0}
[debug] [2026-06-29T17:51:40.987Z] [work-queue] {"queuedWork":["/saegroup-c6487/us-central1/api/jobs/7M6W2CjK1yK2V1HmAAeZ/companycam-photos-2026-06-29T17:51:40.987Z"],"queueLength":1,"runningWork":[],"workRunningCount":0}
[debug] [2026-06-29T17:51:40.987Z] [work-queue] {"queuedWork":[],"queueLength":0,"runningWork":["/saegroup-c6487/us-central1/api/jobs/7M6W2CjK1yK2V1HmAAeZ/companycam-photos-2026-06-29T17:51:40.987Z"],"workRunningCount":1}
[debug] [2026-06-29T17:51:40.987Z] Accepted request GET /saegroup-c6487/us-central1/api/jobs/7M6W2CjK1yK2V1HmAAeZ/companycam-photos --> us-central1-api
[debug] [2026-06-29T17:51:40.988Z] [functions] Runtime ready! Sending request! {"metadata":{"emulator":{"name":"functions"},"message":"[functions] Runtime ready! Sending request!"}}
[debug] [2026-06-29T17:51:40.988Z] [functions] Got req.url=/saegroup-c6487/us-central1/api/jobs/7M6W2CjK1yK2V1HmAAeZ/companycam-photos, mapping to path=/jobs/7M6W2CjK1yK2V1HmAAeZ/companycam-photos {"metadata":{"emulator":{"name":"functions"},"message":"[functions] Got req.url=/saegroup-c6487/us-central1/api/jobs/7M6W2CjK1yK2V1HmAAeZ/companycam-photos, mapping to path=/jobs/7M6W2CjK1yK2V1HmAAeZ/companycam-photos"}}
[debug] [2026-06-29T17:51:40.988Z] [worker-pool] submitRequest(triggerId=us-central1-api) {"metadata":{"emulator":{"name":"functions"},"message":"[worker-pool] submitRequest(triggerId=us-central1-api)"}}
[info] i  functions: Beginning execution of "us-central1-api" {"metadata":{"emulator":{"name":"functions"},"function":{"name":"us-central1-api"},"extension":{},"message":"Beginning execution of \"us-central1-api\""}}
[debug] [2026-06-29T17:51:40.988Z] [worker-us-central1-api-b1a7cdac-c38d-401a-8897-979a89a013cd]: BUSY {"metadata":{"emulator":{"name":"functions"},"function":{"name":"us-central1-api"},"extension":{},"message":"[worker-us-central1-api-b1a7cdac-c38d-401a-8897-979a89a013cd]: BUSY"}}
[debug] [2026-06-29T17:51:41.432Z] Finishing up request with event=pause {"metadata":{"emulator":{"name":"functions"},"function":{"name":"us-central1-api"},"extension":{},"message":"Finishing up request with event=pause"}}
[info] i  functions: Finished "us-central1-api" in 443.8911ms {"metadata":{"emulator":{"name":"functions"},"function":{"name":"us-central1-api"},"extension":{},"message":"Finished \"us-central1-api\" in 443.8911ms"}}
[debug] [2026-06-29T17:51:41.432Z] [worker-us-central1-api-b1a7cdac-c38d-401a-8897-979a89a013cd]: IDLE {"metadata":{"emulator":{"name":"functions"},"function":{"name":"us-central1-api"},"extension":{},"message":"[worker-us-central1-api-b1a7cdac-c38d-401a-8897-979a89a013cd]: IDLE"}}
[debug] [2026-06-29T17:51:41.432Z] Finishing up request with event=finish {"metadata":{"emulator":{"name":"functions"},"function":{"name":"us-central1-api"},"extension":{},"message":"Finishing up request with event=finish"}}
[debug] [2026-06-29T17:51:41.432Z] Finishing up request with event=close {"metadata":{"emulator":{"name":"functions"},"function":{"name":"us-central1-api"},"extension":{},"message":"Finishing up request with event=close"}}
[debug] [2026-06-29T17:51:41.432Z] [work-queue] {"queuedWork":[],"queueLength":0,"runningWork":[],"workRunningCount":0}
[debug] [2026-06-29T18:18:56.659Z] [work-queue] {"queuedWork":["/saegroup-c6487/us-central1/api/jobs/7M6W2CjK1yK2V1HmAAeZ/companycam-photos-2026-06-29T18:18:56.659Z"],"queueLength":1,"runningWork":[],"workRunningCount":0}
[debug] [2026-06-29T18:18:56.659Z] [work-queue] {"queuedWork":[],"queueLength":0,"runningWork":["/saegroup-c6487/us-central1/api/jobs/7M6W2CjK1yK2V1HmAAeZ/companycam-photos-2026-06-29T18:18:56.659Z"],"workRunningCount":1}
[debug] [2026-06-29T18:18:56.659Z] Accepted request OPTIONS /saegroup-c6487/us-central1/api/jobs/7M6W2CjK1yK2V1HmAAeZ/companycam-photos --> us-central1-api
[debug] [2026-06-29T18:18:56.660Z] [functions] Runtime ready! Sending request! {"metadata":{"emulator":{"name":"functions"},"message":"[functions] Runtime ready! Sending request!"}}
[debug] [2026-06-29T18:18:56.660Z] [functions] Got req.url=/saegroup-c6487/us-central1/api/jobs/7M6W2CjK1yK2V1HmAAeZ/companycam-photos, mapping to path=/jobs/7M6W2CjK1yK2V1HmAAeZ/companycam-photos {"metadata":{"emulator":{"name":"functions"},"message":"[functions] Got req.url=/saegroup-c6487/us-central1/api/jobs/7M6W2CjK1yK2V1HmAAeZ/companycam-photos, mapping to path=/jobs/7M6W2CjK1yK2V1HmAAeZ/companycam-photos"}}
[debug] [2026-06-29T18:18:56.660Z] [worker-pool] submitRequest(triggerId=us-central1-api) {"metadata":{"emulator":{"name":"functions"},"message":"[worker-pool] submitRequest(triggerId=us-central1-api)"}}
[info] i  functions: Beginning execution of "us-central1-api" {"metadata":{"emulator":{"name":"functions"},"function":{"name":"us-central1-api"},"extension":{},"message":"Beginning execution of \"us-central1-api\""}}
[debug] [2026-06-29T18:18:56.660Z] [worker-us-central1-api-b1a7cdac-c38d-401a-8897-979a89a013cd]: BUSY {"metadata":{"emulator":{"name":"functions"},"function":{"name":"us-central1-api"},"extension":{},"message":"[worker-us-central1-api-b1a7cdac-c38d-401a-8897-979a89a013cd]: BUSY"}}
[debug] [2026-06-29T18:18:56.661Z] Finishing up request with event=pause {"metadata":{"emulator":{"name":"functions"},"function":{"name":"us-central1-api"},"extension":{},"message":"Finishing up request with event=pause"}}
[info] i  functions: Finished "us-central1-api" in 1.152ms {"metadata":{"emulator":{"name":"functions"},"function":{"name":"us-central1-api"},"extension":{},"message":"Finished \"us-central1-api\" in 1.152ms"}}
[debug] [2026-06-29T18:18:56.662Z] [worker-us-central1-api-b1a7cdac-c38d-401a-8897-979a89a013cd]: IDLE {"metadata":{"emulator":{"name":"functions"},"function":{"name":"us-central1-api"},"extension":{},"message":"[worker-us-central1-api-b1a7cdac-c38d-401a-8897-979a89a013cd]: IDLE"}}
[debug] [2026-06-29T18:18:56.662Z] Finishing up request with event=finish {"metadata":{"emulator":{"name":"functions"},"function":{"name":"us-central1-api"},"extension":{},"message":"Finishing up request with event=finish"}}
[debug] [2026-06-29T18:18:56.662Z] Finishing up request with event=close {"metadata":{"emulator":{"name":"functions"},"function":{"name":"us-central1-api"},"extension":{},"message":"Finishing up request with event=close"}}
[debug] [2026-06-29T18:18:56.662Z] [work-queue] {"queuedWork":[],"queueLength":0,"runningWork":[],"workRunningCount":0}
[debug] [2026-06-29T18:18:56.663Z] [work-queue] {"queuedWork":["/saegroup-c6487/us-central1/api/jobs/7M6W2CjK1yK2V1HmAAeZ/companycam-photos-2026-06-29T18:18:56.663Z"],"queueLength":1,"runningWork":[],"workRunningCount":0}
[debug] [2026-06-29T18:18:56.663Z] [work-queue] {"queuedWork":[],"queueLength":0,"runningWork":["/saegroup-c6487/us-central1/api/jobs/7M6W2CjK1yK2V1HmAAeZ/companycam-photos-2026-06-29T18:18:56.663Z"],"workRunningCount":1}
[debug] [2026-06-29T18:18:56.663Z] Accepted request GET /saegroup-c6487/us-central1/api/jobs/7M6W2CjK1yK2V1HmAAeZ/companycam-photos --> us-central1-api
[debug] [2026-06-29T18:18:56.663Z] [functions] Runtime ready! Sending request! {"metadata":{"emulator":{"name":"functions"},"message":"[functions] Runtime ready! Sending request!"}}
[debug] [2026-06-29T18:18:56.664Z] [functions] Got req.url=/saegroup-c6487/us-central1/api/jobs/7M6W2CjK1yK2V1HmAAeZ/companycam-photos, mapping to path=/jobs/7M6W2CjK1yK2V1HmAAeZ/companycam-photos {"metadata":{"emulator":{"name":"functions"},"message":"[functions] Got req.url=/saegroup-c6487/us-central1/api/jobs/7M6W2CjK1yK2V1HmAAeZ/companycam-photos, mapping to path=/jobs/7M6W2CjK1yK2V1HmAAeZ/companycam-photos"}}
[debug] [2026-06-29T18:18:56.664Z] [worker-pool] submitRequest(triggerId=us-central1-api) {"metadata":{"emulator":{"name":"functions"},"message":"[worker-pool] submitRequest(triggerId=us-central1-api)"}}
[info] i  functions: Beginning execution of "us-central1-api" {"metadata":{"emulator":{"name":"functions"},"function":{"name":"us-central1-api"},"extension":{},"message":"Beginning execution of \"us-central1-api\""}}
[debug] [2026-06-29T18:18:56.664Z] [worker-us-central1-api-b1a7cdac-c38d-401a-8897-979a89a013cd]: BUSY {"metadata":{"emulator":{"name":"functions"},"function":{"name":"us-central1-api"},"extension":{},"message":"[worker-us-central1-api-b1a7cdac-c38d-401a-8897-979a89a013cd]: BUSY"}}
[debug] [2026-06-29T18:18:57.183Z] Finishing up request with event=pause {"metadata":{"emulator":{"name":"functions"},"function":{"name":"us-central1-api"},"extension":{},"message":"Finishing up request with event=pause"}}
[info] i  functions: Finished "us-central1-api" in 519.3636ms {"metadata":{"emulator":{"name":"functions"},"function":{"name":"us-central1-api"},"extension":{},"message":"Finished \"us-central1-api\" in 519.3636ms"}}
[debug] [2026-06-29T18:18:57.183Z] [worker-us-central1-api-b1a7cdac-c38d-401a-8897-979a89a013cd]: IDLE {"metadata":{"emulator":{"name":"functions"},"function":{"name":"us-central1-api"},"extension":{},"message":"[worker-us-central1-api-b1a7cdac-c38d-401a-8897-979a89a013cd]: IDLE"}}
[debug] [2026-06-29T18:18:57.183Z] Finishing up request with event=finish {"metadata":{"emulator":{"name":"functions"},"function":{"name":"us-central1-api"},"extension":{},"message":"Finishing up request with event=finish"}}
[debug] [2026-06-29T18:18:57.183Z] Finishing up request with event=close {"metadata":{"emulator":{"name":"functions"},"function":{"name":"us-central1-api"},"extension":{},"message":"Finishing up request with event=close"}}
[debug] [2026-06-29T18:18:57.183Z] [work-queue] {"queuedWork":[],"queueLength":0,"runningWork":[],"workRunningCount":0}
[debug] [2026-06-29T18:54:36.086Z] [work-queue] {"queuedWork":["/saegroup-c6487/us-central1/api/jobs/7M6W2CjK1yK2V1HmAAeZ/companycam-photos-2026-06-29T18:54:36.086Z"],"queueLength":1,"runningWork":[],"workRunningCount":0}
[debug] [2026-06-29T18:54:36.086Z] [work-queue] {"queuedWork":[],"queueLength":0,"runningWork":["/saegroup-c6487/us-central1/api/jobs/7M6W2CjK1yK2V1HmAAeZ/companycam-photos-2026-06-29T18:54:36.086Z"],"workRunningCount":1}
[debug] [2026-06-29T18:54:36.086Z] Accepted request OPTIONS /saegroup-c6487/us-central1/api/jobs/7M6W2CjK1yK2V1HmAAeZ/companycam-photos --> us-central1-api
[debug] [2026-06-29T18:54:36.087Z] [functions] Runtime ready! Sending request! {"metadata":{"emulator":{"name":"functions"},"message":"[functions] Runtime ready! Sending request!"}}
[debug] [2026-06-29T18:54:36.087Z] [functions] Got req.url=/saegroup-c6487/us-central1/api/jobs/7M6W2CjK1yK2V1HmAAeZ/companycam-photos, mapping to path=/jobs/7M6W2CjK1yK2V1HmAAeZ/companycam-photos {"metadata":{"emulator":{"name":"functions"},"message":"[functions] Got req.url=/saegroup-c6487/us-central1/api/jobs/7M6W2CjK1yK2V1HmAAeZ/companycam-photos, mapping to path=/jobs/7M6W2CjK1yK2V1HmAAeZ/companycam-photos"}}
[debug] [2026-06-29T18:54:36.087Z] [worker-pool] submitRequest(triggerId=us-central1-api) {"metadata":{"emulator":{"name":"functions"},"message":"[worker-pool] submitRequest(triggerId=us-central1-api)"}}
[info] i  functions: Beginning execution of "us-central1-api" {"metadata":{"emulator":{"name":"functions"},"function":{"name":"us-central1-api"},"extension":{},"message":"Beginning execution of \"us-central1-api\""}}
[debug] [2026-06-29T18:54:36.088Z] [worker-us-central1-api-b1a7cdac-c38d-401a-8897-979a89a013cd]: BUSY {"metadata":{"emulator":{"name":"functions"},"function":{"name":"us-central1-api"},"extension":{},"message":"[worker-us-central1-api-b1a7cdac-c38d-401a-8897-979a89a013cd]: BUSY"}}
[debug] [2026-06-29T18:54:36.089Z] Finishing up request with event=pause {"metadata":{"emulator":{"name":"functions"},"function":{"name":"us-central1-api"},"extension":{},"message":"Finishing up request with event=pause"}}
[info] i  functions: Finished "us-central1-api" in 1.3073ms {"metadata":{"emulator":{"name":"functions"},"function":{"name":"us-central1-api"},"extension":{},"message":"Finished \"us-central1-api\" in 1.3073ms"}}
[debug] [2026-06-29T18:54:36.089Z] [worker-us-central1-api-b1a7cdac-c38d-401a-8897-979a89a013cd]: IDLE {"metadata":{"emulator":{"name":"functions"},"function":{"name":"us-central1-api"},"extension":{},"message":"[worker-us-central1-api-b1a7cdac-c38d-401a-8897-979a89a013cd]: IDLE"}}
[debug] [2026-06-29T18:54:36.089Z] Finishing up request with event=finish {"metadata":{"emulator":{"name":"functions"},"function":{"name":"us-central1-api"},"extension":{},"message":"Finishing up request with event=finish"}}
[debug] [2026-06-29T18:54:36.089Z] Finishing up request with event=close {"metadata":{"emulator":{"name":"functions"},"function":{"name":"us-central1-api"},"extension":{},"message":"Finishing up request with event=close"}}
[debug] [2026-06-29T18:54:36.089Z] [work-queue] {"queuedWork":[],"queueLength":0,"runningWork":[],"workRunningCount":0}
[debug] [2026-06-29T18:54:36.090Z] [work-queue] {"queuedWork":["/saegroup-c6487/us-central1/api/jobs/7M6W2CjK1yK2V1HmAAeZ/companycam-photos-2026-06-29T18:54:36.090Z"],"queueLength":1,"runningWork":[],"workRunningCount":0}
[debug] [2026-06-29T18:54:36.090Z] [work-queue] {"queuedWork":[],"queueLength":0,"runningWork":["/saegroup-c6487/us-central1/api/jobs/7M6W2CjK1yK2V1HmAAeZ/companycam-photos-2026-06-29T18:54:36.090Z"],"workRunningCount":1}
[debug] [2026-06-29T18:54:36.090Z] Accepted request GET /saegroup-c6487/us-central1/api/jobs/7M6W2CjK1yK2V1HmAAeZ/companycam-photos --> us-central1-api
[debug] [2026-06-29T18:54:36.091Z] [functions] Runtime ready! Sending request! {"metadata":{"emulator":{"name":"functions"},"message":"[functions] Runtime ready! Sending request!"}}
[debug] [2026-06-29T18:54:36.091Z] [functions] Got req.url=/saegroup-c6487/us-central1/api/jobs/7M6W2CjK1yK2V1HmAAeZ/companycam-photos, mapping to path=/jobs/7M6W2CjK1yK2V1HmAAeZ/companycam-photos {"metadata":{"emulator":{"name":"functions"},"message":"[functions] Got req.url=/saegroup-c6487/us-central1/api/jobs/7M6W2CjK1yK2V1HmAAeZ/companycam-photos, mapping to path=/jobs/7M6W2CjK1yK2V1HmAAeZ/companycam-photos"}}
[debug] [2026-06-29T18:54:36.091Z] [worker-pool] submitRequest(triggerId=us-central1-api) {"metadata":{"emulator":{"name":"functions"},"message":"[worker-pool] submitRequest(triggerId=us-central1-api)"}}
[info] i  functions: Beginning execution of "us-central1-api" {"metadata":{"emulator":{"name":"functions"},"function":{"name":"us-central1-api"},"extension":{},"message":"Beginning execution of \"us-central1-api\""}}
[debug] [2026-06-29T18:54:36.091Z] [worker-us-central1-api-b1a7cdac-c38d-401a-8897-979a89a013cd]: BUSY {"metadata":{"emulator":{"name":"functions"},"function":{"name":"us-central1-api"},"extension":{},"message":"[worker-us-central1-api-b1a7cdac-c38d-401a-8897-979a89a013cd]: BUSY"}}
[debug] [2026-06-29T18:54:36.974Z] Finishing up request with event=pause {"metadata":{"emulator":{"name":"functions"},"function":{"name":"us-central1-api"},"extension":{},"message":"Finishing up request with event=pause"}}
[info] i  functions: Finished "us-central1-api" in 883.4704ms {"metadata":{"emulator":{"name":"functions"},"function":{"name":"us-central1-api"},"extension":{},"message":"Finished \"us-central1-api\" in 883.4704ms"}}
[debug] [2026-06-29T18:54:36.974Z] [worker-us-central1-api-b1a7cdac-c38d-401a-8897-979a89a013cd]: IDLE {"metadata":{"emulator":{"name":"functions"},"function":{"name":"us-central1-api"},"extension":{},"message":"[worker-us-central1-api-b1a7cdac-c38d-401a-8897-979a89a013cd]: IDLE"}}
[debug] [2026-06-29T18:54:36.974Z] Finishing up request with event=finish {"metadata":{"emulator":{"name":"functions"},"function":{"name":"us-central1-api"},"extension":{},"message":"Finishing up request with event=finish"}}
[debug] [2026-06-29T18:54:36.974Z] Finishing up request with event=close {"metadata":{"emulator":{"name":"functions"},"function":{"name":"us-central1-api"},"extension":{},"message":"Finishing up request with event=close"}}
[debug] [2026-06-29T18:54:36.974Z] [work-queue] {"queuedWork":[],"queueLength":0,"runningWork":[],"workRunningCount":0}
[debug] [2026-06-29T18:56:37.228Z] [work-queue] {"queuedWork":["/saegroup-c6487/us-central1/api/jobs/7M6W2CjK1yK2V1HmAAeZ/companycam-photos-2026-06-29T18:56:37.228Z"],"queueLength":1,"runningWork":[],"workRunningCount":0}
[debug] [2026-06-29T18:56:37.228Z] [work-queue] {"queuedWork":[],"queueLength":0,"runningWork":["/saegroup-c6487/us-central1/api/jobs/7M6W2CjK1yK2V1HmAAeZ/companycam-photos-2026-06-29T18:56:37.228Z"],"workRunningCount":1}
[debug] [2026-06-29T18:56:37.228Z] Accepted request OPTIONS /saegroup-c6487/us-central1/api/jobs/7M6W2CjK1yK2V1HmAAeZ/companycam-photos --> us-central1-api
[debug] [2026-06-29T18:56:37.229Z] [functions] Runtime ready! Sending request! {"metadata":{"emulator":{"name":"functions"},"message":"[functions] Runtime ready! Sending request!"}}
[debug] [2026-06-29T18:56:37.229Z] [functions] Got req.url=/saegroup-c6487/us-central1/api/jobs/7M6W2CjK1yK2V1HmAAeZ/companycam-photos, mapping to path=/jobs/7M6W2CjK1yK2V1HmAAeZ/companycam-photos {"metadata":{"emulator":{"name":"functions"},"message":"[functions] Got req.url=/saegroup-c6487/us-central1/api/jobs/7M6W2CjK1yK2V1HmAAeZ/companycam-photos, mapping to path=/jobs/7M6W2CjK1yK2V1HmAAeZ/companycam-photos"}}
[debug] [2026-06-29T18:56:37.229Z] [worker-pool] submitRequest(triggerId=us-central1-api) {"metadata":{"emulator":{"name":"functions"},"message":"[worker-pool] submitRequest(triggerId=us-central1-api)"}}
[info] i  functions: Beginning execution of "us-central1-api" {"metadata":{"emulator":{"name":"functions"},"function":{"name":"us-central1-api"},"extension":{},"message":"Beginning execution of \"us-central1-api\""}}
[debug] [2026-06-29T18:56:37.229Z] [worker-us-central1-api-b1a7cdac-c38d-401a-8897-979a89a013cd]: BUSY {"metadata":{"emulator":{"name":"functions"},"function":{"name":"us-central1-api"},"extension":{},"message":"[worker-us-central1-api-b1a7cdac-c38d-401a-8897-979a89a013cd]: BUSY"}}
[debug] [2026-06-29T18:56:37.230Z] Finishing up request with event=pause {"metadata":{"emulator":{"name":"functions"},"function":{"name":"us-central1-api"},"extension":{},"message":"Finishing up request with event=pause"}}
[info] i  functions: Finished "us-central1-api" in 1.1447ms {"metadata":{"emulator":{"name":"functions"},"function":{"name":"us-central1-api"},"extension":{},"message":"Finished \"us-central1-api\" in 1.1447ms"}}
[debug] [2026-06-29T18:56:37.231Z] [worker-us-central1-api-b1a7cdac-c38d-401a-8897-979a89a013cd]: IDLE {"metadata":{"emulator":{"name":"functions"},"function":{"name":"us-central1-api"},"extension":{},"message":"[worker-us-central1-api-b1a7cdac-c38d-401a-8897-979a89a013cd]: IDLE"}}
[debug] [2026-06-29T18:56:37.231Z] Finishing up request with event=finish {"metadata":{"emulator":{"name":"functions"},"function":{"name":"us-central1-api"},"extension":{},"message":"Finishing up request with event=finish"}}
[debug] [2026-06-29T18:56:37.231Z] Finishing up request with event=close {"metadata":{"emulator":{"name":"functions"},"function":{"name":"us-central1-api"},"extension":{},"message":"Finishing up request with event=close"}}
[debug] [2026-06-29T18:56:37.231Z] [work-queue] {"queuedWork":[],"queueLength":0,"runningWork":[],"workRunningCount":0}
[debug] [2026-06-29T18:56:37.232Z] [work-queue] {"queuedWork":["/saegroup-c6487/us-central1/api/jobs/7M6W2CjK1yK2V1HmAAeZ/companycam-photos-2026-06-29T18:56:37.232Z"],"queueLength":1,"runningWork":[],"workRunningCount":0}
[debug] [2026-06-29T18:56:37.232Z] [work-queue] {"queuedWork":[],"queueLength":0,"runningWork":["/saegroup-c6487/us-central1/api/jobs/7M6W2CjK1yK2V1HmAAeZ/companycam-photos-2026-06-29T18:56:37.232Z"],"workRunningCount":1}
[debug] [2026-06-29T18:56:37.232Z] Accepted request GET /saegroup-c6487/us-central1/api/jobs/7M6W2CjK1yK2V1HmAAeZ/companycam-photos --> us-central1-api
[debug] [2026-06-29T18:56:37.233Z] [functions] Runtime ready! Sending request! {"metadata":{"emulator":{"name":"functions"},"message":"[functions] Runtime ready! Sending request!"}}
[debug] [2026-06-29T18:56:37.233Z] [functions] Got req.url=/saegroup-c6487/us-central1/api/jobs/7M6W2CjK1yK2V1HmAAeZ/companycam-photos, mapping to path=/jobs/7M6W2CjK1yK2V1HmAAeZ/companycam-photos {"metadata":{"emulator":{"name":"functions"},"message":"[functions] Got req.url=/saegroup-c6487/us-central1/api/jobs/7M6W2CjK1yK2V1HmAAeZ/companycam-photos, mapping to path=/jobs/7M6W2CjK1yK2V1HmAAeZ/companycam-photos"}}
[debug] [2026-06-29T18:56:37.233Z] [worker-pool] submitRequest(triggerId=us-central1-api) {"metadata":{"emulator":{"name":"functions"},"message":"[worker-pool] submitRequest(triggerId=us-central1-api)"}}
[info] i  functions: Beginning execution of "us-central1-api" {"metadata":{"emulator":{"name":"functions"},"function":{"name":"us-central1-api"},"extension":{},"message":"Beginning execution of \"us-central1-api\""}}
[debug] [2026-06-29T18:56:37.233Z] [worker-us-central1-api-b1a7cdac-c38d-401a-8897-979a89a013cd]: BUSY {"metadata":{"emulator":{"name":"functions"},"function":{"name":"us-central1-api"},"extension":{},"message":"[worker-us-central1-api-b1a7cdac-c38d-401a-8897-979a89a013cd]: BUSY"}}
[debug] [2026-06-29T18:56:37.705Z] Finishing up request with event=pause {"metadata":{"emulator":{"name":"functions"},"function":{"name":"us-central1-api"},"extension":{},"message":"Finishing up request with event=pause"}}
[info] i  functions: Finished "us-central1-api" in 472.3382ms {"metadata":{"emulator":{"name":"functions"},"function":{"name":"us-central1-api"},"extension":{},"message":"Finished \"us-central1-api\" in 472.3382ms"}}
[debug] [2026-06-29T18:56:37.706Z] [worker-us-central1-api-b1a7cdac-c38d-401a-8897-979a89a013cd]: IDLE {"metadata":{"emulator":{"name":"functions"},"function":{"name":"us-central1-api"},"extension":{},"message":"[worker-us-central1-api-b1a7cdac-c38d-401a-8897-979a89a013cd]: IDLE"}}
[debug] [2026-06-29T18:56:37.706Z] Finishing up request with event=finish {"metadata":{"emulator":{"name":"functions"},"function":{"name":"us-central1-api"},"extension":{},"message":"Finishing up request with event=finish"}}
[debug] [2026-06-29T18:56:37.706Z] Finishing up request with event=close {"metadata":{"emulator":{"name":"functions"},"function":{"name":"us-central1-api"},"extension":{},"message":"Finishing up request with event=close"}}
[debug] [2026-06-29T18:56:37.706Z] [work-queue] {"queuedWork":[],"queueLength":0,"runningWork":[],"workRunningCount":0}
[debug] [2026-06-29T19:01:04.871Z] [work-queue] {"queuedWork":["/saegroup-c6487/us-central1/api/jobs/7M6W2CjK1yK2V1HmAAeZ/companycam-photos-2026-06-29T19:01:04.871Z"],"queueLength":1,"runningWork":[],"workRunningCount":0}
[debug] [2026-06-29T19:01:04.871Z] [work-queue] {"queuedWork":[],"queueLength":0,"runningWork":["/saegroup-c6487/us-central1/api/jobs/7M6W2CjK1yK2V1HmAAeZ/companycam-photos-2026-06-29T19:01:04.871Z"],"workRunningCount":1}
[debug] [2026-06-29T19:01:04.871Z] Accepted request OPTIONS /saegroup-c6487/us-central1/api/jobs/7M6W2CjK1yK2V1HmAAeZ/companycam-photos --> us-central1-api
[debug] [2026-06-29T19:01:04.872Z] [functions] Runtime ready! Sending request! {"metadata":{"emulator":{"name":"functions"},"message":"[functions] Runtime ready! Sending request!"}}
[debug] [2026-06-29T19:01:04.872Z] [functions] Got req.url=/saegroup-c6487/us-central1/api/jobs/7M6W2CjK1yK2V1HmAAeZ/companycam-photos, mapping to path=/jobs/7M6W2CjK1yK2V1HmAAeZ/companycam-photos {"metadata":{"emulator":{"name":"functions"},"message":"[functions] Got req.url=/saegroup-c6487/us-central1/api/jobs/7M6W2CjK1yK2V1HmAAeZ/companycam-photos, mapping to path=/jobs/7M6W2CjK1yK2V1HmAAeZ/companycam-photos"}}
[debug] [2026-06-29T19:01:04.872Z] [worker-pool] submitRequest(triggerId=us-central1-api) {"metadata":{"emulator":{"name":"functions"},"message":"[worker-pool] submitRequest(triggerId=us-central1-api)"}}
[info] i  functions: Beginning execution of "us-central1-api" {"metadata":{"emulator":{"name":"functions"},"function":{"name":"us-central1-api"},"extension":{},"message":"Beginning execution of \"us-central1-api\""}}
[debug] [2026-06-29T19:01:04.872Z] [worker-us-central1-api-b1a7cdac-c38d-401a-8897-979a89a013cd]: BUSY {"metadata":{"emulator":{"name":"functions"},"function":{"name":"us-central1-api"},"extension":{},"message":"[worker-us-central1-api-b1a7cdac-c38d-401a-8897-979a89a013cd]: BUSY"}}
[debug] [2026-06-29T19:01:04.873Z] Finishing up request with event=pause {"metadata":{"emulator":{"name":"functions"},"function":{"name":"us-central1-api"},"extension":{},"message":"Finishing up request with event=pause"}}
[info] i  functions: Finished "us-central1-api" in 1.0601ms {"metadata":{"emulator":{"name":"functions"},"function":{"name":"us-central1-api"},"extension":{},"message":"Finished \"us-central1-api\" in 1.0601ms"}}
[debug] [2026-06-29T19:01:04.874Z] [worker-us-central1-api-b1a7cdac-c38d-401a-8897-979a89a013cd]: IDLE {"metadata":{"emulator":{"name":"functions"},"function":{"name":"us-central1-api"},"extension":{},"message":"[worker-us-central1-api-b1a7cdac-c38d-401a-8897-979a89a013cd]: IDLE"}}
[debug] [2026-06-29T19:01:04.874Z] Finishing up request with event=finish {"metadata":{"emulator":{"name":"functions"},"function":{"name":"us-central1-api"},"extension":{},"message":"Finishing up request with event=finish"}}
[debug] [2026-06-29T19:01:04.874Z] Finishing up request with event=close {"metadata":{"emulator":{"name":"functions"},"function":{"name":"us-central1-api"},"extension":{},"message":"Finishing up request with event=close"}}
[debug] [2026-06-29T19:01:04.874Z] [work-queue] {"queuedWork":[],"queueLength":0,"runningWork":[],"workRunningCount":0}
[debug] [2026-06-29T19:01:04.875Z] [work-queue] {"queuedWork":["/saegroup-c6487/us-central1/api/jobs/7M6W2CjK1yK2V1HmAAeZ/companycam-photos-2026-06-29T19:01:04.875Z"],"queueLength":1,"runningWork":[],"workRunningCount":0}
[debug] [2026-06-29T19:01:04.875Z] [work-queue] {"queuedWork":[],"queueLength":0,"runningWork":["/saegroup-c6487/us-central1/api/jobs/7M6W2CjK1yK2V1HmAAeZ/companycam-photos-2026-06-29T19:01:04.875Z"],"workRunningCount":1}
[debug] [2026-06-29T19:01:04.875Z] Accepted request GET /saegroup-c6487/us-central1/api/jobs/7M6W2CjK1yK2V1HmAAeZ/companycam-photos --> us-central1-api
[debug] [2026-06-29T19:01:04.875Z] [functions] Runtime ready! Sending request! {"metadata":{"emulator":{"name":"functions"},"message":"[functions] Runtime ready! Sending request!"}}
[debug] [2026-06-29T19:01:04.875Z] [functions] Got req.url=/saegroup-c6487/us-central1/api/jobs/7M6W2CjK1yK2V1HmAAeZ/companycam-photos, mapping to path=/jobs/7M6W2CjK1yK2V1HmAAeZ/companycam-photos {"metadata":{"emulator":{"name":"functions"},"message":"[functions] Got req.url=/saegroup-c6487/us-central1/api/jobs/7M6W2CjK1yK2V1HmAAeZ/companycam-photos, mapping to path=/jobs/7M6W2CjK1yK2V1HmAAeZ/companycam-photos"}}
[debug] [2026-06-29T19:01:04.875Z] [worker-pool] submitRequest(triggerId=us-central1-api) {"metadata":{"emulator":{"name":"functions"},"message":"[worker-pool] submitRequest(triggerId=us-central1-api)"}}
[info] i  functions: Beginning execution of "us-central1-api" {"metadata":{"emulator":{"name":"functions"},"function":{"name":"us-central1-api"},"extension":{},"message":"Beginning execution of \"us-central1-api\""}}
[debug] [2026-06-29T19:01:04.876Z] [worker-us-central1-api-b1a7cdac-c38d-401a-8897-979a89a013cd]: BUSY {"metadata":{"emulator":{"name":"functions"},"function":{"name":"us-central1-api"},"extension":{},"message":"[worker-us-central1-api-b1a7cdac-c38d-401a-8897-979a89a013cd]: BUSY"}}
[debug] [2026-06-29T19:01:05.451Z] Finishing up request with event=pause {"metadata":{"emulator":{"name":"functions"},"function":{"name":"us-central1-api"},"extension":{},"message":"Finishing up request with event=pause"}}
[info] i  functions: Finished "us-central1-api" in 575.9696ms {"metadata":{"emulator":{"name":"functions"},"function":{"name":"us-central1-api"},"extension":{},"message":"Finished \"us-central1-api\" in 575.9696ms"}}
[debug] [2026-06-29T19:01:05.452Z] [worker-us-central1-api-b1a7cdac-c38d-401a-8897-979a89a013cd]: IDLE {"metadata":{"emulator":{"name":"functions"},"function":{"name":"us-central1-api"},"extension":{},"message":"[worker-us-central1-api-b1a7cdac-c38d-401a-8897-979a89a013cd]: IDLE"}}
[debug] [2026-06-29T19:01:05.452Z] Finishing up request with event=finish {"metadata":{"emulator":{"name":"functions"},"function":{"name":"us-central1-api"},"extension":{},"message":"Finishing up request with event=finish"}}
[debug] [2026-06-29T19:01:05.452Z] Finishing up request with event=close {"metadata":{"emulator":{"name":"functions"},"function":{"name":"us-central1-api"},"extension":{},"message":"Finishing up request with event=close"}}
[debug] [2026-06-29T19:01:05.452Z] [work-queue] {"queuedWork":[],"queueLength":0,"runningWork":[],"workRunningCount":0}
[debug] [2026-06-29T19:09:23.772Z] [work-queue] {"queuedWork":["/saegroup-c6487/us-central1/api/jobs/H9Wl6ariiHRIVnmNm0DM/companycam-photos-2026-06-29T19:09:23.772Z"],"queueLength":1,"runningWork":[],"workRunningCount":0}
[debug] [2026-06-29T19:09:23.772Z] [work-queue] {"queuedWork":[],"queueLength":0,"runningWork":["/saegroup-c6487/us-central1/api/jobs/H9Wl6ariiHRIVnmNm0DM/companycam-photos-2026-06-29T19:09:23.772Z"],"workRunningCount":1}
[debug] [2026-06-29T19:09:23.772Z] Accepted request OPTIONS /saegroup-c6487/us-central1/api/jobs/H9Wl6ariiHRIVnmNm0DM/companycam-photos --> us-central1-api
[debug] [2026-06-29T19:09:23.773Z] [functions] Runtime ready! Sending request! {"metadata":{"emulator":{"name":"functions"},"message":"[functions] Runtime ready! Sending request!"}}
[debug] [2026-06-29T19:09:23.773Z] [functions] Got req.url=/saegroup-c6487/us-central1/api/jobs/H9Wl6ariiHRIVnmNm0DM/companycam-photos, mapping to path=/jobs/H9Wl6ariiHRIVnmNm0DM/companycam-photos {"metadata":{"emulator":{"name":"functions"},"message":"[functions] Got req.url=/saegroup-c6487/us-central1/api/jobs/H9Wl6ariiHRIVnmNm0DM/companycam-photos, mapping to path=/jobs/H9Wl6ariiHRIVnmNm0DM/companycam-photos"}}
[debug] [2026-06-29T19:09:23.773Z] [worker-pool] submitRequest(triggerId=us-central1-api) {"metadata":{"emulator":{"name":"functions"},"message":"[worker-pool] submitRequest(triggerId=us-central1-api)"}}
[info] i  functions: Beginning execution of "us-central1-api" {"metadata":{"emulator":{"name":"functions"},"function":{"name":"us-central1-api"},"extension":{},"message":"Beginning execution of \"us-central1-api\""}}
[debug] [2026-06-29T19:09:23.774Z] [worker-us-central1-api-b1a7cdac-c38d-401a-8897-979a89a013cd]: BUSY {"metadata":{"emulator":{"name":"functions"},"function":{"name":"us-central1-api"},"extension":{},"message":"[worker-us-central1-api-b1a7cdac-c38d-401a-8897-979a89a013cd]: BUSY"}}
[debug] [2026-06-29T19:09:23.775Z] Finishing up request with event=pause {"metadata":{"emulator":{"name":"functions"},"function":{"name":"us-central1-api"},"extension":{},"message":"Finishing up request with event=pause"}}
[info] i  functions: Finished "us-central1-api" in 1.3046ms {"metadata":{"emulator":{"name":"functions"},"function":{"name":"us-central1-api"},"extension":{},"message":"Finished \"us-central1-api\" in 1.3046ms"}}
[debug] [2026-06-29T19:09:23.775Z] [worker-us-central1-api-b1a7cdac-c38d-401a-8897-979a89a013cd]: IDLE {"metadata":{"emulator":{"name":"functions"},"function":{"name":"us-central1-api"},"extension":{},"message":"[worker-us-central1-api-b1a7cdac-c38d-401a-8897-979a89a013cd]: IDLE"}}
[debug] [2026-06-29T19:09:23.775Z] Finishing up request with event=finish {"metadata":{"emulator":{"name":"functions"},"function":{"name":"us-central1-api"},"extension":{},"message":"Finishing up request with event=finish"}}
[debug] [2026-06-29T19:09:23.775Z] Finishing up request with event=close {"metadata":{"emulator":{"name":"functions"},"function":{"name":"us-central1-api"},"extension":{},"message":"Finishing up request with event=close"}}
[debug] [2026-06-29T19:09:23.775Z] [work-queue] {"queuedWork":[],"queueLength":0,"runningWork":[],"workRunningCount":0}
[debug] [2026-06-29T19:09:23.776Z] [work-queue] {"queuedWork":["/saegroup-c6487/us-central1/api/jobs/H9Wl6ariiHRIVnmNm0DM/companycam-photos-2026-06-29T19:09:23.776Z"],"queueLength":1,"runningWork":[],"workRunningCount":0}
[debug] [2026-06-29T19:09:23.776Z] [work-queue] {"queuedWork":[],"queueLength":0,"runningWork":["/saegroup-c6487/us-central1/api/jobs/H9Wl6ariiHRIVnmNm0DM/companycam-photos-2026-06-29T19:09:23.776Z"],"workRunningCount":1}
[debug] [2026-06-29T19:09:23.776Z] Accepted request GET /saegroup-c6487/us-central1/api/jobs/H9Wl6ariiHRIVnmNm0DM/companycam-photos --> us-central1-api
[debug] [2026-06-29T19:09:23.777Z] [functions] Runtime ready! Sending request! {"metadata":{"emulator":{"name":"functions"},"message":"[functions] Runtime ready! Sending request!"}}
[debug] [2026-06-29T19:09:23.777Z] [functions] Got req.url=/saegroup-c6487/us-central1/api/jobs/H9Wl6ariiHRIVnmNm0DM/companycam-photos, mapping to path=/jobs/H9Wl6ariiHRIVnmNm0DM/companycam-photos {"metadata":{"emulator":{"name":"functions"},"message":"[functions] Got req.url=/saegroup-c6487/us-central1/api/jobs/H9Wl6ariiHRIVnmNm0DM/companycam-photos, mapping to path=/jobs/H9Wl6ariiHRIVnmNm0DM/companycam-photos"}}
[debug] [2026-06-29T19:09:23.777Z] [worker-pool] submitRequest(triggerId=us-central1-api) {"metadata":{"emulator":{"name":"functions"},"message":"[worker-pool] submitRequest(triggerId=us-central1-api)"}}
[info] i  functions: Beginning execution of "us-central1-api" {"metadata":{"emulator":{"name":"functions"},"function":{"name":"us-central1-api"},"extension":{},"message":"Beginning execution of \"us-central1-api\""}}
[debug] [2026-06-29T19:09:23.777Z] [worker-us-central1-api-b1a7cdac-c38d-401a-8897-979a89a013cd]: BUSY {"metadata":{"emulator":{"name":"functions"},"function":{"name":"us-central1-api"},"extension":{},"message":"[worker-us-central1-api-b1a7cdac-c38d-401a-8897-979a89a013cd]: BUSY"}}
[debug] [2026-06-29T19:09:24.252Z] Finishing up request with event=pause {"metadata":{"emulator":{"name":"functions"},"function":{"name":"us-central1-api"},"extension":{},"message":"Finishing up request with event=pause"}}
[info] i  functions: Finished "us-central1-api" in 474.7028ms {"metadata":{"emulator":{"name":"functions"},"function":{"name":"us-central1-api"},"extension":{},"message":"Finished \"us-central1-api\" in 474.7028ms"}}
[debug] [2026-06-29T19:09:24.252Z] [worker-us-central1-api-b1a7cdac-c38d-401a-8897-979a89a013cd]: IDLE {"metadata":{"emulator":{"name":"functions"},"function":{"name":"us-central1-api"},"extension":{},"message":"[worker-us-central1-api-b1a7cdac-c38d-401a-8897-979a89a013cd]: IDLE"}}
[debug] [2026-06-29T19:09:24.252Z] Finishing up request with event=finish {"metadata":{"emulator":{"name":"functions"},"function":{"name":"us-central1-api"},"extension":{},"message":"Finishing up request with event=finish"}}
[debug] [2026-06-29T19:09:24.252Z] Finishing up request with event=close {"metadata":{"emulator":{"name":"functions"},"function":{"name":"us-central1-api"},"extension":{},"message":"Finishing up request with event=close"}}
[debug] [2026-06-29T19:09:24.252Z] [work-queue] {"queuedWork":[],"queueLength":0,"runningWork":[],"workRunningCount":0}
[debug] [2026-06-29T19:09:37.562Z] [work-queue] {"queuedWork":["/saegroup-c6487/us-central1/api/jobs/jgk1dMn0dOxYWX2hNXO1/companycam-photos-2026-06-29T19:09:37.562Z"],"queueLength":1,"runningWork":[],"workRunningCount":0}
[debug] [2026-06-29T19:09:37.563Z] [work-queue] {"queuedWork":[],"queueLength":0,"runningWork":["/saegroup-c6487/us-central1/api/jobs/jgk1dMn0dOxYWX2hNXO1/companycam-photos-2026-06-29T19:09:37.562Z"],"workRunningCount":1}
[debug] [2026-06-29T19:09:37.563Z] Accepted request OPTIONS /saegroup-c6487/us-central1/api/jobs/jgk1dMn0dOxYWX2hNXO1/companycam-photos --> us-central1-api
[debug] [2026-06-29T19:09:37.563Z] [functions] Runtime ready! Sending request! {"metadata":{"emulator":{"name":"functions"},"message":"[functions] Runtime ready! Sending request!"}}
[debug] [2026-06-29T19:09:37.563Z] [functions] Got req.url=/saegroup-c6487/us-central1/api/jobs/jgk1dMn0dOxYWX2hNXO1/companycam-photos, mapping to path=/jobs/jgk1dMn0dOxYWX2hNXO1/companycam-photos {"metadata":{"emulator":{"name":"functions"},"message":"[functions] Got req.url=/saegroup-c6487/us-central1/api/jobs/jgk1dMn0dOxYWX2hNXO1/companycam-photos, mapping to path=/jobs/jgk1dMn0dOxYWX2hNXO1/companycam-photos"}}
[debug] [2026-06-29T19:09:37.563Z] [worker-pool] submitRequest(triggerId=us-central1-api) {"metadata":{"emulator":{"name":"functions"},"message":"[worker-pool] submitRequest(triggerId=us-central1-api)"}}
[info] i  functions: Beginning execution of "us-central1-api" {"metadata":{"emulator":{"name":"functions"},"function":{"name":"us-central1-api"},"extension":{},"message":"Beginning execution of \"us-central1-api\""}}
[debug] [2026-06-29T19:09:37.563Z] [worker-us-central1-api-b1a7cdac-c38d-401a-8897-979a89a013cd]: BUSY {"metadata":{"emulator":{"name":"functions"},"function":{"name":"us-central1-api"},"extension":{},"message":"[worker-us-central1-api-b1a7cdac-c38d-401a-8897-979a89a013cd]: BUSY"}}
[debug] [2026-06-29T19:09:37.564Z] Finishing up request with event=pause {"metadata":{"emulator":{"name":"functions"},"function":{"name":"us-central1-api"},"extension":{},"message":"Finishing up request with event=pause"}}
[info] i  functions: Finished "us-central1-api" in 1.0362ms {"metadata":{"emulator":{"name":"functions"},"function":{"name":"us-central1-api"},"extension":{},"message":"Finished \"us-central1-api\" in 1.0362ms"}}
[debug] [2026-06-29T19:09:37.565Z] [worker-us-central1-api-b1a7cdac-c38d-401a-8897-979a89a013cd]: IDLE {"metadata":{"emulator":{"name":"functions"},"function":{"name":"us-central1-api"},"extension":{},"message":"[worker-us-central1-api-b1a7cdac-c38d-401a-8897-979a89a013cd]: IDLE"}}
[debug] [2026-06-29T19:09:37.565Z] Finishing up request with event=finish {"metadata":{"emulator":{"name":"functions"},"function":{"name":"us-central1-api"},"extension":{},"message":"Finishing up request with event=finish"}}
[debug] [2026-06-29T19:09:37.565Z] Finishing up request with event=close {"metadata":{"emulator":{"name":"functions"},"function":{"name":"us-central1-api"},"extension":{},"message":"Finishing up request with event=close"}}
[debug] [2026-06-29T19:09:37.565Z] [work-queue] {"queuedWork":[],"queueLength":0,"runningWork":[],"workRunningCount":0}
[debug] [2026-06-29T19:09:37.566Z] [work-queue] {"queuedWork":["/saegroup-c6487/us-central1/api/jobs/jgk1dMn0dOxYWX2hNXO1/companycam-photos-2026-06-29T19:09:37.566Z"],"queueLength":1,"runningWork":[],"workRunningCount":0}
[debug] [2026-06-29T19:09:37.566Z] [work-queue] {"queuedWork":[],"queueLength":0,"runningWork":["/saegroup-c6487/us-central1/api/jobs/jgk1dMn0dOxYWX2hNXO1/companycam-photos-2026-06-29T19:09:37.566Z"],"workRunningCount":1}
[debug] [2026-06-29T19:09:37.566Z] Accepted request GET /saegroup-c6487/us-central1/api/jobs/jgk1dMn0dOxYWX2hNXO1/companycam-photos --> us-central1-api
[debug] [2026-06-29T19:09:37.567Z] [functions] Runtime ready! Sending request! {"metadata":{"emulator":{"name":"functions"},"message":"[functions] Runtime ready! Sending request!"}}
[debug] [2026-06-29T19:09:37.567Z] [functions] Got req.url=/saegroup-c6487/us-central1/api/jobs/jgk1dMn0dOxYWX2hNXO1/companycam-photos, mapping to path=/jobs/jgk1dMn0dOxYWX2hNXO1/companycam-photos {"metadata":{"emulator":{"name":"functions"},"message":"[functions] Got req.url=/saegroup-c6487/us-central1/api/jobs/jgk1dMn0dOxYWX2hNXO1/companycam-photos, mapping to path=/jobs/jgk1dMn0dOxYWX2hNXO1/companycam-photos"}}
[debug] [2026-06-29T19:09:37.567Z] [worker-pool] submitRequest(triggerId=us-central1-api) {"metadata":{"emulator":{"name":"functions"},"message":"[worker-pool] submitRequest(triggerId=us-central1-api)"}}
[info] i  functions: Beginning execution of "us-central1-api" {"metadata":{"emulator":{"name":"functions"},"function":{"name":"us-central1-api"},"extension":{},"message":"Beginning execution of \"us-central1-api\""}}
[debug] [2026-06-29T19:09:37.567Z] [worker-us-central1-api-b1a7cdac-c38d-401a-8897-979a89a013cd]: BUSY {"metadata":{"emulator":{"name":"functions"},"function":{"name":"us-central1-api"},"extension":{},"message":"[worker-us-central1-api-b1a7cdac-c38d-401a-8897-979a89a013cd]: BUSY"}}
[debug] [2026-06-29T19:09:37.866Z] Finishing up request with event=pause {"metadata":{"emulator":{"name":"functions"},"function":{"name":"us-central1-api"},"extension":{},"message":"Finishing up request with event=pause"}}
[info] i  functions: Finished "us-central1-api" in 299.4109ms {"metadata":{"emulator":{"name":"functions"},"function":{"name":"us-central1-api"},"extension":{},"message":"Finished \"us-central1-api\" in 299.4109ms"}}
[debug] [2026-06-29T19:09:37.866Z] [worker-us-central1-api-b1a7cdac-c38d-401a-8897-979a89a013cd]: IDLE {"metadata":{"emulator":{"name":"functions"},"function":{"name":"us-central1-api"},"extension":{},"message":"[worker-us-central1-api-b1a7cdac-c38d-401a-8897-979a89a013cd]: IDLE"}}
[debug] [2026-06-29T19:09:37.867Z] Finishing up request with event=finish {"metadata":{"emulator":{"name":"functions"},"function":{"name":"us-central1-api"},"extension":{},"message":"Finishing up request with event=finish"}}
[debug] [2026-06-29T19:09:37.867Z] Finishing up request with event=close {"metadata":{"emulator":{"name":"functions"},"function":{"name":"us-central1-api"},"extension":{},"message":"Finishing up request with event=close"}}
[debug] [2026-06-29T19:09:37.867Z] [work-queue] {"queuedWork":[],"queueLength":0,"runningWork":[],"workRunningCount":0}
[debug] [2026-06-29T19:11:40.317Z] [work-queue] {"queuedWork":["/saegroup-c6487/us-central1/api/jobs/7M6W2CjK1yK2V1HmAAeZ/companycam-photos-2026-06-29T19:11:40.317Z"],"queueLength":1,"runningWork":[],"workRunningCount":0}
[debug] [2026-06-29T19:11:40.317Z] [work-queue] {"queuedWork":[],"queueLength":0,"runningWork":["/saegroup-c6487/us-central1/api/jobs/7M6W2CjK1yK2V1HmAAeZ/companycam-photos-2026-06-29T19:11:40.317Z"],"workRunningCount":1}
[debug] [2026-06-29T19:11:40.317Z] Accepted request OPTIONS /saegroup-c6487/us-central1/api/jobs/7M6W2CjK1yK2V1HmAAeZ/companycam-photos --> us-central1-api
[debug] [2026-06-29T19:11:40.318Z] [functions] Runtime ready! Sending request! {"metadata":{"emulator":{"name":"functions"},"message":"[functions] Runtime ready! Sending request!"}}
[debug] [2026-06-29T19:11:40.318Z] [functions] Got req.url=/saegroup-c6487/us-central1/api/jobs/7M6W2CjK1yK2V1HmAAeZ/companycam-photos, mapping to path=/jobs/7M6W2CjK1yK2V1HmAAeZ/companycam-photos {"metadata":{"emulator":{"name":"functions"},"message":"[functions] Got req.url=/saegroup-c6487/us-central1/api/jobs/7M6W2CjK1yK2V1HmAAeZ/companycam-photos, mapping to path=/jobs/7M6W2CjK1yK2V1HmAAeZ/companycam-photos"}}
[debug] [2026-06-29T19:11:40.318Z] [worker-pool] submitRequest(triggerId=us-central1-api) {"metadata":{"emulator":{"name":"functions"},"message":"[worker-pool] submitRequest(triggerId=us-central1-api)"}}
[info] i  functions: Beginning execution of "us-central1-api" {"metadata":{"emulator":{"name":"functions"},"function":{"name":"us-central1-api"},"extension":{},"message":"Beginning execution of \"us-central1-api\""}}
[debug] [2026-06-29T19:11:40.318Z] [worker-us-central1-api-b1a7cdac-c38d-401a-8897-979a89a013cd]: BUSY {"metadata":{"emulator":{"name":"functions"},"function":{"name":"us-central1-api"},"extension":{},"message":"[worker-us-central1-api-b1a7cdac-c38d-401a-8897-979a89a013cd]: BUSY"}}
[debug] [2026-06-29T19:11:40.319Z] Finishing up request with event=pause {"metadata":{"emulator":{"name":"functions"},"function":{"name":"us-central1-api"},"extension":{},"message":"Finishing up request with event=pause"}}
[info] i  functions: Finished "us-central1-api" in 1.0639ms {"metadata":{"emulator":{"name":"functions"},"function":{"name":"us-central1-api"},"extension":{},"message":"Finished \"us-central1-api\" in 1.0639ms"}}
[debug] [2026-06-29T19:11:40.319Z] [worker-us-central1-api-b1a7cdac-c38d-401a-8897-979a89a013cd]: IDLE {"metadata":{"emulator":{"name":"functions"},"function":{"name":"us-central1-api"},"extension":{},"message":"[worker-us-central1-api-b1a7cdac-c38d-401a-8897-979a89a013cd]: IDLE"}}
[debug] [2026-06-29T19:11:40.319Z] Finishing up request with event=finish {"metadata":{"emulator":{"name":"functions"},"function":{"name":"us-central1-api"},"extension":{},"message":"Finishing up request with event=finish"}}
[debug] [2026-06-29T19:11:40.319Z] Finishing up request with event=close {"metadata":{"emulator":{"name":"functions"},"function":{"name":"us-central1-api"},"extension":{},"message":"Finishing up request with event=close"}}
[debug] [2026-06-29T19:11:40.319Z] [work-queue] {"queuedWork":[],"queueLength":0,"runningWork":[],"workRunningCount":0}
[debug] [2026-06-29T19:11:40.320Z] [work-queue] {"queuedWork":["/saegroup-c6487/us-central1/api/jobs/7M6W2CjK1yK2V1HmAAeZ/companycam-photos-2026-06-29T19:11:40.320Z"],"queueLength":1,"runningWork":[],"workRunningCount":0}
[debug] [2026-06-29T19:11:40.320Z] [work-queue] {"queuedWork":[],"queueLength":0,"runningWork":["/saegroup-c6487/us-central1/api/jobs/7M6W2CjK1yK2V1HmAAeZ/companycam-photos-2026-06-29T19:11:40.320Z"],"workRunningCount":1}
[debug] [2026-06-29T19:11:40.320Z] Accepted request GET /saegroup-c6487/us-central1/api/jobs/7M6W2CjK1yK2V1HmAAeZ/companycam-photos --> us-central1-api
[debug] [2026-06-29T19:11:40.321Z] [functions] Runtime ready! Sending request! {"metadata":{"emulator":{"name":"functions"},"message":"[functions] Runtime ready! Sending request!"}}
[debug] [2026-06-29T19:11:40.321Z] [functions] Got req.url=/saegroup-c6487/us-central1/api/jobs/7M6W2CjK1yK2V1HmAAeZ/companycam-photos, mapping to path=/jobs/7M6W2CjK1yK2V1HmAAeZ/companycam-photos {"metadata":{"emulator":{"name":"functions"},"message":"[functions] Got req.url=/saegroup-c6487/us-central1/api/jobs/7M6W2CjK1yK2V1HmAAeZ/companycam-photos, mapping to path=/jobs/7M6W2CjK1yK2V1HmAAeZ/companycam-photos"}}
[debug] [2026-06-29T19:11:40.321Z] [worker-pool] submitRequest(triggerId=us-central1-api) {"metadata":{"emulator":{"name":"functions"},"message":"[worker-pool] submitRequest(triggerId=us-central1-api)"}}
[info] i  functions: Beginning execution of "us-central1-api" {"metadata":{"emulator":{"name":"functions"},"function":{"name":"us-central1-api"},"extension":{},"message":"Beginning execution of \"us-central1-api\""}}
[debug] [2026-06-29T19:11:40.321Z] [worker-us-central1-api-b1a7cdac-c38d-401a-8897-979a89a013cd]: BUSY {"metadata":{"emulator":{"name":"functions"},"function":{"name":"us-central1-api"},"extension":{},"message":"[worker-us-central1-api-b1a7cdac-c38d-401a-8897-979a89a013cd]: BUSY"}}
[debug] [2026-06-29T19:11:40.637Z] Finishing up request with event=pause {"metadata":{"emulator":{"name":"functions"},"function":{"name":"us-central1-api"},"extension":{},"message":"Finishing up request with event=pause"}}
[info] i  functions: Finished "us-central1-api" in 316.1797ms {"metadata":{"emulator":{"name":"functions"},"function":{"name":"us-central1-api"},"extension":{},"message":"Finished \"us-central1-api\" in 316.1797ms"}}
[debug] [2026-06-29T19:11:40.637Z] [worker-us-central1-api-b1a7cdac-c38d-401a-8897-979a89a013cd]: IDLE {"metadata":{"emulator":{"name":"functions"},"function":{"name":"us-central1-api"},"extension":{},"message":"[worker-us-central1-api-b1a7cdac-c38d-401a-8897-979a89a013cd]: IDLE"}}
[debug] [2026-06-29T19:11:40.637Z] Finishing up request with event=finish {"metadata":{"emulator":{"name":"functions"},"function":{"name":"us-central1-api"},"extension":{},"message":"Finishing up request with event=finish"}}
[debug] [2026-06-29T19:11:40.637Z] Finishing up request with event=close {"metadata":{"emulator":{"name":"functions"},"function":{"name":"us-central1-api"},"extension":{},"message":"Finishing up request with event=close"}}
[debug] [2026-06-29T19:11:40.637Z] [work-queue] {"queuedWork":[],"queueLength":0,"runningWork":[],"workRunningCount":0}
[debug] [2026-06-29T19:13:58.817Z] [work-queue] {"queuedWork":["/saegroup-c6487/us-central1/api/jobs/7M6W2CjK1yK2V1HmAAeZ/companycam-photos-2026-06-29T19:13:58.817Z"],"queueLength":1,"runningWork":[],"workRunningCount":0}
[debug] [2026-06-29T19:13:58.817Z] [work-queue] {"queuedWork":[],"queueLength":0,"runningWork":["/saegroup-c6487/us-central1/api/jobs/7M6W2CjK1yK2V1HmAAeZ/companycam-photos-2026-06-29T19:13:58.817Z"],"workRunningCount":1}
[debug] [2026-06-29T19:13:58.817Z] Accepted request OPTIONS /saegroup-c6487/us-central1/api/jobs/7M6W2CjK1yK2V1HmAAeZ/companycam-photos --> us-central1-api
[debug] [2026-06-29T19:13:58.818Z] [functions] Runtime ready! Sending request! {"metadata":{"emulator":{"name":"functions"},"message":"[functions] Runtime ready! Sending request!"}}
[debug] [2026-06-29T19:13:58.818Z] [functions] Got req.url=/saegroup-c6487/us-central1/api/jobs/7M6W2CjK1yK2V1HmAAeZ/companycam-photos, mapping to path=/jobs/7M6W2CjK1yK2V1HmAAeZ/companycam-photos {"metadata":{"emulator":{"name":"functions"},"message":"[functions] Got req.url=/saegroup-c6487/us-central1/api/jobs/7M6W2CjK1yK2V1HmAAeZ/companycam-photos, mapping to path=/jobs/7M6W2CjK1yK2V1HmAAeZ/companycam-photos"}}
[debug] [2026-06-29T19:13:58.818Z] [worker-pool] submitRequest(triggerId=us-central1-api) {"metadata":{"emulator":{"name":"functions"},"message":"[worker-pool] submitRequest(triggerId=us-central1-api)"}}
[info] i  functions: Beginning execution of "us-central1-api" {"metadata":{"emulator":{"name":"functions"},"function":{"name":"us-central1-api"},"extension":{},"message":"Beginning execution of \"us-central1-api\""}}
[debug] [2026-06-29T19:13:58.818Z] [worker-us-central1-api-b1a7cdac-c38d-401a-8897-979a89a013cd]: BUSY {"metadata":{"emulator":{"name":"functions"},"function":{"name":"us-central1-api"},"extension":{},"message":"[worker-us-central1-api-b1a7cdac-c38d-401a-8897-979a89a013cd]: BUSY"}}
[debug] [2026-06-29T19:13:58.819Z] Finishing up request with event=pause {"metadata":{"emulator":{"name":"functions"},"function":{"name":"us-central1-api"},"extension":{},"message":"Finishing up request with event=pause"}}
[info] i  functions: Finished "us-central1-api" in 1.0171ms {"metadata":{"emulator":{"name":"functions"},"function":{"name":"us-central1-api"},"extension":{},"message":"Finished \"us-central1-api\" in 1.0171ms"}}
[debug] [2026-06-29T19:13:58.819Z] [worker-us-central1-api-b1a7cdac-c38d-401a-8897-979a89a013cd]: IDLE {"metadata":{"emulator":{"name":"functions"},"function":{"name":"us-central1-api"},"extension":{},"message":"[worker-us-central1-api-b1a7cdac-c38d-401a-8897-979a89a013cd]: IDLE"}}
[debug] [2026-06-29T19:13:58.819Z] Finishing up request with event=finish {"metadata":{"emulator":{"name":"functions"},"function":{"name":"us-central1-api"},"extension":{},"message":"Finishing up request with event=finish"}}
[debug] [2026-06-29T19:13:58.819Z] Finishing up request with event=close {"metadata":{"emulator":{"name":"functions"},"function":{"name":"us-central1-api"},"extension":{},"message":"Finishing up request with event=close"}}
[debug] [2026-06-29T19:13:58.819Z] [work-queue] {"queuedWork":[],"queueLength":0,"runningWork":[],"workRunningCount":0}
[debug] [2026-06-29T19:13:58.820Z] [work-queue] {"queuedWork":["/saegroup-c6487/us-central1/api/jobs/7M6W2CjK1yK2V1HmAAeZ/companycam-photos-2026-06-29T19:13:58.820Z"],"queueLength":1,"runningWork":[],"workRunningCount":0}
[debug] [2026-06-29T19:13:58.820Z] [work-queue] {"queuedWork":[],"queueLength":0,"runningWork":["/saegroup-c6487/us-central1/api/jobs/7M6W2CjK1yK2V1HmAAeZ/companycam-photos-2026-06-29T19:13:58.820Z"],"workRunningCount":1}
[debug] [2026-06-29T19:13:58.820Z] Accepted request GET /saegroup-c6487/us-central1/api/jobs/7M6W2CjK1yK2V1HmAAeZ/companycam-photos --> us-central1-api
[debug] [2026-06-29T19:13:58.821Z] [functions] Runtime ready! Sending request! {"metadata":{"emulator":{"name":"functions"},"message":"[functions] Runtime ready! Sending request!"}}
[debug] [2026-06-29T19:13:58.821Z] [functions] Got req.url=/saegroup-c6487/us-central1/api/jobs/7M6W2CjK1yK2V1HmAAeZ/companycam-photos, mapping to path=/jobs/7M6W2CjK1yK2V1HmAAeZ/companycam-photos {"metadata":{"emulator":{"name":"functions"},"message":"[functions] Got req.url=/saegroup-c6487/us-central1/api/jobs/7M6W2CjK1yK2V1HmAAeZ/companycam-photos, mapping to path=/jobs/7M6W2CjK1yK2V1HmAAeZ/companycam-photos"}}
[debug] [2026-06-29T19:13:58.821Z] [worker-pool] submitRequest(triggerId=us-central1-api) {"metadata":{"emulator":{"name":"functions"},"message":"[worker-pool] submitRequest(triggerId=us-central1-api)"}}
[info] i  functions: Beginning execution of "us-central1-api" {"metadata":{"emulator":{"name":"functions"},"function":{"name":"us-central1-api"},"extension":{},"message":"Beginning execution of \"us-central1-api\""}}
[debug] [2026-06-29T19:13:58.821Z] [worker-us-central1-api-b1a7cdac-c38d-401a-8897-979a89a013cd]: BUSY {"metadata":{"emulator":{"name":"functions"},"function":{"name":"us-central1-api"},"extension":{},"message":"[worker-us-central1-api-b1a7cdac-c38d-401a-8897-979a89a013cd]: BUSY"}}
[debug] [2026-06-29T19:13:59.295Z] Finishing up request with event=pause {"metadata":{"emulator":{"name":"functions"},"function":{"name":"us-central1-api"},"extension":{},"message":"Finishing up request with event=pause"}}
[info] i  functions: Finished "us-central1-api" in 474.2647ms {"metadata":{"emulator":{"name":"functions"},"function":{"name":"us-central1-api"},"extension":{},"message":"Finished \"us-central1-api\" in 474.2647ms"}}
[debug] [2026-06-29T19:13:59.296Z] [worker-us-central1-api-b1a7cdac-c38d-401a-8897-979a89a013cd]: IDLE {"metadata":{"emulator":{"name":"functions"},"function":{"name":"us-central1-api"},"extension":{},"message":"[worker-us-central1-api-b1a7cdac-c38d-401a-8897-979a89a013cd]: IDLE"}}
[debug] [2026-06-29T19:13:59.296Z] Finishing up request with event=finish {"metadata":{"emulator":{"name":"functions"},"function":{"name":"us-central1-api"},"extension":{},"message":"Finishing up request with event=finish"}}
[debug] [2026-06-29T19:13:59.296Z] Finishing up request with event=close {"metadata":{"emulator":{"name":"functions"},"function":{"name":"us-central1-api"},"extension":{},"message":"Finishing up request with event=close"}}
[debug] [2026-06-29T19:13:59.296Z] [work-queue] {"queuedWork":[],"queueLength":0,"runningWork":[],"workRunningCount":0}
[debug] [2026-06-29T19:27:16.785Z] [work-queue] {"queuedWork":["/saegroup-c6487/us-central1/api/jobs/7M6W2CjK1yK2V1HmAAeZ/companycam-photos-2026-06-29T19:27:16.785Z"],"queueLength":1,"runningWork":[],"workRunningCount":0}
[debug] [2026-06-29T19:27:16.785Z] [work-queue] {"queuedWork":[],"queueLength":0,"runningWork":["/saegroup-c6487/us-central1/api/jobs/7M6W2CjK1yK2V1HmAAeZ/companycam-photos-2026-06-29T19:27:16.785Z"],"workRunningCount":1}
[debug] [2026-06-29T19:27:16.785Z] Accepted request OPTIONS /saegroup-c6487/us-central1/api/jobs/7M6W2CjK1yK2V1HmAAeZ/companycam-photos --> us-central1-api
[debug] [2026-06-29T19:27:16.786Z] [functions] Runtime ready! Sending request! {"metadata":{"emulator":{"name":"functions"},"message":"[functions] Runtime ready! Sending request!"}}
[debug] [2026-06-29T19:27:16.786Z] [functions] Got req.url=/saegroup-c6487/us-central1/api/jobs/7M6W2CjK1yK2V1HmAAeZ/companycam-photos, mapping to path=/jobs/7M6W2CjK1yK2V1HmAAeZ/companycam-photos {"metadata":{"emulator":{"name":"functions"},"message":"[functions] Got req.url=/saegroup-c6487/us-central1/api/jobs/7M6W2CjK1yK2V1HmAAeZ/companycam-photos, mapping to path=/jobs/7M6W2CjK1yK2V1HmAAeZ/companycam-photos"}}
[debug] [2026-06-29T19:27:16.786Z] [worker-pool] submitRequest(triggerId=us-central1-api) {"metadata":{"emulator":{"name":"functions"},"message":"[worker-pool] submitRequest(triggerId=us-central1-api)"}}
[info] i  functions: Beginning execution of "us-central1-api" {"metadata":{"emulator":{"name":"functions"},"function":{"name":"us-central1-api"},"extension":{},"message":"Beginning execution of \"us-central1-api\""}}
[debug] [2026-06-29T19:27:16.787Z] [worker-us-central1-api-b1a7cdac-c38d-401a-8897-979a89a013cd]: BUSY {"metadata":{"emulator":{"name":"functions"},"function":{"name":"us-central1-api"},"extension":{},"message":"[worker-us-central1-api-b1a7cdac-c38d-401a-8897-979a89a013cd]: BUSY"}}
[debug] [2026-06-29T19:27:16.788Z] Finishing up request with event=pause {"metadata":{"emulator":{"name":"functions"},"function":{"name":"us-central1-api"},"extension":{},"message":"Finishing up request with event=pause"}}
[info] i  functions: Finished "us-central1-api" in 1.5277ms {"metadata":{"emulator":{"name":"functions"},"function":{"name":"us-central1-api"},"extension":{},"message":"Finished \"us-central1-api\" in 1.5277ms"}}
[debug] [2026-06-29T19:27:16.788Z] [worker-us-central1-api-b1a7cdac-c38d-401a-8897-979a89a013cd]: IDLE {"metadata":{"emulator":{"name":"functions"},"function":{"name":"us-central1-api"},"extension":{},"message":"[worker-us-central1-api-b1a7cdac-c38d-401a-8897-979a89a013cd]: IDLE"}}
[debug] [2026-06-29T19:27:16.788Z] Finishing up request with event=finish {"metadata":{"emulator":{"name":"functions"},"function":{"name":"us-central1-api"},"extension":{},"message":"Finishing up request with event=finish"}}
[debug] [2026-06-29T19:27:16.788Z] Finishing up request with event=close {"metadata":{"emulator":{"name":"functions"},"function":{"name":"us-central1-api"},"extension":{},"message":"Finishing up request with event=close"}}
[debug] [2026-06-29T19:27:16.788Z] [work-queue] {"queuedWork":[],"queueLength":0,"runningWork":[],"workRunningCount":0}
[debug] [2026-06-29T19:27:16.790Z] [work-queue] {"queuedWork":["/saegroup-c6487/us-central1/api/jobs/7M6W2CjK1yK2V1HmAAeZ/companycam-photos-2026-06-29T19:27:16.790Z"],"queueLength":1,"runningWork":[],"workRunningCount":0}
[debug] [2026-06-29T19:27:16.790Z] [work-queue] {"queuedWork":[],"queueLength":0,"runningWork":["/saegroup-c6487/us-central1/api/jobs/7M6W2CjK1yK2V1HmAAeZ/companycam-photos-2026-06-29T19:27:16.790Z"],"workRunningCount":1}
[debug] [2026-06-29T19:27:16.790Z] Accepted request GET /saegroup-c6487/us-central1/api/jobs/7M6W2CjK1yK2V1HmAAeZ/companycam-photos --> us-central1-api
[debug] [2026-06-29T19:27:16.790Z] [functions] Runtime ready! Sending request! {"metadata":{"emulator":{"name":"functions"},"message":"[functions] Runtime ready! Sending request!"}}
[debug] [2026-06-29T19:27:16.790Z] [functions] Got req.url=/saegroup-c6487/us-central1/api/jobs/7M6W2CjK1yK2V1HmAAeZ/companycam-photos, mapping to path=/jobs/7M6W2CjK1yK2V1HmAAeZ/companycam-photos {"metadata":{"emulator":{"name":"functions"},"message":"[functions] Got req.url=/saegroup-c6487/us-central1/api/jobs/7M6W2CjK1yK2V1HmAAeZ/companycam-photos, mapping to path=/jobs/7M6W2CjK1yK2V1HmAAeZ/companycam-photos"}}
[debug] [2026-06-29T19:27:16.790Z] [worker-pool] submitRequest(triggerId=us-central1-api) {"metadata":{"emulator":{"name":"functions"},"message":"[worker-pool] submitRequest(triggerId=us-central1-api)"}}
[info] i  functions: Beginning execution of "us-central1-api" {"metadata":{"emulator":{"name":"functions"},"function":{"name":"us-central1-api"},"extension":{},"message":"Beginning execution of \"us-central1-api\""}}
[debug] [2026-06-29T19:27:16.791Z] [worker-us-central1-api-b1a7cdac-c38d-401a-8897-979a89a013cd]: BUSY {"metadata":{"emulator":{"name":"functions"},"function":{"name":"us-central1-api"},"extension":{},"message":"[worker-us-central1-api-b1a7cdac-c38d-401a-8897-979a89a013cd]: BUSY"}}
[debug] [2026-06-29T19:27:17.648Z] Finishing up request with event=pause {"metadata":{"emulator":{"name":"functions"},"function":{"name":"us-central1-api"},"extension":{},"message":"Finishing up request with event=pause"}}
[info] i  functions: Finished "us-central1-api" in 857.2923ms {"metadata":{"emulator":{"name":"functions"},"function":{"name":"us-central1-api"},"extension":{},"message":"Finished \"us-central1-api\" in 857.2923ms"}}
[debug] [2026-06-29T19:27:17.648Z] [worker-us-central1-api-b1a7cdac-c38d-401a-8897-979a89a013cd]: IDLE {"metadata":{"emulator":{"name":"functions"},"function":{"name":"us-central1-api"},"extension":{},"message":"[worker-us-central1-api-b1a7cdac-c38d-401a-8897-979a89a013cd]: IDLE"}}
[debug] [2026-06-29T19:27:17.648Z] Finishing up request with event=finish {"metadata":{"emulator":{"name":"functions"},"function":{"name":"us-central1-api"},"extension":{},"message":"Finishing up request with event=finish"}}
[debug] [2026-06-29T19:27:17.648Z] Finishing up request with event=close {"metadata":{"emulator":{"name":"functions"},"function":{"name":"us-central1-api"},"extension":{},"message":"Finishing up request with event=close"}}
[debug] [2026-06-29T19:27:17.648Z] [work-queue] {"queuedWork":[],"queueLength":0,"runningWork":[],"workRunningCount":0}
[debug] [2026-06-29T19:29:34.903Z] [work-queue] {"queuedWork":["/saegroup-c6487/us-central1/api/jobs/7M6W2CjK1yK2V1HmAAeZ/companycam-photos-2026-06-29T19:29:34.903Z"],"queueLength":1,"runningWork":[],"workRunningCount":0}
[debug] [2026-06-29T19:29:34.903Z] [work-queue] {"queuedWork":[],"queueLength":0,"runningWork":["/saegroup-c6487/us-central1/api/jobs/7M6W2CjK1yK2V1HmAAeZ/companycam-photos-2026-06-29T19:29:34.903Z"],"workRunningCount":1}
[debug] [2026-06-29T19:29:34.903Z] Accepted request OPTIONS /saegroup-c6487/us-central1/api/jobs/7M6W2CjK1yK2V1HmAAeZ/companycam-photos --> us-central1-api
[debug] [2026-06-29T19:29:34.904Z] [functions] Runtime ready! Sending request! {"metadata":{"emulator":{"name":"functions"},"message":"[functions] Runtime ready! Sending request!"}}
[debug] [2026-06-29T19:29:34.904Z] [functions] Got req.url=/saegroup-c6487/us-central1/api/jobs/7M6W2CjK1yK2V1HmAAeZ/companycam-photos, mapping to path=/jobs/7M6W2CjK1yK2V1HmAAeZ/companycam-photos {"metadata":{"emulator":{"name":"functions"},"message":"[functions] Got req.url=/saegroup-c6487/us-central1/api/jobs/7M6W2CjK1yK2V1HmAAeZ/companycam-photos, mapping to path=/jobs/7M6W2CjK1yK2V1HmAAeZ/companycam-photos"}}
[debug] [2026-06-29T19:29:34.904Z] [worker-pool] submitRequest(triggerId=us-central1-api) {"metadata":{"emulator":{"name":"functions"},"message":"[worker-pool] submitRequest(triggerId=us-central1-api)"}}
[info] i  functions: Beginning execution of "us-central1-api" {"metadata":{"emulator":{"name":"functions"},"function":{"name":"us-central1-api"},"extension":{},"message":"Beginning execution of \"us-central1-api\""}}
[debug] [2026-06-29T19:29:34.904Z] [worker-us-central1-api-b1a7cdac-c38d-401a-8897-979a89a013cd]: BUSY {"metadata":{"emulator":{"name":"functions"},"function":{"name":"us-central1-api"},"extension":{},"message":"[worker-us-central1-api-b1a7cdac-c38d-401a-8897-979a89a013cd]: BUSY"}}
[debug] [2026-06-29T19:29:34.905Z] Finishing up request with event=pause {"metadata":{"emulator":{"name":"functions"},"function":{"name":"us-central1-api"},"extension":{},"message":"Finishing up request with event=pause"}}
[info] i  functions: Finished "us-central1-api" in 0.8988ms {"metadata":{"emulator":{"name":"functions"},"function":{"name":"us-central1-api"},"extension":{},"message":"Finished \"us-central1-api\" in 0.8988ms"}}
[debug] [2026-06-29T19:29:34.905Z] [worker-us-central1-api-b1a7cdac-c38d-401a-8897-979a89a013cd]: IDLE {"metadata":{"emulator":{"name":"functions"},"function":{"name":"us-central1-api"},"extension":{},"message":"[worker-us-central1-api-b1a7cdac-c38d-401a-8897-979a89a013cd]: IDLE"}}
[debug] [2026-06-29T19:29:34.905Z] Finishing up request with event=finish {"metadata":{"emulator":{"name":"functions"},"function":{"name":"us-central1-api"},"extension":{},"message":"Finishing up request with event=finish"}}
[debug] [2026-06-29T19:29:34.905Z] Finishing up request with event=close {"metadata":{"emulator":{"name":"functions"},"function":{"name":"us-central1-api"},"extension":{},"message":"Finishing up request with event=close"}}
[debug] [2026-06-29T19:29:34.905Z] [work-queue] {"queuedWork":[],"queueLength":0,"runningWork":[],"workRunningCount":0}
[debug] [2026-06-29T19:29:34.906Z] [work-queue] {"queuedWork":["/saegroup-c6487/us-central1/api/jobs/7M6W2CjK1yK2V1HmAAeZ/companycam-photos-2026-06-29T19:29:34.906Z"],"queueLength":1,"runningWork":[],"workRunningCount":0}
[debug] [2026-06-29T19:29:34.906Z] [work-queue] {"queuedWork":[],"queueLength":0,"runningWork":["/saegroup-c6487/us-central1/api/jobs/7M6W2CjK1yK2V1HmAAeZ/companycam-photos-2026-06-29T19:29:34.906Z"],"workRunningCount":1}
[debug] [2026-06-29T19:29:34.906Z] Accepted request GET /saegroup-c6487/us-central1/api/jobs/7M6W2CjK1yK2V1HmAAeZ/companycam-photos --> us-central1-api
[debug] [2026-06-29T19:29:34.906Z] [functions] Runtime ready! Sending request! {"metadata":{"emulator":{"name":"functions"},"message":"[functions] Runtime ready! Sending request!"}}
[debug] [2026-06-29T19:29:34.907Z] [functions] Got req.url=/saegroup-c6487/us-central1/api/jobs/7M6W2CjK1yK2V1HmAAeZ/companycam-photos, mapping to path=/jobs/7M6W2CjK1yK2V1HmAAeZ/companycam-photos {"metadata":{"emulator":{"name":"functions"},"message":"[functions] Got req.url=/saegroup-c6487/us-central1/api/jobs/7M6W2CjK1yK2V1HmAAeZ/companycam-photos, mapping to path=/jobs/7M6W2CjK1yK2V1HmAAeZ/companycam-photos"}}
[debug] [2026-06-29T19:29:34.907Z] [worker-pool] submitRequest(triggerId=us-central1-api) {"metadata":{"emulator":{"name":"functions"},"message":"[worker-pool] submitRequest(triggerId=us-central1-api)"}}
[info] i  functions: Beginning execution of "us-central1-api" {"metadata":{"emulator":{"name":"functions"},"function":{"name":"us-central1-api"},"extension":{},"message":"Beginning execution of \"us-central1-api\""}}
[debug] [2026-06-29T19:29:34.907Z] [worker-us-central1-api-b1a7cdac-c38d-401a-8897-979a89a013cd]: BUSY {"metadata":{"emulator":{"name":"functions"},"function":{"name":"us-central1-api"},"extension":{},"message":"[worker-us-central1-api-b1a7cdac-c38d-401a-8897-979a89a013cd]: BUSY"}}
[debug] [2026-06-29T19:29:35.258Z] Finishing up request with event=pause {"metadata":{"emulator":{"name":"functions"},"function":{"name":"us-central1-api"},"extension":{},"message":"Finishing up request with event=pause"}}
[info] i  functions: Finished "us-central1-api" in 351.7175ms {"metadata":{"emulator":{"name":"functions"},"function":{"name":"us-central1-api"},"extension":{},"message":"Finished \"us-central1-api\" in 351.7175ms"}}
[debug] [2026-06-29T19:29:35.259Z] [worker-us-central1-api-b1a7cdac-c38d-401a-8897-979a89a013cd]: IDLE {"metadata":{"emulator":{"name":"functions"},"function":{"name":"us-central1-api"},"extension":{},"message":"[worker-us-central1-api-b1a7cdac-c38d-401a-8897-979a89a013cd]: IDLE"}}
[debug] [2026-06-29T19:29:35.259Z] Finishing up request with event=finish {"metadata":{"emulator":{"name":"functions"},"function":{"name":"us-central1-api"},"extension":{},"message":"Finishing up request with event=finish"}}
[debug] [2026-06-29T19:29:35.259Z] Finishing up request with event=close {"metadata":{"emulator":{"name":"functions"},"function":{"name":"us-central1-api"},"extension":{},"message":"Finishing up request with event=close"}}
[debug] [2026-06-29T19:29:35.259Z] [work-queue] {"queuedWork":[],"queueLength":0,"runningWork":[],"workRunningCount":0}
[debug] [2026-06-29T19:55:34.709Z] [work-queue] {"queuedWork":["/saegroup-c6487/us-central1/api/jobs/H4Z9HPNvotM0441gUYgt/companycam-photos-2026-06-29T19:55:34.709Z"],"queueLength":1,"runningWork":[],"workRunningCount":0}
[debug] [2026-06-29T19:55:34.709Z] [work-queue] {"queuedWork":[],"queueLength":0,"runningWork":["/saegroup-c6487/us-central1/api/jobs/H4Z9HPNvotM0441gUYgt/companycam-photos-2026-06-29T19:55:34.709Z"],"workRunningCount":1}
[debug] [2026-06-29T19:55:34.709Z] Accepted request OPTIONS /saegroup-c6487/us-central1/api/jobs/H4Z9HPNvotM0441gUYgt/companycam-photos --> us-central1-api
[debug] [2026-06-29T19:55:34.710Z] [functions] Runtime ready! Sending request! {"metadata":{"emulator":{"name":"functions"},"message":"[functions] Runtime ready! Sending request!"}}
[debug] [2026-06-29T19:55:34.710Z] [functions] Got req.url=/saegroup-c6487/us-central1/api/jobs/H4Z9HPNvotM0441gUYgt/companycam-photos, mapping to path=/jobs/H4Z9HPNvotM0441gUYgt/companycam-photos {"metadata":{"emulator":{"name":"functions"},"message":"[functions] Got req.url=/saegroup-c6487/us-central1/api/jobs/H4Z9HPNvotM0441gUYgt/companycam-photos, mapping to path=/jobs/H4Z9HPNvotM0441gUYgt/companycam-photos"}}
[debug] [2026-06-29T19:55:34.710Z] [worker-pool] submitRequest(triggerId=us-central1-api) {"metadata":{"emulator":{"name":"functions"},"message":"[worker-pool] submitRequest(triggerId=us-central1-api)"}}
[info] i  functions: Beginning execution of "us-central1-api" {"metadata":{"emulator":{"name":"functions"},"function":{"name":"us-central1-api"},"extension":{},"message":"Beginning execution of \"us-central1-api\""}}
[debug] [2026-06-29T19:55:34.710Z] [worker-us-central1-api-b1a7cdac-c38d-401a-8897-979a89a013cd]: BUSY {"metadata":{"emulator":{"name":"functions"},"function":{"name":"us-central1-api"},"extension":{},"message":"[worker-us-central1-api-b1a7cdac-c38d-401a-8897-979a89a013cd]: BUSY"}}
[debug] [2026-06-29T19:55:34.712Z] Finishing up request with event=pause {"metadata":{"emulator":{"name":"functions"},"function":{"name":"us-central1-api"},"extension":{},"message":"Finishing up request with event=pause"}}
[info] i  functions: Finished "us-central1-api" in 1.2908ms {"metadata":{"emulator":{"name":"functions"},"function":{"name":"us-central1-api"},"extension":{},"message":"Finished \"us-central1-api\" in 1.2908ms"}}
[debug] [2026-06-29T19:55:34.712Z] [worker-us-central1-api-b1a7cdac-c38d-401a-8897-979a89a013cd]: IDLE {"metadata":{"emulator":{"name":"functions"},"function":{"name":"us-central1-api"},"extension":{},"message":"[worker-us-central1-api-b1a7cdac-c38d-401a-8897-979a89a013cd]: IDLE"}}
[debug] [2026-06-29T19:55:34.712Z] Finishing up request with event=finish {"metadata":{"emulator":{"name":"functions"},"function":{"name":"us-central1-api"},"extension":{},"message":"Finishing up request with event=finish"}}
[debug] [2026-06-29T19:55:34.712Z] Finishing up request with event=close {"metadata":{"emulator":{"name":"functions"},"function":{"name":"us-central1-api"},"extension":{},"message":"Finishing up request with event=close"}}
[debug] [2026-06-29T19:55:34.712Z] [work-queue] {"queuedWork":[],"queueLength":0,"runningWork":[],"workRunningCount":0}
[debug] [2026-06-29T19:55:34.713Z] [work-queue] {"queuedWork":["/saegroup-c6487/us-central1/api/jobs/H4Z9HPNvotM0441gUYgt/companycam-photos-2026-06-29T19:55:34.713Z"],"queueLength":1,"runningWork":[],"workRunningCount":0}
[debug] [2026-06-29T19:55:34.713Z] [work-queue] {"queuedWork":[],"queueLength":0,"runningWork":["/saegroup-c6487/us-central1/api/jobs/H4Z9HPNvotM0441gUYgt/companycam-photos-2026-06-29T19:55:34.713Z"],"workRunningCount":1}
[debug] [2026-06-29T19:55:34.713Z] Accepted request GET /saegroup-c6487/us-central1/api/jobs/H4Z9HPNvotM0441gUYgt/companycam-photos --> us-central1-api
[debug] [2026-06-29T19:55:34.713Z] [functions] Runtime ready! Sending request! {"metadata":{"emulator":{"name":"functions"},"message":"[functions] Runtime ready! Sending request!"}}
[debug] [2026-06-29T19:55:34.713Z] [functions] Got req.url=/saegroup-c6487/us-central1/api/jobs/H4Z9HPNvotM0441gUYgt/companycam-photos, mapping to path=/jobs/H4Z9HPNvotM0441gUYgt/companycam-photos {"metadata":{"emulator":{"name":"functions"},"message":"[functions] Got req.url=/saegroup-c6487/us-central1/api/jobs/H4Z9HPNvotM0441gUYgt/companycam-photos, mapping to path=/jobs/H4Z9HPNvotM0441gUYgt/companycam-photos"}}
[debug] [2026-06-29T19:55:34.713Z] [worker-pool] submitRequest(triggerId=us-central1-api) {"metadata":{"emulator":{"name":"functions"},"message":"[worker-pool] submitRequest(triggerId=us-central1-api)"}}
[info] i  functions: Beginning execution of "us-central1-api" {"metadata":{"emulator":{"name":"functions"},"function":{"name":"us-central1-api"},"extension":{},"message":"Beginning execution of \"us-central1-api\""}}
[debug] [2026-06-29T19:55:34.714Z] [worker-us-central1-api-b1a7cdac-c38d-401a-8897-979a89a013cd]: BUSY {"metadata":{"emulator":{"name":"functions"},"function":{"name":"us-central1-api"},"extension":{},"message":"[worker-us-central1-api-b1a7cdac-c38d-401a-8897-979a89a013cd]: BUSY"}}
[debug] [2026-06-29T19:55:35.337Z] Finishing up request with event=pause {"metadata":{"emulator":{"name":"functions"},"function":{"name":"us-central1-api"},"extension":{},"message":"Finishing up request with event=pause"}}
[info] i  functions: Finished "us-central1-api" in 623.5967ms {"metadata":{"emulator":{"name":"functions"},"function":{"name":"us-central1-api"},"extension":{},"message":"Finished \"us-central1-api\" in 623.5967ms"}}
[debug] [2026-06-29T19:55:35.337Z] [worker-us-central1-api-b1a7cdac-c38d-401a-8897-979a89a013cd]: IDLE {"metadata":{"emulator":{"name":"functions"},"function":{"name":"us-central1-api"},"extension":{},"message":"[worker-us-central1-api-b1a7cdac-c38d-401a-8897-979a89a013cd]: IDLE"}}
[debug] [2026-06-29T19:55:35.337Z] Finishing up request with event=finish {"metadata":{"emulator":{"name":"functions"},"function":{"name":"us-central1-api"},"extension":{},"message":"Finishing up request with event=finish"}}
[debug] [2026-06-29T19:55:35.337Z] Finishing up request with event=close {"metadata":{"emulator":{"name":"functions"},"function":{"name":"us-central1-api"},"extension":{},"message":"Finishing up request with event=close"}}
[debug] [2026-06-29T19:55:35.337Z] [work-queue] {"queuedWork":[],"queueLength":0,"runningWork":[],"workRunningCount":0}
[debug] [2026-06-29T20:21:04.929Z] [work-queue] {"queuedWork":["/saegroup-c6487/us-central1/api/jobs/80000B56-1779813808/companycam-photos-2026-06-29T20:21:04.929Z"],"queueLength":1,"runningWork":[],"workRunningCount":0}
[debug] [2026-06-29T20:21:04.929Z] [work-queue] {"queuedWork":[],"queueLength":0,"runningWork":["/saegroup-c6487/us-central1/api/jobs/80000B56-1779813808/companycam-photos-2026-06-29T20:21:04.929Z"],"workRunningCount":1}
[debug] [2026-06-29T20:21:04.929Z] Accepted request OPTIONS /saegroup-c6487/us-central1/api/jobs/80000B56-1779813808/companycam-photos --> us-central1-api
[debug] [2026-06-29T20:21:04.930Z] [functions] Runtime ready! Sending request! {"metadata":{"emulator":{"name":"functions"},"message":"[functions] Runtime ready! Sending request!"}}
[debug] [2026-06-29T20:21:04.930Z] [functions] Got req.url=/saegroup-c6487/us-central1/api/jobs/80000B56-1779813808/companycam-photos, mapping to path=/jobs/80000B56-1779813808/companycam-photos {"metadata":{"emulator":{"name":"functions"},"message":"[functions] Got req.url=/saegroup-c6487/us-central1/api/jobs/80000B56-1779813808/companycam-photos, mapping to path=/jobs/80000B56-1779813808/companycam-photos"}}
[debug] [2026-06-29T20:21:04.930Z] [worker-pool] submitRequest(triggerId=us-central1-api) {"metadata":{"emulator":{"name":"functions"},"message":"[worker-pool] submitRequest(triggerId=us-central1-api)"}}
[info] i  functions: Beginning execution of "us-central1-api" {"metadata":{"emulator":{"name":"functions"},"function":{"name":"us-central1-api"},"extension":{},"message":"Beginning execution of \"us-central1-api\""}}
[debug] [2026-06-29T20:21:04.930Z] [worker-us-central1-api-b1a7cdac-c38d-401a-8897-979a89a013cd]: BUSY {"metadata":{"emulator":{"name":"functions"},"function":{"name":"us-central1-api"},"extension":{},"message":"[worker-us-central1-api-b1a7cdac-c38d-401a-8897-979a89a013cd]: BUSY"}}
[debug] [2026-06-29T20:21:04.931Z] Finishing up request with event=pause {"metadata":{"emulator":{"name":"functions"},"function":{"name":"us-central1-api"},"extension":{},"message":"Finishing up request with event=pause"}}
[info] i  functions: Finished "us-central1-api" in 1.2039ms {"metadata":{"emulator":{"name":"functions"},"function":{"name":"us-central1-api"},"extension":{},"message":"Finished \"us-central1-api\" in 1.2039ms"}}
[debug] [2026-06-29T20:21:04.932Z] [worker-us-central1-api-b1a7cdac-c38d-401a-8897-979a89a013cd]: IDLE {"metadata":{"emulator":{"name":"functions"},"function":{"name":"us-central1-api"},"extension":{},"message":"[worker-us-central1-api-b1a7cdac-c38d-401a-8897-979a89a013cd]: IDLE"}}
[debug] [2026-06-29T20:21:04.932Z] Finishing up request with event=finish {"metadata":{"emulator":{"name":"functions"},"function":{"name":"us-central1-api"},"extension":{},"message":"Finishing up request with event=finish"}}
[debug] [2026-06-29T20:21:04.932Z] Finishing up request with event=close {"metadata":{"emulator":{"name":"functions"},"function":{"name":"us-central1-api"},"extension":{},"message":"Finishing up request with event=close"}}
[debug] [2026-06-29T20:21:04.932Z] [work-queue] {"queuedWork":[],"queueLength":0,"runningWork":[],"workRunningCount":0}
[debug] [2026-06-29T20:21:04.933Z] [work-queue] {"queuedWork":["/saegroup-c6487/us-central1/api/jobs/80000B56-1779813808/companycam-photos-2026-06-29T20:21:04.933Z"],"queueLength":1,"runningWork":[],"workRunningCount":0}
[debug] [2026-06-29T20:21:04.933Z] [work-queue] {"queuedWork":[],"queueLength":0,"runningWork":["/saegroup-c6487/us-central1/api/jobs/80000B56-1779813808/companycam-photos-2026-06-29T20:21:04.933Z"],"workRunningCount":1}
[debug] [2026-06-29T20:21:04.933Z] Accepted request GET /saegroup-c6487/us-central1/api/jobs/80000B56-1779813808/companycam-photos --> us-central1-api
[debug] [2026-06-29T20:21:04.933Z] [functions] Runtime ready! Sending request! {"metadata":{"emulator":{"name":"functions"},"message":"[functions] Runtime ready! Sending request!"}}
[debug] [2026-06-29T20:21:04.933Z] [functions] Got req.url=/saegroup-c6487/us-central1/api/jobs/80000B56-1779813808/companycam-photos, mapping to path=/jobs/80000B56-1779813808/companycam-photos {"metadata":{"emulator":{"name":"functions"},"message":"[functions] Got req.url=/saegroup-c6487/us-central1/api/jobs/80000B56-1779813808/companycam-photos, mapping to path=/jobs/80000B56-1779813808/companycam-photos"}}
[debug] [2026-06-29T20:21:04.933Z] [worker-pool] submitRequest(triggerId=us-central1-api) {"metadata":{"emulator":{"name":"functions"},"message":"[worker-pool] submitRequest(triggerId=us-central1-api)"}}
[info] i  functions: Beginning execution of "us-central1-api" {"metadata":{"emulator":{"name":"functions"},"function":{"name":"us-central1-api"},"extension":{},"message":"Beginning execution of \"us-central1-api\""}}
[debug] [2026-06-29T20:21:04.934Z] [worker-us-central1-api-b1a7cdac-c38d-401a-8897-979a89a013cd]: BUSY {"metadata":{"emulator":{"name":"functions"},"function":{"name":"us-central1-api"},"extension":{},"message":"[worker-us-central1-api-b1a7cdac-c38d-401a-8897-979a89a013cd]: BUSY"}}
[debug] [2026-06-29T20:21:05.562Z] Finishing up request with event=pause {"metadata":{"emulator":{"name":"functions"},"function":{"name":"us-central1-api"},"extension":{},"message":"Finishing up request with event=pause"}}
[info] i  functions: Finished "us-central1-api" in 628.0675ms {"metadata":{"emulator":{"name":"functions"},"function":{"name":"us-central1-api"},"extension":{},"message":"Finished \"us-central1-api\" in 628.0675ms"}}
[debug] [2026-06-29T20:21:05.562Z] [worker-us-central1-api-b1a7cdac-c38d-401a-8897-979a89a013cd]: IDLE {"metadata":{"emulator":{"name":"functions"},"function":{"name":"us-central1-api"},"extension":{},"message":"[worker-us-central1-api-b1a7cdac-c38d-401a-8897-979a89a013cd]: IDLE"}}
[debug] [2026-06-29T20:21:05.562Z] [work-queue] {"queuedWork":[],"queueLength":0,"runningWork":[],"workRunningCount":0}
[debug] [2026-06-29T20:21:05.562Z] Finishing up request with event=pause {"metadata":{"emulator":{"name":"functions"},"function":{"name":"us-central1-api"},"extension":{},"message":"Finishing up request with event=pause"}}
[debug] [2026-06-29T20:21:05.563Z] Finishing up request with event=pause {"metadata":{"emulator":{"name":"functions"},"function":{"name":"us-central1-api"},"extension":{},"message":"Finishing up request with event=pause"}}
[debug] [2026-06-29T20:21:05.563Z] Finishing up request with event=pause {"metadata":{"emulator":{"name":"functions"},"function":{"name":"us-central1-api"},"extension":{},"message":"Finishing up request with event=pause"}}
[debug] [2026-06-29T20:21:05.563Z] Finishing up request with event=finish {"metadata":{"emulator":{"name":"functions"},"function":{"name":"us-central1-api"},"extension":{},"message":"Finishing up request with event=finish"}}
[debug] [2026-06-29T20:21:05.563Z] Finishing up request with event=close {"metadata":{"emulator":{"name":"functions"},"function":{"name":"us-central1-api"},"extension":{},"message":"Finishing up request with event=close"}}
[debug] [2026-06-29T20:26:45.846Z] [work-queue] {"queuedWork":["/saegroup-c6487/us-central1/api/jobs/7M6W2CjK1yK2V1HmAAeZ/companycam-photos-2026-06-29T20:26:45.846Z"],"queueLength":1,"runningWork":[],"workRunningCount":0}
[debug] [2026-06-29T20:26:45.846Z] [work-queue] {"queuedWork":[],"queueLength":0,"runningWork":["/saegroup-c6487/us-central1/api/jobs/7M6W2CjK1yK2V1HmAAeZ/companycam-photos-2026-06-29T20:26:45.846Z"],"workRunningCount":1}
[debug] [2026-06-29T20:26:45.846Z] Accepted request OPTIONS /saegroup-c6487/us-central1/api/jobs/7M6W2CjK1yK2V1HmAAeZ/companycam-photos --> us-central1-api
[debug] [2026-06-29T20:26:45.847Z] [functions] Runtime ready! Sending request! {"metadata":{"emulator":{"name":"functions"},"message":"[functions] Runtime ready! Sending request!"}}
[debug] [2026-06-29T20:26:45.847Z] [functions] Got req.url=/saegroup-c6487/us-central1/api/jobs/7M6W2CjK1yK2V1HmAAeZ/companycam-photos, mapping to path=/jobs/7M6W2CjK1yK2V1HmAAeZ/companycam-photos {"metadata":{"emulator":{"name":"functions"},"message":"[functions] Got req.url=/saegroup-c6487/us-central1/api/jobs/7M6W2CjK1yK2V1HmAAeZ/companycam-photos, mapping to path=/jobs/7M6W2CjK1yK2V1HmAAeZ/companycam-photos"}}
[debug] [2026-06-29T20:26:45.847Z] [worker-pool] submitRequest(triggerId=us-central1-api) {"metadata":{"emulator":{"name":"functions"},"message":"[worker-pool] submitRequest(triggerId=us-central1-api)"}}
[info] i  functions: Beginning execution of "us-central1-api" {"metadata":{"emulator":{"name":"functions"},"function":{"name":"us-central1-api"},"extension":{},"message":"Beginning execution of \"us-central1-api\""}}
[debug] [2026-06-29T20:26:45.847Z] [worker-us-central1-api-b1a7cdac-c38d-401a-8897-979a89a013cd]: BUSY {"metadata":{"emulator":{"name":"functions"},"function":{"name":"us-central1-api"},"extension":{},"message":"[worker-us-central1-api-b1a7cdac-c38d-401a-8897-979a89a013cd]: BUSY"}}
[debug] [2026-06-29T20:26:45.848Z] Finishing up request with event=pause {"metadata":{"emulator":{"name":"functions"},"function":{"name":"us-central1-api"},"extension":{},"message":"Finishing up request with event=pause"}}
[info] i  functions: Finished "us-central1-api" in 1.5613ms {"metadata":{"emulator":{"name":"functions"},"function":{"name":"us-central1-api"},"extension":{},"message":"Finished \"us-central1-api\" in 1.5613ms"}}
[debug] [2026-06-29T20:26:45.849Z] [worker-us-central1-api-b1a7cdac-c38d-401a-8897-979a89a013cd]: IDLE {"metadata":{"emulator":{"name":"functions"},"function":{"name":"us-central1-api"},"extension":{},"message":"[worker-us-central1-api-b1a7cdac-c38d-401a-8897-979a89a013cd]: IDLE"}}
[debug] [2026-06-29T20:26:45.849Z] Finishing up request with event=finish {"metadata":{"emulator":{"name":"functions"},"function":{"name":"us-central1-api"},"extension":{},"message":"Finishing up request with event=finish"}}
[debug] [2026-06-29T20:26:45.849Z] Finishing up request with event=close {"metadata":{"emulator":{"name":"functions"},"function":{"name":"us-central1-api"},"extension":{},"message":"Finishing up request with event=close"}}
[debug] [2026-06-29T20:26:45.849Z] [work-queue] {"queuedWork":[],"queueLength":0,"runningWork":[],"workRunningCount":0}
[debug] [2026-06-29T20:26:45.850Z] [work-queue] {"queuedWork":["/saegroup-c6487/us-central1/api/jobs/7M6W2CjK1yK2V1HmAAeZ/companycam-photos-2026-06-29T20:26:45.850Z"],"queueLength":1,"runningWork":[],"workRunningCount":0}
[debug] [2026-06-29T20:26:45.850Z] [work-queue] {"queuedWork":[],"queueLength":0,"runningWork":["/saegroup-c6487/us-central1/api/jobs/7M6W2CjK1yK2V1HmAAeZ/companycam-photos-2026-06-29T20:26:45.850Z"],"workRunningCount":1}
[debug] [2026-06-29T20:26:45.850Z] Accepted request GET /saegroup-c6487/us-central1/api/jobs/7M6W2CjK1yK2V1HmAAeZ/companycam-photos --> us-central1-api
[debug] [2026-06-29T20:26:45.850Z] [functions] Runtime ready! Sending request! {"metadata":{"emulator":{"name":"functions"},"message":"[functions] Runtime ready! Sending request!"}}
[debug] [2026-06-29T20:26:45.850Z] [functions] Got req.url=/saegroup-c6487/us-central1/api/jobs/7M6W2CjK1yK2V1HmAAeZ/companycam-photos, mapping to path=/jobs/7M6W2CjK1yK2V1HmAAeZ/companycam-photos {"metadata":{"emulator":{"name":"functions"},"message":"[functions] Got req.url=/saegroup-c6487/us-central1/api/jobs/7M6W2CjK1yK2V1HmAAeZ/companycam-photos, mapping to path=/jobs/7M6W2CjK1yK2V1HmAAeZ/companycam-photos"}}
[debug] [2026-06-29T20:26:45.850Z] [worker-pool] submitRequest(triggerId=us-central1-api) {"metadata":{"emulator":{"name":"functions"},"message":"[worker-pool] submitRequest(triggerId=us-central1-api)"}}
[info] i  functions: Beginning execution of "us-central1-api" {"metadata":{"emulator":{"name":"functions"},"function":{"name":"us-central1-api"},"extension":{},"message":"Beginning execution of \"us-central1-api\""}}
[debug] [2026-06-29T20:26:45.851Z] [worker-us-central1-api-b1a7cdac-c38d-401a-8897-979a89a013cd]: BUSY {"metadata":{"emulator":{"name":"functions"},"function":{"name":"us-central1-api"},"extension":{},"message":"[worker-us-central1-api-b1a7cdac-c38d-401a-8897-979a89a013cd]: BUSY"}}
[debug] [2026-06-29T20:26:46.603Z] Finishing up request with event=pause {"metadata":{"emulator":{"name":"functions"},"function":{"name":"us-central1-api"},"extension":{},"message":"Finishing up request with event=pause"}}
[info] i  functions: Finished "us-central1-api" in 752.1486ms {"metadata":{"emulator":{"name":"functions"},"function":{"name":"us-central1-api"},"extension":{},"message":"Finished \"us-central1-api\" in 752.1486ms"}}
[debug] [2026-06-29T20:26:46.603Z] [worker-us-central1-api-b1a7cdac-c38d-401a-8897-979a89a013cd]: IDLE {"metadata":{"emulator":{"name":"functions"},"function":{"name":"us-central1-api"},"extension":{},"message":"[worker-us-central1-api-b1a7cdac-c38d-401a-8897-979a89a013cd]: IDLE"}}
[debug] [2026-06-29T20:26:46.603Z] Finishing up request with event=finish {"metadata":{"emulator":{"name":"functions"},"function":{"name":"us-central1-api"},"extension":{},"message":"Finishing up request with event=finish"}}
[debug] [2026-06-29T20:26:46.603Z] Finishing up request with event=close {"metadata":{"emulator":{"name":"functions"},"function":{"name":"us-central1-api"},"extension":{},"message":"Finishing up request with event=close"}}
[debug] [2026-06-29T20:26:46.603Z] [work-queue] {"queuedWork":[],"queueLength":0,"runningWork":[],"workRunningCount":0}
[debug] [2026-06-29T20:41:43.076Z] [work-queue] {"queuedWork":["/saegroup-c6487/us-central1/api/jobs/80000B56-1779813808/companycam-photos-2026-06-29T20:41:43.076Z"],"queueLength":1,"runningWork":[],"workRunningCount":0}
[debug] [2026-06-29T20:41:43.076Z] [work-queue] {"queuedWork":[],"queueLength":0,"runningWork":["/saegroup-c6487/us-central1/api/jobs/80000B56-1779813808/companycam-photos-2026-06-29T20:41:43.076Z"],"workRunningCount":1}
[debug] [2026-06-29T20:41:43.076Z] Accepted request OPTIONS /saegroup-c6487/us-central1/api/jobs/80000B56-1779813808/companycam-photos --> us-central1-api
[debug] [2026-06-29T20:41:43.077Z] [functions] Runtime ready! Sending request! {"metadata":{"emulator":{"name":"functions"},"message":"[functions] Runtime ready! Sending request!"}}
[debug] [2026-06-29T20:41:43.077Z] [functions] Got req.url=/saegroup-c6487/us-central1/api/jobs/80000B56-1779813808/companycam-photos, mapping to path=/jobs/80000B56-1779813808/companycam-photos {"metadata":{"emulator":{"name":"functions"},"message":"[functions] Got req.url=/saegroup-c6487/us-central1/api/jobs/80000B56-1779813808/companycam-photos, mapping to path=/jobs/80000B56-1779813808/companycam-photos"}}
[debug] [2026-06-29T20:41:43.077Z] [worker-pool] submitRequest(triggerId=us-central1-api) {"metadata":{"emulator":{"name":"functions"},"message":"[worker-pool] submitRequest(triggerId=us-central1-api)"}}
[info] i  functions: Beginning execution of "us-central1-api" {"metadata":{"emulator":{"name":"functions"},"function":{"name":"us-central1-api"},"extension":{},"message":"Beginning execution of \"us-central1-api\""}}
[debug] [2026-06-29T20:41:43.077Z] [worker-us-central1-api-b1a7cdac-c38d-401a-8897-979a89a013cd]: BUSY {"metadata":{"emulator":{"name":"functions"},"function":{"name":"us-central1-api"},"extension":{},"message":"[worker-us-central1-api-b1a7cdac-c38d-401a-8897-979a89a013cd]: BUSY"}}
[debug] [2026-06-29T20:41:43.079Z] Finishing up request with event=pause {"metadata":{"emulator":{"name":"functions"},"function":{"name":"us-central1-api"},"extension":{},"message":"Finishing up request with event=pause"}}
[info] i  functions: Finished "us-central1-api" in 1.3418ms {"metadata":{"emulator":{"name":"functions"},"function":{"name":"us-central1-api"},"extension":{},"message":"Finished \"us-central1-api\" in 1.3418ms"}}
[debug] [2026-06-29T20:41:43.079Z] [worker-us-central1-api-b1a7cdac-c38d-401a-8897-979a89a013cd]: IDLE {"metadata":{"emulator":{"name":"functions"},"function":{"name":"us-central1-api"},"extension":{},"message":"[worker-us-central1-api-b1a7cdac-c38d-401a-8897-979a89a013cd]: IDLE"}}
[debug] [2026-06-29T20:41:43.079Z] Finishing up request with event=finish {"metadata":{"emulator":{"name":"functions"},"function":{"name":"us-central1-api"},"extension":{},"message":"Finishing up request with event=finish"}}
[debug] [2026-06-29T20:41:43.079Z] Finishing up request with event=close {"metadata":{"emulator":{"name":"functions"},"function":{"name":"us-central1-api"},"extension":{},"message":"Finishing up request with event=close"}}
[debug] [2026-06-29T20:41:43.079Z] [work-queue] {"queuedWork":[],"queueLength":0,"runningWork":[],"workRunningCount":0}
[debug] [2026-06-29T20:41:43.080Z] [work-queue] {"queuedWork":["/saegroup-c6487/us-central1/api/jobs/80000B56-1779813808/companycam-photos-2026-06-29T20:41:43.080Z"],"queueLength":1,"runningWork":[],"workRunningCount":0}
[debug] [2026-06-29T20:41:43.080Z] [work-queue] {"queuedWork":[],"queueLength":0,"runningWork":["/saegroup-c6487/us-central1/api/jobs/80000B56-1779813808/companycam-photos-2026-06-29T20:41:43.080Z"],"workRunningCount":1}
[debug] [2026-06-29T20:41:43.080Z] Accepted request GET /saegroup-c6487/us-central1/api/jobs/80000B56-1779813808/companycam-photos --> us-central1-api
[debug] [2026-06-29T20:41:43.081Z] [functions] Runtime ready! Sending request! {"metadata":{"emulator":{"name":"functions"},"message":"[functions] Runtime ready! Sending request!"}}
[debug] [2026-06-29T20:41:43.081Z] [functions] Got req.url=/saegroup-c6487/us-central1/api/jobs/80000B56-1779813808/companycam-photos, mapping to path=/jobs/80000B56-1779813808/companycam-photos {"metadata":{"emulator":{"name":"functions"},"message":"[functions] Got req.url=/saegroup-c6487/us-central1/api/jobs/80000B56-1779813808/companycam-photos, mapping to path=/jobs/80000B56-1779813808/companycam-photos"}}
[debug] [2026-06-29T20:41:43.081Z] [worker-pool] submitRequest(triggerId=us-central1-api) {"metadata":{"emulator":{"name":"functions"},"message":"[worker-pool] submitRequest(triggerId=us-central1-api)"}}
[info] i  functions: Beginning execution of "us-central1-api" {"metadata":{"emulator":{"name":"functions"},"function":{"name":"us-central1-api"},"extension":{},"message":"Beginning execution of \"us-central1-api\""}}
[debug] [2026-06-29T20:41:43.081Z] [worker-us-central1-api-b1a7cdac-c38d-401a-8897-979a89a013cd]: BUSY {"metadata":{"emulator":{"name":"functions"},"function":{"name":"us-central1-api"},"extension":{},"message":"[worker-us-central1-api-b1a7cdac-c38d-401a-8897-979a89a013cd]: BUSY"}}
[debug] [2026-06-29T20:41:43.657Z] Finishing up request with event=pause {"metadata":{"emulator":{"name":"functions"},"function":{"name":"us-central1-api"},"extension":{},"message":"Finishing up request with event=pause"}}
[info] i  functions: Finished "us-central1-api" in 575.9774ms {"metadata":{"emulator":{"name":"functions"},"function":{"name":"us-central1-api"},"extension":{},"message":"Finished \"us-central1-api\" in 575.9774ms"}}
[debug] [2026-06-29T20:41:43.658Z] [worker-us-central1-api-b1a7cdac-c38d-401a-8897-979a89a013cd]: IDLE {"metadata":{"emulator":{"name":"functions"},"function":{"name":"us-central1-api"},"extension":{},"message":"[worker-us-central1-api-b1a7cdac-c38d-401a-8897-979a89a013cd]: IDLE"}}
[debug] [2026-06-29T20:41:43.658Z] Finishing up request with event=finish {"metadata":{"emulator":{"name":"functions"},"function":{"name":"us-central1-api"},"extension":{},"message":"Finishing up request with event=finish"}}
[debug] [2026-06-29T20:41:43.658Z] Finishing up request with event=close {"metadata":{"emulator":{"name":"functions"},"function":{"name":"us-central1-api"},"extension":{},"message":"Finishing up request with event=close"}}
[debug] [2026-06-29T20:41:43.658Z] [work-queue] {"queuedWork":[],"queueLength":0,"runningWork":[],"workRunningCount":0}
[debug] [2026-06-29T20:42:49.509Z] [work-queue] {"queuedWork":["/saegroup-c6487/us-central1/api/jobs/80000B56-1779813808/companycam-photos-2026-06-29T20:42:49.509Z"],"queueLength":1,"runningWork":[],"workRunningCount":0}
[debug] [2026-06-29T20:42:49.509Z] [work-queue] {"queuedWork":[],"queueLength":0,"runningWork":["/saegroup-c6487/us-central1/api/jobs/80000B56-1779813808/companycam-photos-2026-06-29T20:42:49.509Z"],"workRunningCount":1}
[debug] [2026-06-29T20:42:49.509Z] Accepted request OPTIONS /saegroup-c6487/us-central1/api/jobs/80000B56-1779813808/companycam-photos --> us-central1-api
[debug] [2026-06-29T20:42:49.510Z] [functions] Runtime ready! Sending request! {"metadata":{"emulator":{"name":"functions"},"message":"[functions] Runtime ready! Sending request!"}}
[debug] [2026-06-29T20:42:49.510Z] [functions] Got req.url=/saegroup-c6487/us-central1/api/jobs/80000B56-1779813808/companycam-photos, mapping to path=/jobs/80000B56-1779813808/companycam-photos {"metadata":{"emulator":{"name":"functions"},"message":"[functions] Got req.url=/saegroup-c6487/us-central1/api/jobs/80000B56-1779813808/companycam-photos, mapping to path=/jobs/80000B56-1779813808/companycam-photos"}}
[debug] [2026-06-29T20:42:49.510Z] [worker-pool] submitRequest(triggerId=us-central1-api) {"metadata":{"emulator":{"name":"functions"},"message":"[worker-pool] submitRequest(triggerId=us-central1-api)"}}
[info] i  functions: Beginning execution of "us-central1-api" {"metadata":{"emulator":{"name":"functions"},"function":{"name":"us-central1-api"},"extension":{},"message":"Beginning execution of \"us-central1-api\""}}
[debug] [2026-06-29T20:42:49.510Z] [worker-us-central1-api-b1a7cdac-c38d-401a-8897-979a89a013cd]: BUSY {"metadata":{"emulator":{"name":"functions"},"function":{"name":"us-central1-api"},"extension":{},"message":"[worker-us-central1-api-b1a7cdac-c38d-401a-8897-979a89a013cd]: BUSY"}}
[debug] [2026-06-29T20:42:49.511Z] Finishing up request with event=pause {"metadata":{"emulator":{"name":"functions"},"function":{"name":"us-central1-api"},"extension":{},"message":"Finishing up request with event=pause"}}
[info] i  functions: Finished "us-central1-api" in 0.9746ms {"metadata":{"emulator":{"name":"functions"},"function":{"name":"us-central1-api"},"extension":{},"message":"Finished \"us-central1-api\" in 0.9746ms"}}
[debug] [2026-06-29T20:42:49.511Z] [worker-us-central1-api-b1a7cdac-c38d-401a-8897-979a89a013cd]: IDLE {"metadata":{"emulator":{"name":"functions"},"function":{"name":"us-central1-api"},"extension":{},"message":"[worker-us-central1-api-b1a7cdac-c38d-401a-8897-979a89a013cd]: IDLE"}}
[debug] [2026-06-29T20:42:49.511Z] Finishing up request with event=finish {"metadata":{"emulator":{"name":"functions"},"function":{"name":"us-central1-api"},"extension":{},"message":"Finishing up request with event=finish"}}
[debug] [2026-06-29T20:42:49.511Z] Finishing up request with event=close {"metadata":{"emulator":{"name":"functions"},"function":{"name":"us-central1-api"},"extension":{},"message":"Finishing up request with event=close"}}
[debug] [2026-06-29T20:42:49.511Z] [work-queue] {"queuedWork":[],"queueLength":0,"runningWork":[],"workRunningCount":0}
[debug] [2026-06-29T20:42:49.513Z] [work-queue] {"queuedWork":["/saegroup-c6487/us-central1/api/jobs/80000B56-1779813808/companycam-photos-2026-06-29T20:42:49.513Z"],"queueLength":1,"runningWork":[],"workRunningCount":0}
[debug] [2026-06-29T20:42:49.513Z] [work-queue] {"queuedWork":[],"queueLength":0,"runningWork":["/saegroup-c6487/us-central1/api/jobs/80000B56-1779813808/companycam-photos-2026-06-29T20:42:49.513Z"],"workRunningCount":1}
[debug] [2026-06-29T20:42:49.513Z] Accepted request GET /saegroup-c6487/us-central1/api/jobs/80000B56-1779813808/companycam-photos --> us-central1-api
[debug] [2026-06-29T20:42:49.513Z] [functions] Runtime ready! Sending request! {"metadata":{"emulator":{"name":"functions"},"message":"[functions] Runtime ready! Sending request!"}}
[debug] [2026-06-29T20:42:49.514Z] [functions] Got req.url=/saegroup-c6487/us-central1/api/jobs/80000B56-1779813808/companycam-photos, mapping to path=/jobs/80000B56-1779813808/companycam-photos {"metadata":{"emulator":{"name":"functions"},"message":"[functions] Got req.url=/saegroup-c6487/us-central1/api/jobs/80000B56-1779813808/companycam-photos, mapping to path=/jobs/80000B56-1779813808/companycam-photos"}}
[debug] [2026-06-29T20:42:49.514Z] [worker-pool] submitRequest(triggerId=us-central1-api) {"metadata":{"emulator":{"name":"functions"},"message":"[worker-pool] submitRequest(triggerId=us-central1-api)"}}
[info] i  functions: Beginning execution of "us-central1-api" {"metadata":{"emulator":{"name":"functions"},"function":{"name":"us-central1-api"},"extension":{},"message":"Beginning execution of \"us-central1-api\""}}
[debug] [2026-06-29T20:42:49.514Z] [worker-us-central1-api-b1a7cdac-c38d-401a-8897-979a89a013cd]: BUSY {"metadata":{"emulator":{"name":"functions"},"function":{"name":"us-central1-api"},"extension":{},"message":"[worker-us-central1-api-b1a7cdac-c38d-401a-8897-979a89a013cd]: BUSY"}}
[debug] [2026-06-29T20:42:50.100Z] Finishing up request with event=pause {"metadata":{"emulator":{"name":"functions"},"function":{"name":"us-central1-api"},"extension":{},"message":"Finishing up request with event=pause"}}
[info] i  functions: Finished "us-central1-api" in 586.6881ms {"metadata":{"emulator":{"name":"functions"},"function":{"name":"us-central1-api"},"extension":{},"message":"Finished \"us-central1-api\" in 586.6881ms"}}
[debug] [2026-06-29T20:42:50.101Z] [worker-us-central1-api-b1a7cdac-c38d-401a-8897-979a89a013cd]: IDLE {"metadata":{"emulator":{"name":"functions"},"function":{"name":"us-central1-api"},"extension":{},"message":"[worker-us-central1-api-b1a7cdac-c38d-401a-8897-979a89a013cd]: IDLE"}}
[debug] [2026-06-29T20:42:50.101Z] Finishing up request with event=finish {"metadata":{"emulator":{"name":"functions"},"function":{"name":"us-central1-api"},"extension":{},"message":"Finishing up request with event=finish"}}
[debug] [2026-06-29T20:42:50.101Z] Finishing up request with event=close {"metadata":{"emulator":{"name":"functions"},"function":{"name":"us-central1-api"},"extension":{},"message":"Finishing up request with event=close"}}
[debug] [2026-06-29T20:42:50.101Z] [work-queue] {"queuedWork":[],"queueLength":0,"runningWork":[],"workRunningCount":0}
[debug] [2026-06-29T21:01:40.899Z] [work-queue] {"queuedWork":["/saegroup-c6487/us-central1/api/jobs/80000B56-1779813808/companycam-photos-2026-06-29T21:01:40.899Z"],"queueLength":1,"runningWork":[],"workRunningCount":0}
[debug] [2026-06-29T21:01:40.899Z] [work-queue] {"queuedWork":[],"queueLength":0,"runningWork":["/saegroup-c6487/us-central1/api/jobs/80000B56-1779813808/companycam-photos-2026-06-29T21:01:40.899Z"],"workRunningCount":1}
[debug] [2026-06-29T21:01:40.899Z] Accepted request OPTIONS /saegroup-c6487/us-central1/api/jobs/80000B56-1779813808/companycam-photos --> us-central1-api
[debug] [2026-06-29T21:01:40.900Z] [functions] Runtime ready! Sending request! {"metadata":{"emulator":{"name":"functions"},"message":"[functions] Runtime ready! Sending request!"}}
[debug] [2026-06-29T21:01:40.900Z] [functions] Got req.url=/saegroup-c6487/us-central1/api/jobs/80000B56-1779813808/companycam-photos, mapping to path=/jobs/80000B56-1779813808/companycam-photos {"metadata":{"emulator":{"name":"functions"},"message":"[functions] Got req.url=/saegroup-c6487/us-central1/api/jobs/80000B56-1779813808/companycam-photos, mapping to path=/jobs/80000B56-1779813808/companycam-photos"}}
[debug] [2026-06-29T21:01:40.900Z] [worker-pool] submitRequest(triggerId=us-central1-api) {"metadata":{"emulator":{"name":"functions"},"message":"[worker-pool] submitRequest(triggerId=us-central1-api)"}}
[info] i  functions: Beginning execution of "us-central1-api" {"metadata":{"emulator":{"name":"functions"},"function":{"name":"us-central1-api"},"extension":{},"message":"Beginning execution of \"us-central1-api\""}}
[debug] [2026-06-29T21:01:40.900Z] [worker-us-central1-api-b1a7cdac-c38d-401a-8897-979a89a013cd]: BUSY {"metadata":{"emulator":{"name":"functions"},"function":{"name":"us-central1-api"},"extension":{},"message":"[worker-us-central1-api-b1a7cdac-c38d-401a-8897-979a89a013cd]: BUSY"}}
[debug] [2026-06-29T21:01:40.902Z] Finishing up request with event=pause {"metadata":{"emulator":{"name":"functions"},"function":{"name":"us-central1-api"},"extension":{},"message":"Finishing up request with event=pause"}}
[info] i  functions: Finished "us-central1-api" in 1.521ms {"metadata":{"emulator":{"name":"functions"},"function":{"name":"us-central1-api"},"extension":{},"message":"Finished \"us-central1-api\" in 1.521ms"}}
[debug] [2026-06-29T21:01:40.902Z] [worker-us-central1-api-b1a7cdac-c38d-401a-8897-979a89a013cd]: IDLE {"metadata":{"emulator":{"name":"functions"},"function":{"name":"us-central1-api"},"extension":{},"message":"[worker-us-central1-api-b1a7cdac-c38d-401a-8897-979a89a013cd]: IDLE"}}
[debug] [2026-06-29T21:01:40.902Z] Finishing up request with event=finish {"metadata":{"emulator":{"name":"functions"},"function":{"name":"us-central1-api"},"extension":{},"message":"Finishing up request with event=finish"}}
[debug] [2026-06-29T21:01:40.902Z] Finishing up request with event=close {"metadata":{"emulator":{"name":"functions"},"function":{"name":"us-central1-api"},"extension":{},"message":"Finishing up request with event=close"}}
[debug] [2026-06-29T21:01:40.902Z] [work-queue] {"queuedWork":[],"queueLength":0,"runningWork":[],"workRunningCount":0}
[debug] [2026-06-29T21:01:40.903Z] [work-queue] {"queuedWork":["/saegroup-c6487/us-central1/api/jobs/80000B56-1779813808/companycam-photos-2026-06-29T21:01:40.903Z"],"queueLength":1,"runningWork":[],"workRunningCount":0}
[debug] [2026-06-29T21:01:40.903Z] [work-queue] {"queuedWork":[],"queueLength":0,"runningWork":["/saegroup-c6487/us-central1/api/jobs/80000B56-1779813808/companycam-photos-2026-06-29T21:01:40.903Z"],"workRunningCount":1}
[debug] [2026-06-29T21:01:40.903Z] Accepted request GET /saegroup-c6487/us-central1/api/jobs/80000B56-1779813808/companycam-photos --> us-central1-api
[debug] [2026-06-29T21:01:40.904Z] [functions] Runtime ready! Sending request! {"metadata":{"emulator":{"name":"functions"},"message":"[functions] Runtime ready! Sending request!"}}
[debug] [2026-06-29T21:01:40.904Z] [functions] Got req.url=/saegroup-c6487/us-central1/api/jobs/80000B56-1779813808/companycam-photos, mapping to path=/jobs/80000B56-1779813808/companycam-photos {"metadata":{"emulator":{"name":"functions"},"message":"[functions] Got req.url=/saegroup-c6487/us-central1/api/jobs/80000B56-1779813808/companycam-photos, mapping to path=/jobs/80000B56-1779813808/companycam-photos"}}
[debug] [2026-06-29T21:01:40.904Z] [worker-pool] submitRequest(triggerId=us-central1-api) {"metadata":{"emulator":{"name":"functions"},"message":"[worker-pool] submitRequest(triggerId=us-central1-api)"}}
[info] i  functions: Beginning execution of "us-central1-api" {"metadata":{"emulator":{"name":"functions"},"function":{"name":"us-central1-api"},"extension":{},"message":"Beginning execution of \"us-central1-api\""}}
[debug] [2026-06-29T21:01:40.904Z] [worker-us-central1-api-b1a7cdac-c38d-401a-8897-979a89a013cd]: BUSY {"metadata":{"emulator":{"name":"functions"},"function":{"name":"us-central1-api"},"extension":{},"message":"[worker-us-central1-api-b1a7cdac-c38d-401a-8897-979a89a013cd]: BUSY"}}
[debug] [2026-06-29T21:01:47.014Z] Finishing up request with event=pause {"metadata":{"emulator":{"name":"functions"},"function":{"name":"us-central1-api"},"extension":{},"message":"Finishing up request with event=pause"}}
[info] i  functions: Finished "us-central1-api" in 6110.4788ms {"metadata":{"emulator":{"name":"functions"},"function":{"name":"us-central1-api"},"extension":{},"message":"Finished \"us-central1-api\" in 6110.4788ms"}}
[debug] [2026-06-29T21:01:47.015Z] [worker-us-central1-api-b1a7cdac-c38d-401a-8897-979a89a013cd]: IDLE {"metadata":{"emulator":{"name":"functions"},"function":{"name":"us-central1-api"},"extension":{},"message":"[worker-us-central1-api-b1a7cdac-c38d-401a-8897-979a89a013cd]: IDLE"}}
[debug] [2026-06-29T21:01:47.015Z] [work-queue] {"queuedWork":[],"queueLength":0,"runningWork":[],"workRunningCount":0}
[debug] [2026-06-29T21:01:47.015Z] Finishing up request with event=pause {"metadata":{"emulator":{"name":"functions"},"function":{"name":"us-central1-api"},"extension":{},"message":"Finishing up request with event=pause"}}
[debug] [2026-06-29T21:01:47.015Z] Finishing up request with event=pause {"metadata":{"emulator":{"name":"functions"},"function":{"name":"us-central1-api"},"extension":{},"message":"Finishing up request with event=pause"}}
[debug] [2026-06-29T21:01:47.015Z] Finishing up request with event=pause {"metadata":{"emulator":{"name":"functions"},"function":{"name":"us-central1-api"},"extension":{},"message":"Finishing up request with event=pause"}}
[debug] [2026-06-29T21:01:47.015Z] Finishing up request with event=finish {"metadata":{"emulator":{"name":"functions"},"function":{"name":"us-central1-api"},"extension":{},"message":"Finishing up request with event=finish"}}
[debug] [2026-06-29T21:01:47.016Z] Finishing up request with event=close {"metadata":{"emulator":{"name":"functions"},"function":{"name":"us-central1-api"},"extension":{},"message":"Finishing up request with event=close"}}
[debug] [2026-06-29T21:05:21.254Z] [work-queue] {"queuedWork":["/saegroup-c6487/us-central1/api/jobs/80000B56-1779813808/companycam-photos-2026-06-29T21:05:21.254Z"],"queueLength":1,"runningWork":[],"workRunningCount":0}
[debug] [2026-06-29T21:05:21.254Z] [work-queue] {"queuedWork":[],"queueLength":0,"runningWork":["/saegroup-c6487/us-central1/api/jobs/80000B56-1779813808/companycam-photos-2026-06-29T21:05:21.254Z"],"workRunningCount":1}
[debug] [2026-06-29T21:05:21.254Z] Accepted request OPTIONS /saegroup-c6487/us-central1/api/jobs/80000B56-1779813808/companycam-photos --> us-central1-api
[debug] [2026-06-29T21:05:21.255Z] [functions] Runtime ready! Sending request! {"metadata":{"emulator":{"name":"functions"},"message":"[functions] Runtime ready! Sending request!"}}
[debug] [2026-06-29T21:05:21.255Z] [functions] Got req.url=/saegroup-c6487/us-central1/api/jobs/80000B56-1779813808/companycam-photos, mapping to path=/jobs/80000B56-1779813808/companycam-photos {"metadata":{"emulator":{"name":"functions"},"message":"[functions] Got req.url=/saegroup-c6487/us-central1/api/jobs/80000B56-1779813808/companycam-photos, mapping to path=/jobs/80000B56-1779813808/companycam-photos"}}
[debug] [2026-06-29T21:05:21.255Z] [worker-pool] submitRequest(triggerId=us-central1-api) {"metadata":{"emulator":{"name":"functions"},"message":"[worker-pool] submitRequest(triggerId=us-central1-api)"}}
[info] i  functions: Beginning execution of "us-central1-api" {"metadata":{"emulator":{"name":"functions"},"function":{"name":"us-central1-api"},"extension":{},"message":"Beginning execution of \"us-central1-api\""}}
[debug] [2026-06-29T21:05:21.255Z] [worker-us-central1-api-b1a7cdac-c38d-401a-8897-979a89a013cd]: BUSY {"metadata":{"emulator":{"name":"functions"},"function":{"name":"us-central1-api"},"extension":{},"message":"[worker-us-central1-api-b1a7cdac-c38d-401a-8897-979a89a013cd]: BUSY"}}
[debug] [2026-06-29T21:05:21.257Z] Finishing up request with event=pause {"metadata":{"emulator":{"name":"functions"},"function":{"name":"us-central1-api"},"extension":{},"message":"Finishing up request with event=pause"}}
[info] i  functions: Finished "us-central1-api" in 2.0278ms {"metadata":{"emulator":{"name":"functions"},"function":{"name":"us-central1-api"},"extension":{},"message":"Finished \"us-central1-api\" in 2.0278ms"}}
[debug] [2026-06-29T21:05:21.257Z] [worker-us-central1-api-b1a7cdac-c38d-401a-8897-979a89a013cd]: IDLE {"metadata":{"emulator":{"name":"functions"},"function":{"name":"us-central1-api"},"extension":{},"message":"[worker-us-central1-api-b1a7cdac-c38d-401a-8897-979a89a013cd]: IDLE"}}
[debug] [2026-06-29T21:05:21.257Z] Finishing up request with event=finish {"metadata":{"emulator":{"name":"functions"},"function":{"name":"us-central1-api"},"extension":{},"message":"Finishing up request with event=finish"}}
[debug] [2026-06-29T21:05:21.257Z] Finishing up request with event=close {"metadata":{"emulator":{"name":"functions"},"function":{"name":"us-central1-api"},"extension":{},"message":"Finishing up request with event=close"}}
[debug] [2026-06-29T21:05:21.257Z] [work-queue] {"queuedWork":[],"queueLength":0,"runningWork":[],"workRunningCount":0}
[debug] [2026-06-29T21:05:21.258Z] [work-queue] {"queuedWork":["/saegroup-c6487/us-central1/api/jobs/80000B56-1779813808/companycam-photos-2026-06-29T21:05:21.258Z"],"queueLength":1,"runningWork":[],"workRunningCount":0}
[debug] [2026-06-29T21:05:21.258Z] [work-queue] {"queuedWork":[],"queueLength":0,"runningWork":["/saegroup-c6487/us-central1/api/jobs/80000B56-1779813808/companycam-photos-2026-06-29T21:05:21.258Z"],"workRunningCount":1}
[debug] [2026-06-29T21:05:21.258Z] Accepted request GET /saegroup-c6487/us-central1/api/jobs/80000B56-1779813808/companycam-photos --> us-central1-api
[debug] [2026-06-29T21:05:21.259Z] [functions] Runtime ready! Sending request! {"metadata":{"emulator":{"name":"functions"},"message":"[functions] Runtime ready! Sending request!"}}
[debug] [2026-06-29T21:05:21.259Z] [functions] Got req.url=/saegroup-c6487/us-central1/api/jobs/80000B56-1779813808/companycam-photos, mapping to path=/jobs/80000B56-1779813808/companycam-photos {"metadata":{"emulator":{"name":"functions"},"message":"[functions] Got req.url=/saegroup-c6487/us-central1/api/jobs/80000B56-1779813808/companycam-photos, mapping to path=/jobs/80000B56-1779813808/companycam-photos"}}
[debug] [2026-06-29T21:05:21.259Z] [worker-pool] submitRequest(triggerId=us-central1-api) {"metadata":{"emulator":{"name":"functions"},"message":"[worker-pool] submitRequest(triggerId=us-central1-api)"}}
[info] i  functions: Beginning execution of "us-central1-api" {"metadata":{"emulator":{"name":"functions"},"function":{"name":"us-central1-api"},"extension":{},"message":"Beginning execution of \"us-central1-api\""}}
[debug] [2026-06-29T21:05:21.259Z] [worker-us-central1-api-b1a7cdac-c38d-401a-8897-979a89a013cd]: BUSY {"metadata":{"emulator":{"name":"functions"},"function":{"name":"us-central1-api"},"extension":{},"message":"[worker-us-central1-api-b1a7cdac-c38d-401a-8897-979a89a013cd]: BUSY"}}
[debug] [2026-06-29T21:05:21.750Z] Finishing up request with event=pause {"metadata":{"emulator":{"name":"functions"},"function":{"name":"us-central1-api"},"extension":{},"message":"Finishing up request with event=pause"}}
[info] i  functions: Finished "us-central1-api" in 490.5662ms {"metadata":{"emulator":{"name":"functions"},"function":{"name":"us-central1-api"},"extension":{},"message":"Finished \"us-central1-api\" in 490.5662ms"}}
[debug] [2026-06-29T21:05:21.750Z] [worker-us-central1-api-b1a7cdac-c38d-401a-8897-979a89a013cd]: IDLE {"metadata":{"emulator":{"name":"functions"},"function":{"name":"us-central1-api"},"extension":{},"message":"[worker-us-central1-api-b1a7cdac-c38d-401a-8897-979a89a013cd]: IDLE"}}
[debug] [2026-06-29T21:05:21.750Z] Finishing up request with event=finish {"metadata":{"emulator":{"name":"functions"},"function":{"name":"us-central1-api"},"extension":{},"message":"Finishing up request with event=finish"}}
[debug] [2026-06-29T21:05:21.750Z] Finishing up request with event=close {"metadata":{"emulator":{"name":"functions"},"function":{"name":"us-central1-api"},"extension":{},"message":"Finishing up request with event=close"}}
[debug] [2026-06-29T21:05:21.750Z] [work-queue] {"queuedWork":[],"queueLength":0,"runningWork":[],"workRunningCount":0}
[debug] [2026-06-29T21:08:06.787Z] [work-queue] {"queuedWork":["/saegroup-c6487/us-central1/api/jobs/80000B56-1779813808/companycam-photos-2026-06-29T21:08:06.787Z"],"queueLength":1,"runningWork":[],"workRunningCount":0}
[debug] [2026-06-29T21:08:06.787Z] [work-queue] {"queuedWork":[],"queueLength":0,"runningWork":["/saegroup-c6487/us-central1/api/jobs/80000B56-1779813808/companycam-photos-2026-06-29T21:08:06.787Z"],"workRunningCount":1}
[debug] [2026-06-29T21:08:06.787Z] Accepted request OPTIONS /saegroup-c6487/us-central1/api/jobs/80000B56-1779813808/companycam-photos --> us-central1-api
[debug] [2026-06-29T21:08:06.788Z] [functions] Runtime ready! Sending request! {"metadata":{"emulator":{"name":"functions"},"message":"[functions] Runtime ready! Sending request!"}}
[debug] [2026-06-29T21:08:06.788Z] [functions] Got req.url=/saegroup-c6487/us-central1/api/jobs/80000B56-1779813808/companycam-photos, mapping to path=/jobs/80000B56-1779813808/companycam-photos {"metadata":{"emulator":{"name":"functions"},"message":"[functions] Got req.url=/saegroup-c6487/us-central1/api/jobs/80000B56-1779813808/companycam-photos, mapping to path=/jobs/80000B56-1779813808/companycam-photos"}}
[debug] [2026-06-29T21:08:06.788Z] [worker-pool] submitRequest(triggerId=us-central1-api) {"metadata":{"emulator":{"name":"functions"},"message":"[worker-pool] submitRequest(triggerId=us-central1-api)"}}
[info] i  functions: Beginning execution of "us-central1-api" {"metadata":{"emulator":{"name":"functions"},"function":{"name":"us-central1-api"},"extension":{},"message":"Beginning execution of \"us-central1-api\""}}
[debug] [2026-06-29T21:08:06.788Z] [worker-us-central1-api-b1a7cdac-c38d-401a-8897-979a89a013cd]: BUSY {"metadata":{"emulator":{"name":"functions"},"function":{"name":"us-central1-api"},"extension":{},"message":"[worker-us-central1-api-b1a7cdac-c38d-401a-8897-979a89a013cd]: BUSY"}}
[debug] [2026-06-29T21:08:06.789Z] Finishing up request with event=pause {"metadata":{"emulator":{"name":"functions"},"function":{"name":"us-central1-api"},"extension":{},"message":"Finishing up request with event=pause"}}
[info] i  functions: Finished "us-central1-api" in 1.0915ms {"metadata":{"emulator":{"name":"functions"},"function":{"name":"us-central1-api"},"extension":{},"message":"Finished \"us-central1-api\" in 1.0915ms"}}
[debug] [2026-06-29T21:08:06.789Z] [worker-us-central1-api-b1a7cdac-c38d-401a-8897-979a89a013cd]: IDLE {"metadata":{"emulator":{"name":"functions"},"function":{"name":"us-central1-api"},"extension":{},"message":"[worker-us-central1-api-b1a7cdac-c38d-401a-8897-979a89a013cd]: IDLE"}}
[debug] [2026-06-29T21:08:06.789Z] Finishing up request with event=finish {"metadata":{"emulator":{"name":"functions"},"function":{"name":"us-central1-api"},"extension":{},"message":"Finishing up request with event=finish"}}
[debug] [2026-06-29T21:08:06.789Z] Finishing up request with event=close {"metadata":{"emulator":{"name":"functions"},"function":{"name":"us-central1-api"},"extension":{},"message":"Finishing up request with event=close"}}
[debug] [2026-06-29T21:08:06.789Z] [work-queue] {"queuedWork":[],"queueLength":0,"runningWork":[],"workRunningCount":0}
[debug] [2026-06-29T21:08:06.790Z] [work-queue] {"queuedWork":["/saegroup-c6487/us-central1/api/jobs/80000B56-1779813808/companycam-photos-2026-06-29T21:08:06.790Z"],"queueLength":1,"runningWork":[],"workRunningCount":0}
[debug] [2026-06-29T21:08:06.790Z] [work-queue] {"queuedWork":[],"queueLength":0,"runningWork":["/saegroup-c6487/us-central1/api/jobs/80000B56-1779813808/companycam-photos-2026-06-29T21:08:06.790Z"],"workRunningCount":1}
[debug] [2026-06-29T21:08:06.790Z] Accepted request GET /saegroup-c6487/us-central1/api/jobs/80000B56-1779813808/companycam-photos --> us-central1-api
[debug] [2026-06-29T21:08:06.791Z] [functions] Runtime ready! Sending request! {"metadata":{"emulator":{"name":"functions"},"message":"[functions] Runtime ready! Sending request!"}}
[debug] [2026-06-29T21:08:06.791Z] [functions] Got req.url=/saegroup-c6487/us-central1/api/jobs/80000B56-1779813808/companycam-photos, mapping to path=/jobs/80000B56-1779813808/companycam-photos {"metadata":{"emulator":{"name":"functions"},"message":"[functions] Got req.url=/saegroup-c6487/us-central1/api/jobs/80000B56-1779813808/companycam-photos, mapping to path=/jobs/80000B56-1779813808/companycam-photos"}}
[debug] [2026-06-29T21:08:06.791Z] [worker-pool] submitRequest(triggerId=us-central1-api) {"metadata":{"emulator":{"name":"functions"},"message":"[worker-pool] submitRequest(triggerId=us-central1-api)"}}
[info] i  functions: Beginning execution of "us-central1-api" {"metadata":{"emulator":{"name":"functions"},"function":{"name":"us-central1-api"},"extension":{},"message":"Beginning execution of \"us-central1-api\""}}
[debug] [2026-06-29T21:08:06.791Z] [worker-us-central1-api-b1a7cdac-c38d-401a-8897-979a89a013cd]: BUSY {"metadata":{"emulator":{"name":"functions"},"function":{"name":"us-central1-api"},"extension":{},"message":"[worker-us-central1-api-b1a7cdac-c38d-401a-8897-979a89a013cd]: BUSY"}}
[debug] [2026-06-29T21:08:07.272Z] Finishing up request with event=pause {"metadata":{"emulator":{"name":"functions"},"function":{"name":"us-central1-api"},"extension":{},"message":"Finishing up request with event=pause"}}
[info] i  functions: Finished "us-central1-api" in 481.3503ms {"metadata":{"emulator":{"name":"functions"},"function":{"name":"us-central1-api"},"extension":{},"message":"Finished \"us-central1-api\" in 481.3503ms"}}
[debug] [2026-06-29T21:08:07.273Z] [worker-us-central1-api-b1a7cdac-c38d-401a-8897-979a89a013cd]: IDLE {"metadata":{"emulator":{"name":"functions"},"function":{"name":"us-central1-api"},"extension":{},"message":"[worker-us-central1-api-b1a7cdac-c38d-401a-8897-979a89a013cd]: IDLE"}}
[debug] [2026-06-29T21:08:07.273Z] Finishing up request with event=finish {"metadata":{"emulator":{"name":"functions"},"function":{"name":"us-central1-api"},"extension":{},"message":"Finishing up request with event=finish"}}
[debug] [2026-06-29T21:08:07.273Z] Finishing up request with event=close {"metadata":{"emulator":{"name":"functions"},"function":{"name":"us-central1-api"},"extension":{},"message":"Finishing up request with event=close"}}
[debug] [2026-06-29T21:08:07.273Z] [work-queue] {"queuedWork":[],"queueLength":0,"runningWork":[],"workRunningCount":0}
[debug] [2026-06-29T21:10:55.018Z] [work-queue] {"queuedWork":["/saegroup-c6487/us-central1/api/jobs/80000B56-1779813808/companycam-photos-2026-06-29T21:10:55.018Z"],"queueLength":1,"runningWork":[],"workRunningCount":0}
[debug] [2026-06-29T21:10:55.018Z] [work-queue] {"queuedWork":[],"queueLength":0,"runningWork":["/saegroup-c6487/us-central1/api/jobs/80000B56-1779813808/companycam-photos-2026-06-29T21:10:55.018Z"],"workRunningCount":1}
[debug] [2026-06-29T21:10:55.018Z] Accepted request OPTIONS /saegroup-c6487/us-central1/api/jobs/80000B56-1779813808/companycam-photos --> us-central1-api
[debug] [2026-06-29T21:10:55.019Z] [functions] Runtime ready! Sending request! {"metadata":{"emulator":{"name":"functions"},"message":"[functions] Runtime ready! Sending request!"}}
[debug] [2026-06-29T21:10:55.019Z] [functions] Got req.url=/saegroup-c6487/us-central1/api/jobs/80000B56-1779813808/companycam-photos, mapping to path=/jobs/80000B56-1779813808/companycam-photos {"metadata":{"emulator":{"name":"functions"},"message":"[functions] Got req.url=/saegroup-c6487/us-central1/api/jobs/80000B56-1779813808/companycam-photos, mapping to path=/jobs/80000B56-1779813808/companycam-photos"}}
[debug] [2026-06-29T21:10:55.019Z] [worker-pool] submitRequest(triggerId=us-central1-api) {"metadata":{"emulator":{"name":"functions"},"message":"[worker-pool] submitRequest(triggerId=us-central1-api)"}}
[info] i  functions: Beginning execution of "us-central1-api" {"metadata":{"emulator":{"name":"functions"},"function":{"name":"us-central1-api"},"extension":{},"message":"Beginning execution of \"us-central1-api\""}}
[debug] [2026-06-29T21:10:55.019Z] [worker-us-central1-api-b1a7cdac-c38d-401a-8897-979a89a013cd]: BUSY {"metadata":{"emulator":{"name":"functions"},"function":{"name":"us-central1-api"},"extension":{},"message":"[worker-us-central1-api-b1a7cdac-c38d-401a-8897-979a89a013cd]: BUSY"}}
[debug] [2026-06-29T21:10:55.020Z] Finishing up request with event=pause {"metadata":{"emulator":{"name":"functions"},"function":{"name":"us-central1-api"},"extension":{},"message":"Finishing up request with event=pause"}}
[info] i  functions: Finished "us-central1-api" in 1.1995ms {"metadata":{"emulator":{"name":"functions"},"function":{"name":"us-central1-api"},"extension":{},"message":"Finished \"us-central1-api\" in 1.1995ms"}}
[debug] [2026-06-29T21:10:55.021Z] [worker-us-central1-api-b1a7cdac-c38d-401a-8897-979a89a013cd]: IDLE {"metadata":{"emulator":{"name":"functions"},"function":{"name":"us-central1-api"},"extension":{},"message":"[worker-us-central1-api-b1a7cdac-c38d-401a-8897-979a89a013cd]: IDLE"}}
[debug] [2026-06-29T21:10:55.021Z] Finishing up request with event=finish {"metadata":{"emulator":{"name":"functions"},"function":{"name":"us-central1-api"},"extension":{},"message":"Finishing up request with event=finish"}}
[debug] [2026-06-29T21:10:55.021Z] Finishing up request with event=close {"metadata":{"emulator":{"name":"functions"},"function":{"name":"us-central1-api"},"extension":{},"message":"Finishing up request with event=close"}}
[debug] [2026-06-29T21:10:55.021Z] [work-queue] {"queuedWork":[],"queueLength":0,"runningWork":[],"workRunningCount":0}
[debug] [2026-06-29T21:10:55.022Z] [work-queue] {"queuedWork":["/saegroup-c6487/us-central1/api/jobs/80000B56-1779813808/companycam-photos-2026-06-29T21:10:55.022Z"],"queueLength":1,"runningWork":[],"workRunningCount":0}
[debug] [2026-06-29T21:10:55.022Z] [work-queue] {"queuedWork":[],"queueLength":0,"runningWork":["/saegroup-c6487/us-central1/api/jobs/80000B56-1779813808/companycam-photos-2026-06-29T21:10:55.022Z"],"workRunningCount":1}
[debug] [2026-06-29T21:10:55.022Z] Accepted request GET /saegroup-c6487/us-central1/api/jobs/80000B56-1779813808/companycam-photos --> us-central1-api
[debug] [2026-06-29T21:10:55.022Z] [functions] Runtime ready! Sending request! {"metadata":{"emulator":{"name":"functions"},"message":"[functions] Runtime ready! Sending request!"}}
[debug] [2026-06-29T21:10:55.022Z] [functions] Got req.url=/saegroup-c6487/us-central1/api/jobs/80000B56-1779813808/companycam-photos, mapping to path=/jobs/80000B56-1779813808/companycam-photos {"metadata":{"emulator":{"name":"functions"},"message":"[functions] Got req.url=/saegroup-c6487/us-central1/api/jobs/80000B56-1779813808/companycam-photos, mapping to path=/jobs/80000B56-1779813808/companycam-photos"}}
[debug] [2026-06-29T21:10:55.022Z] [worker-pool] submitRequest(triggerId=us-central1-api) {"metadata":{"emulator":{"name":"functions"},"message":"[worker-pool] submitRequest(triggerId=us-central1-api)"}}
[info] i  functions: Beginning execution of "us-central1-api" {"metadata":{"emulator":{"name":"functions"},"function":{"name":"us-central1-api"},"extension":{},"message":"Beginning execution of \"us-central1-api\""}}
[debug] [2026-06-29T21:10:55.022Z] [worker-us-central1-api-b1a7cdac-c38d-401a-8897-979a89a013cd]: BUSY {"metadata":{"emulator":{"name":"functions"},"function":{"name":"us-central1-api"},"extension":{},"message":"[worker-us-central1-api-b1a7cdac-c38d-401a-8897-979a89a013cd]: BUSY"}}
[debug] [2026-06-29T21:10:55.378Z] Finishing up request with event=pause {"metadata":{"emulator":{"name":"functions"},"function":{"name":"us-central1-api"},"extension":{},"message":"Finishing up request with event=pause"}}
[info] i  functions: Finished "us-central1-api" in 355.4595ms {"metadata":{"emulator":{"name":"functions"},"function":{"name":"us-central1-api"},"extension":{},"message":"Finished \"us-central1-api\" in 355.4595ms"}}
[debug] [2026-06-29T21:10:55.378Z] [worker-us-central1-api-b1a7cdac-c38d-401a-8897-979a89a013cd]: IDLE {"metadata":{"emulator":{"name":"functions"},"function":{"name":"us-central1-api"},"extension":{},"message":"[worker-us-central1-api-b1a7cdac-c38d-401a-8897-979a89a013cd]: IDLE"}}
[debug] [2026-06-29T21:10:55.378Z] Finishing up request with event=finish {"metadata":{"emulator":{"name":"functions"},"function":{"name":"us-central1-api"},"extension":{},"message":"Finishing up request with event=finish"}}
[debug] [2026-06-29T21:10:55.378Z] Finishing up request with event=close {"metadata":{"emulator":{"name":"functions"},"function":{"name":"us-central1-api"},"extension":{},"message":"Finishing up request with event=close"}}
[debug] [2026-06-29T21:10:55.378Z] [work-queue] {"queuedWork":[],"queueLength":0,"runningWork":[],"workRunningCount":0}
[debug] [2026-06-29T21:11:50.722Z] [work-queue] {"queuedWork":["/saegroup-c6487/us-central1/api/jobs/7M6W2CjK1yK2V1HmAAeZ/companycam-photos-2026-06-29T21:11:50.722Z"],"queueLength":1,"runningWork":[],"workRunningCount":0}
[debug] [2026-06-29T21:11:50.722Z] [work-queue] {"queuedWork":[],"queueLength":0,"runningWork":["/saegroup-c6487/us-central1/api/jobs/7M6W2CjK1yK2V1HmAAeZ/companycam-photos-2026-06-29T21:11:50.722Z"],"workRunningCount":1}
[debug] [2026-06-29T21:11:50.722Z] Accepted request OPTIONS /saegroup-c6487/us-central1/api/jobs/7M6W2CjK1yK2V1HmAAeZ/companycam-photos --> us-central1-api
[debug] [2026-06-29T21:11:50.723Z] [functions] Runtime ready! Sending request! {"metadata":{"emulator":{"name":"functions"},"message":"[functions] Runtime ready! Sending request!"}}
[debug] [2026-06-29T21:11:50.723Z] [functions] Got req.url=/saegroup-c6487/us-central1/api/jobs/7M6W2CjK1yK2V1HmAAeZ/companycam-photos, mapping to path=/jobs/7M6W2CjK1yK2V1HmAAeZ/companycam-photos {"metadata":{"emulator":{"name":"functions"},"message":"[functions] Got req.url=/saegroup-c6487/us-central1/api/jobs/7M6W2CjK1yK2V1HmAAeZ/companycam-photos, mapping to path=/jobs/7M6W2CjK1yK2V1HmAAeZ/companycam-photos"}}
[debug] [2026-06-29T21:11:50.723Z] [worker-pool] submitRequest(triggerId=us-central1-api) {"metadata":{"emulator":{"name":"functions"},"message":"[worker-pool] submitRequest(triggerId=us-central1-api)"}}
[info] i  functions: Beginning execution of "us-central1-api" {"metadata":{"emulator":{"name":"functions"},"function":{"name":"us-central1-api"},"extension":{},"message":"Beginning execution of \"us-central1-api\""}}
[debug] [2026-06-29T21:11:50.723Z] [worker-us-central1-api-b1a7cdac-c38d-401a-8897-979a89a013cd]: BUSY {"metadata":{"emulator":{"name":"functions"},"function":{"name":"us-central1-api"},"extension":{},"message":"[worker-us-central1-api-b1a7cdac-c38d-401a-8897-979a89a013cd]: BUSY"}}
[debug] [2026-06-29T21:11:50.724Z] Finishing up request with event=pause {"metadata":{"emulator":{"name":"functions"},"function":{"name":"us-central1-api"},"extension":{},"message":"Finishing up request with event=pause"}}
[info] i  functions: Finished "us-central1-api" in 0.9505ms {"metadata":{"emulator":{"name":"functions"},"function":{"name":"us-central1-api"},"extension":{},"message":"Finished \"us-central1-api\" in 0.9505ms"}}
[debug] [2026-06-29T21:11:50.724Z] [worker-us-central1-api-b1a7cdac-c38d-401a-8897-979a89a013cd]: IDLE {"metadata":{"emulator":{"name":"functions"},"function":{"name":"us-central1-api"},"extension":{},"message":"[worker-us-central1-api-b1a7cdac-c38d-401a-8897-979a89a013cd]: IDLE"}}
[debug] [2026-06-29T21:11:50.725Z] Finishing up request with event=finish {"metadata":{"emulator":{"name":"functions"},"function":{"name":"us-central1-api"},"extension":{},"message":"Finishing up request with event=finish"}}
[debug] [2026-06-29T21:11:50.725Z] Finishing up request with event=close {"metadata":{"emulator":{"name":"functions"},"function":{"name":"us-central1-api"},"extension":{},"message":"Finishing up request with event=close"}}
[debug] [2026-06-29T21:11:50.725Z] [work-queue] {"queuedWork":[],"queueLength":0,"runningWork":[],"workRunningCount":0}
[debug] [2026-06-29T21:11:50.725Z] [work-queue] {"queuedWork":["/saegroup-c6487/us-central1/api/jobs/7M6W2CjK1yK2V1HmAAeZ/companycam-photos-2026-06-29T21:11:50.725Z"],"queueLength":1,"runningWork":[],"workRunningCount":0}
[debug] [2026-06-29T21:11:50.726Z] [work-queue] {"queuedWork":[],"queueLength":0,"runningWork":["/saegroup-c6487/us-central1/api/jobs/7M6W2CjK1yK2V1HmAAeZ/companycam-photos-2026-06-29T21:11:50.725Z"],"workRunningCount":1}
[debug] [2026-06-29T21:11:50.726Z] Accepted request GET /saegroup-c6487/us-central1/api/jobs/7M6W2CjK1yK2V1HmAAeZ/companycam-photos --> us-central1-api
[debug] [2026-06-29T21:11:50.726Z] [functions] Runtime ready! Sending request! {"metadata":{"emulator":{"name":"functions"},"message":"[functions] Runtime ready! Sending request!"}}
[debug] [2026-06-29T21:11:50.726Z] [functions] Got req.url=/saegroup-c6487/us-central1/api/jobs/7M6W2CjK1yK2V1HmAAeZ/companycam-photos, mapping to path=/jobs/7M6W2CjK1yK2V1HmAAeZ/companycam-photos {"metadata":{"emulator":{"name":"functions"},"message":"[functions] Got req.url=/saegroup-c6487/us-central1/api/jobs/7M6W2CjK1yK2V1HmAAeZ/companycam-photos, mapping to path=/jobs/7M6W2CjK1yK2V1HmAAeZ/companycam-photos"}}
[debug] [2026-06-29T21:11:50.726Z] [worker-pool] submitRequest(triggerId=us-central1-api) {"metadata":{"emulator":{"name":"functions"},"message":"[worker-pool] submitRequest(triggerId=us-central1-api)"}}
[info] i  functions: Beginning execution of "us-central1-api" {"metadata":{"emulator":{"name":"functions"},"function":{"name":"us-central1-api"},"extension":{},"message":"Beginning execution of \"us-central1-api\""}}
[debug] [2026-06-29T21:11:50.726Z] [worker-us-central1-api-b1a7cdac-c38d-401a-8897-979a89a013cd]: BUSY {"metadata":{"emulator":{"name":"functions"},"function":{"name":"us-central1-api"},"extension":{},"message":"[worker-us-central1-api-b1a7cdac-c38d-401a-8897-979a89a013cd]: BUSY"}}
[debug] [2026-06-29T21:11:51.150Z] Finishing up request with event=pause {"metadata":{"emulator":{"name":"functions"},"function":{"name":"us-central1-api"},"extension":{},"message":"Finishing up request with event=pause"}}
[info] i  functions: Finished "us-central1-api" in 423.8609ms {"metadata":{"emulator":{"name":"functions"},"function":{"name":"us-central1-api"},"extension":{},"message":"Finished \"us-central1-api\" in 423.8609ms"}}
[debug] [2026-06-29T21:11:51.150Z] [worker-us-central1-api-b1a7cdac-c38d-401a-8897-979a89a013cd]: IDLE {"metadata":{"emulator":{"name":"functions"},"function":{"name":"us-central1-api"},"extension":{},"message":"[worker-us-central1-api-b1a7cdac-c38d-401a-8897-979a89a013cd]: IDLE"}}
[debug] [2026-06-29T21:11:51.150Z] Finishing up request with event=finish {"metadata":{"emulator":{"name":"functions"},"function":{"name":"us-central1-api"},"extension":{},"message":"Finishing up request with event=finish"}}
[debug] [2026-06-29T21:11:51.150Z] Finishing up request with event=close {"metadata":{"emulator":{"name":"functions"},"function":{"name":"us-central1-api"},"extension":{},"message":"Finishing up request with event=close"}}
[debug] [2026-06-29T21:11:51.150Z] [work-queue] {"queuedWork":[],"queueLength":0,"runningWork":[],"workRunningCount":0}
[debug] [2026-06-29T21:19:21.041Z] [work-queue] {"queuedWork":["/saegroup-c6487/us-central1/api/jobs/80000B56-1779813808/companycam-photos-2026-06-29T21:19:21.041Z"],"queueLength":1,"runningWork":[],"workRunningCount":0}
[debug] [2026-06-29T21:19:21.041Z] [work-queue] {"queuedWork":[],"queueLength":0,"runningWork":["/saegroup-c6487/us-central1/api/jobs/80000B56-1779813808/companycam-photos-2026-06-29T21:19:21.041Z"],"workRunningCount":1}
[debug] [2026-06-29T21:19:21.041Z] Accepted request OPTIONS /saegroup-c6487/us-central1/api/jobs/80000B56-1779813808/companycam-photos --> us-central1-api
[debug] [2026-06-29T21:19:21.042Z] [functions] Runtime ready! Sending request! {"metadata":{"emulator":{"name":"functions"},"message":"[functions] Runtime ready! Sending request!"}}
[debug] [2026-06-29T21:19:21.042Z] [functions] Got req.url=/saegroup-c6487/us-central1/api/jobs/80000B56-1779813808/companycam-photos, mapping to path=/jobs/80000B56-1779813808/companycam-photos {"metadata":{"emulator":{"name":"functions"},"message":"[functions] Got req.url=/saegroup-c6487/us-central1/api/jobs/80000B56-1779813808/companycam-photos, mapping to path=/jobs/80000B56-1779813808/companycam-photos"}}
[debug] [2026-06-29T21:19:21.042Z] [worker-pool] submitRequest(triggerId=us-central1-api) {"metadata":{"emulator":{"name":"functions"},"message":"[worker-pool] submitRequest(triggerId=us-central1-api)"}}
[info] i  functions: Beginning execution of "us-central1-api" {"metadata":{"emulator":{"name":"functions"},"function":{"name":"us-central1-api"},"extension":{},"message":"Beginning execution of \"us-central1-api\""}}
[debug] [2026-06-29T21:19:21.042Z] [worker-us-central1-api-b1a7cdac-c38d-401a-8897-979a89a013cd]: BUSY {"metadata":{"emulator":{"name":"functions"},"function":{"name":"us-central1-api"},"extension":{},"message":"[worker-us-central1-api-b1a7cdac-c38d-401a-8897-979a89a013cd]: BUSY"}}
[debug] [2026-06-29T21:19:21.044Z] Finishing up request with event=pause {"metadata":{"emulator":{"name":"functions"},"function":{"name":"us-central1-api"},"extension":{},"message":"Finishing up request with event=pause"}}
[info] i  functions: Finished "us-central1-api" in 1.2277ms {"metadata":{"emulator":{"name":"functions"},"function":{"name":"us-central1-api"},"extension":{},"message":"Finished \"us-central1-api\" in 1.2277ms"}}
[debug] [2026-06-29T21:19:21.044Z] [worker-us-central1-api-b1a7cdac-c38d-401a-8897-979a89a013cd]: IDLE {"metadata":{"emulator":{"name":"functions"},"function":{"name":"us-central1-api"},"extension":{},"message":"[worker-us-central1-api-b1a7cdac-c38d-401a-8897-979a89a013cd]: IDLE"}}
[debug] [2026-06-29T21:19:21.044Z] Finishing up request with event=finish {"metadata":{"emulator":{"name":"functions"},"function":{"name":"us-central1-api"},"extension":{},"message":"Finishing up request with event=finish"}}
[debug] [2026-06-29T21:19:21.044Z] Finishing up request with event=close {"metadata":{"emulator":{"name":"functions"},"function":{"name":"us-central1-api"},"extension":{},"message":"Finishing up request with event=close"}}
[debug] [2026-06-29T21:19:21.044Z] [work-queue] {"queuedWork":[],"queueLength":0,"runningWork":[],"workRunningCount":0}
[debug] [2026-06-29T21:19:21.045Z] [work-queue] {"queuedWork":["/saegroup-c6487/us-central1/api/jobs/80000B56-1779813808/companycam-photos-2026-06-29T21:19:21.045Z"],"queueLength":1,"runningWork":[],"workRunningCount":0}
[debug] [2026-06-29T21:19:21.045Z] [work-queue] {"queuedWork":[],"queueLength":0,"runningWork":["/saegroup-c6487/us-central1/api/jobs/80000B56-1779813808/companycam-photos-2026-06-29T21:19:21.045Z"],"workRunningCount":1}
[debug] [2026-06-29T21:19:21.045Z] Accepted request GET /saegroup-c6487/us-central1/api/jobs/80000B56-1779813808/companycam-photos --> us-central1-api
[debug] [2026-06-29T21:19:21.045Z] [functions] Runtime ready! Sending request! {"metadata":{"emulator":{"name":"functions"},"message":"[functions] Runtime ready! Sending request!"}}
[debug] [2026-06-29T21:19:21.046Z] [functions] Got req.url=/saegroup-c6487/us-central1/api/jobs/80000B56-1779813808/companycam-photos, mapping to path=/jobs/80000B56-1779813808/companycam-photos {"metadata":{"emulator":{"name":"functions"},"message":"[functions] Got req.url=/saegroup-c6487/us-central1/api/jobs/80000B56-1779813808/companycam-photos, mapping to path=/jobs/80000B56-1779813808/companycam-photos"}}
[debug] [2026-06-29T21:19:21.046Z] [worker-pool] submitRequest(triggerId=us-central1-api) {"metadata":{"emulator":{"name":"functions"},"message":"[worker-pool] submitRequest(triggerId=us-central1-api)"}}
[info] i  functions: Beginning execution of "us-central1-api" {"metadata":{"emulator":{"name":"functions"},"function":{"name":"us-central1-api"},"extension":{},"message":"Beginning execution of \"us-central1-api\""}}
[debug] [2026-06-29T21:19:21.046Z] [worker-us-central1-api-b1a7cdac-c38d-401a-8897-979a89a013cd]: BUSY {"metadata":{"emulator":{"name":"functions"},"function":{"name":"us-central1-api"},"extension":{},"message":"[worker-us-central1-api-b1a7cdac-c38d-401a-8897-979a89a013cd]: BUSY"}}
[debug] [2026-06-29T21:19:21.613Z] Finishing up request with event=pause {"metadata":{"emulator":{"name":"functions"},"function":{"name":"us-central1-api"},"extension":{},"message":"Finishing up request with event=pause"}}
[info] i  functions: Finished "us-central1-api" in 566.9364ms {"metadata":{"emulator":{"name":"functions"},"function":{"name":"us-central1-api"},"extension":{},"message":"Finished \"us-central1-api\" in 566.9364ms"}}
[debug] [2026-06-29T21:19:21.613Z] [worker-us-central1-api-b1a7cdac-c38d-401a-8897-979a89a013cd]: IDLE {"metadata":{"emulator":{"name":"functions"},"function":{"name":"us-central1-api"},"extension":{},"message":"[worker-us-central1-api-b1a7cdac-c38d-401a-8897-979a89a013cd]: IDLE"}}
[debug] [2026-06-29T21:19:21.613Z] Finishing up request with event=finish {"metadata":{"emulator":{"name":"functions"},"function":{"name":"us-central1-api"},"extension":{},"message":"Finishing up request with event=finish"}}
[debug] [2026-06-29T21:19:21.613Z] Finishing up request with event=close {"metadata":{"emulator":{"name":"functions"},"function":{"name":"us-central1-api"},"extension":{},"message":"Finishing up request with event=close"}}
[debug] [2026-06-29T21:19:21.613Z] [work-queue] {"queuedWork":[],"queueLength":0,"runningWork":[],"workRunningCount":0}
[debug] [2026-06-29T21:20:01.016Z] [work-queue] {"queuedWork":["/saegroup-c6487/us-central1/api/jobs/80000B56-1779813808/companycam-photos-2026-06-29T21:20:01.016Z"],"queueLength":1,"runningWork":[],"workRunningCount":0}
[debug] [2026-06-29T21:20:01.016Z] [work-queue] {"queuedWork":[],"queueLength":0,"runningWork":["/saegroup-c6487/us-central1/api/jobs/80000B56-1779813808/companycam-photos-2026-06-29T21:20:01.016Z"],"workRunningCount":1}
[debug] [2026-06-29T21:20:01.016Z] Accepted request OPTIONS /saegroup-c6487/us-central1/api/jobs/80000B56-1779813808/companycam-photos --> us-central1-api
[debug] [2026-06-29T21:20:01.017Z] [functions] Runtime ready! Sending request! {"metadata":{"emulator":{"name":"functions"},"message":"[functions] Runtime ready! Sending request!"}}
[debug] [2026-06-29T21:20:01.017Z] [functions] Got req.url=/saegroup-c6487/us-central1/api/jobs/80000B56-1779813808/companycam-photos, mapping to path=/jobs/80000B56-1779813808/companycam-photos {"metadata":{"emulator":{"name":"functions"},"message":"[functions] Got req.url=/saegroup-c6487/us-central1/api/jobs/80000B56-1779813808/companycam-photos, mapping to path=/jobs/80000B56-1779813808/companycam-photos"}}
[debug] [2026-06-29T21:20:01.017Z] [worker-pool] submitRequest(triggerId=us-central1-api) {"metadata":{"emulator":{"name":"functions"},"message":"[worker-pool] submitRequest(triggerId=us-central1-api)"}}
[info] i  functions: Beginning execution of "us-central1-api" {"metadata":{"emulator":{"name":"functions"},"function":{"name":"us-central1-api"},"extension":{},"message":"Beginning execution of \"us-central1-api\""}}
[debug] [2026-06-29T21:20:01.017Z] [worker-us-central1-api-b1a7cdac-c38d-401a-8897-979a89a013cd]: BUSY {"metadata":{"emulator":{"name":"functions"},"function":{"name":"us-central1-api"},"extension":{},"message":"[worker-us-central1-api-b1a7cdac-c38d-401a-8897-979a89a013cd]: BUSY"}}
[debug] [2026-06-29T21:20:01.018Z] Finishing up request with event=pause {"metadata":{"emulator":{"name":"functions"},"function":{"name":"us-central1-api"},"extension":{},"message":"Finishing up request with event=pause"}}
[info] i  functions: Finished "us-central1-api" in 1.1202ms {"metadata":{"emulator":{"name":"functions"},"function":{"name":"us-central1-api"},"extension":{},"message":"Finished \"us-central1-api\" in 1.1202ms"}}
[debug] [2026-06-29T21:20:01.018Z] [worker-us-central1-api-b1a7cdac-c38d-401a-8897-979a89a013cd]: IDLE {"metadata":{"emulator":{"name":"functions"},"function":{"name":"us-central1-api"},"extension":{},"message":"[worker-us-central1-api-b1a7cdac-c38d-401a-8897-979a89a013cd]: IDLE"}}
[debug] [2026-06-29T21:20:01.019Z] Finishing up request with event=finish {"metadata":{"emulator":{"name":"functions"},"function":{"name":"us-central1-api"},"extension":{},"message":"Finishing up request with event=finish"}}
[debug] [2026-06-29T21:20:01.019Z] Finishing up request with event=close {"metadata":{"emulator":{"name":"functions"},"function":{"name":"us-central1-api"},"extension":{},"message":"Finishing up request with event=close"}}
[debug] [2026-06-29T21:20:01.019Z] [work-queue] {"queuedWork":[],"queueLength":0,"runningWork":[],"workRunningCount":0}
[debug] [2026-06-29T21:20:01.028Z] [work-queue] {"queuedWork":["/saegroup-c6487/us-central1/api/jobs/80000B56-1779813808/companycam-photos-2026-06-29T21:20:01.028Z"],"queueLength":1,"runningWork":[],"workRunningCount":0}
[debug] [2026-06-29T21:20:01.028Z] [work-queue] {"queuedWork":[],"queueLength":0,"runningWork":["/saegroup-c6487/us-central1/api/jobs/80000B56-1779813808/companycam-photos-2026-06-29T21:20:01.028Z"],"workRunningCount":1}
[debug] [2026-06-29T21:20:01.028Z] Accepted request GET /saegroup-c6487/us-central1/api/jobs/80000B56-1779813808/companycam-photos --> us-central1-api
[debug] [2026-06-29T21:20:01.029Z] [functions] Runtime ready! Sending request! {"metadata":{"emulator":{"name":"functions"},"message":"[functions] Runtime ready! Sending request!"}}
[debug] [2026-06-29T21:20:01.029Z] [functions] Got req.url=/saegroup-c6487/us-central1/api/jobs/80000B56-1779813808/companycam-photos, mapping to path=/jobs/80000B56-1779813808/companycam-photos {"metadata":{"emulator":{"name":"functions"},"message":"[functions] Got req.url=/saegroup-c6487/us-central1/api/jobs/80000B56-1779813808/companycam-photos, mapping to path=/jobs/80000B56-1779813808/companycam-photos"}}
[debug] [2026-06-29T21:20:01.029Z] [worker-pool] submitRequest(triggerId=us-central1-api) {"metadata":{"emulator":{"name":"functions"},"message":"[worker-pool] submitRequest(triggerId=us-central1-api)"}}
[info] i  functions: Beginning execution of "us-central1-api" {"metadata":{"emulator":{"name":"functions"},"function":{"name":"us-central1-api"},"extension":{},"message":"Beginning execution of \"us-central1-api\""}}
[debug] [2026-06-29T21:20:01.029Z] [worker-us-central1-api-b1a7cdac-c38d-401a-8897-979a89a013cd]: BUSY {"metadata":{"emulator":{"name":"functions"},"function":{"name":"us-central1-api"},"extension":{},"message":"[worker-us-central1-api-b1a7cdac-c38d-401a-8897-979a89a013cd]: BUSY"}}
[debug] [2026-06-29T21:20:01.671Z] Finishing up request with event=pause {"metadata":{"emulator":{"name":"functions"},"function":{"name":"us-central1-api"},"extension":{},"message":"Finishing up request with event=pause"}}
[info] i  functions: Finished "us-central1-api" in 641.9528ms {"metadata":{"emulator":{"name":"functions"},"function":{"name":"us-central1-api"},"extension":{},"message":"Finished \"us-central1-api\" in 641.9528ms"}}
[debug] [2026-06-29T21:20:01.671Z] [worker-us-central1-api-b1a7cdac-c38d-401a-8897-979a89a013cd]: IDLE {"metadata":{"emulator":{"name":"functions"},"function":{"name":"us-central1-api"},"extension":{},"message":"[worker-us-central1-api-b1a7cdac-c38d-401a-8897-979a89a013cd]: IDLE"}}
[debug] [2026-06-29T21:20:01.672Z] Finishing up request with event=finish {"metadata":{"emulator":{"name":"functions"},"function":{"name":"us-central1-api"},"extension":{},"message":"Finishing up request with event=finish"}}
[debug] [2026-06-29T21:20:01.672Z] Finishing up request with event=close {"metadata":{"emulator":{"name":"functions"},"function":{"name":"us-central1-api"},"extension":{},"message":"Finishing up request with event=close"}}
[debug] [2026-06-29T21:20:01.672Z] [work-queue] {"queuedWork":[],"queueLength":0,"runningWork":[],"workRunningCount":0}
[debug] [2026-06-29T21:35:17.948Z] [work-queue] {"queuedWork":["/saegroup-c6487/us-central1/api/jobs/80000B56-1779813808/companycam-photos-2026-06-29T21:35:17.948Z"],"queueLength":1,"runningWork":[],"workRunningCount":0}
[debug] [2026-06-29T21:35:17.949Z] [work-queue] {"queuedWork":[],"queueLength":0,"runningWork":["/saegroup-c6487/us-central1/api/jobs/80000B56-1779813808/companycam-photos-2026-06-29T21:35:17.948Z"],"workRunningCount":1}
[debug] [2026-06-29T21:35:17.949Z] Accepted request OPTIONS /saegroup-c6487/us-central1/api/jobs/80000B56-1779813808/companycam-photos --> us-central1-api
[debug] [2026-06-29T21:35:17.949Z] [functions] Runtime ready! Sending request! {"metadata":{"emulator":{"name":"functions"},"message":"[functions] Runtime ready! Sending request!"}}
[debug] [2026-06-29T21:35:17.950Z] [functions] Got req.url=/saegroup-c6487/us-central1/api/jobs/80000B56-1779813808/companycam-photos, mapping to path=/jobs/80000B56-1779813808/companycam-photos {"metadata":{"emulator":{"name":"functions"},"message":"[functions] Got req.url=/saegroup-c6487/us-central1/api/jobs/80000B56-1779813808/companycam-photos, mapping to path=/jobs/80000B56-1779813808/companycam-photos"}}
[debug] [2026-06-29T21:35:17.950Z] [worker-pool] submitRequest(triggerId=us-central1-api) {"metadata":{"emulator":{"name":"functions"},"message":"[worker-pool] submitRequest(triggerId=us-central1-api)"}}
[info] i  functions: Beginning execution of "us-central1-api" {"metadata":{"emulator":{"name":"functions"},"function":{"name":"us-central1-api"},"extension":{},"message":"Beginning execution of \"us-central1-api\""}}
[debug] [2026-06-29T21:35:17.950Z] [worker-us-central1-api-b1a7cdac-c38d-401a-8897-979a89a013cd]: BUSY {"metadata":{"emulator":{"name":"functions"},"function":{"name":"us-central1-api"},"extension":{},"message":"[worker-us-central1-api-b1a7cdac-c38d-401a-8897-979a89a013cd]: BUSY"}}
[debug] [2026-06-29T21:35:17.951Z] Finishing up request with event=pause {"metadata":{"emulator":{"name":"functions"},"function":{"name":"us-central1-api"},"extension":{},"message":"Finishing up request with event=pause"}}
[info] i  functions: Finished "us-central1-api" in 1.2729ms {"metadata":{"emulator":{"name":"functions"},"function":{"name":"us-central1-api"},"extension":{},"message":"Finished \"us-central1-api\" in 1.2729ms"}}
[debug] [2026-06-29T21:35:17.951Z] [worker-us-central1-api-b1a7cdac-c38d-401a-8897-979a89a013cd]: IDLE {"metadata":{"emulator":{"name":"functions"},"function":{"name":"us-central1-api"},"extension":{},"message":"[worker-us-central1-api-b1a7cdac-c38d-401a-8897-979a89a013cd]: IDLE"}}
[debug] [2026-06-29T21:35:17.951Z] Finishing up request with event=finish {"metadata":{"emulator":{"name":"functions"},"function":{"name":"us-central1-api"},"extension":{},"message":"Finishing up request with event=finish"}}
[debug] [2026-06-29T21:35:17.951Z] Finishing up request with event=close {"metadata":{"emulator":{"name":"functions"},"function":{"name":"us-central1-api"},"extension":{},"message":"Finishing up request with event=close"}}
[debug] [2026-06-29T21:35:17.952Z] [work-queue] {"queuedWork":[],"queueLength":0,"runningWork":[],"workRunningCount":0}
[debug] [2026-06-29T21:35:17.952Z] [work-queue] {"queuedWork":["/saegroup-c6487/us-central1/api/jobs/80000B56-1779813808/companycam-photos-2026-06-29T21:35:17.952Z"],"queueLength":1,"runningWork":[],"workRunningCount":0}
[debug] [2026-06-29T21:35:17.953Z] [work-queue] {"queuedWork":[],"queueLength":0,"runningWork":["/saegroup-c6487/us-central1/api/jobs/80000B56-1779813808/companycam-photos-2026-06-29T21:35:17.952Z"],"workRunningCount":1}
[debug] [2026-06-29T21:35:17.953Z] Accepted request GET /saegroup-c6487/us-central1/api/jobs/80000B56-1779813808/companycam-photos --> us-central1-api
[debug] [2026-06-29T21:35:17.953Z] [functions] Runtime ready! Sending request! {"metadata":{"emulator":{"name":"functions"},"message":"[functions] Runtime ready! Sending request!"}}
[debug] [2026-06-29T21:35:17.953Z] [functions] Got req.url=/saegroup-c6487/us-central1/api/jobs/80000B56-1779813808/companycam-photos, mapping to path=/jobs/80000B56-1779813808/companycam-photos {"metadata":{"emulator":{"name":"functions"},"message":"[functions] Got req.url=/saegroup-c6487/us-central1/api/jobs/80000B56-1779813808/companycam-photos, mapping to path=/jobs/80000B56-1779813808/companycam-photos"}}
[debug] [2026-06-29T21:35:17.953Z] [worker-pool] submitRequest(triggerId=us-central1-api) {"metadata":{"emulator":{"name":"functions"},"message":"[worker-pool] submitRequest(triggerId=us-central1-api)"}}
[info] i  functions: Beginning execution of "us-central1-api" {"metadata":{"emulator":{"name":"functions"},"function":{"name":"us-central1-api"},"extension":{},"message":"Beginning execution of \"us-central1-api\""}}
[debug] [2026-06-29T21:35:17.953Z] [worker-us-central1-api-b1a7cdac-c38d-401a-8897-979a89a013cd]: BUSY {"metadata":{"emulator":{"name":"functions"},"function":{"name":"us-central1-api"},"extension":{},"message":"[worker-us-central1-api-b1a7cdac-c38d-401a-8897-979a89a013cd]: BUSY"}}
[debug] [2026-06-29T21:35:18.443Z] Finishing up request with event=pause {"metadata":{"emulator":{"name":"functions"},"function":{"name":"us-central1-api"},"extension":{},"message":"Finishing up request with event=pause"}}
[info] i  functions: Finished "us-central1-api" in 489.7151ms {"metadata":{"emulator":{"name":"functions"},"function":{"name":"us-central1-api"},"extension":{},"message":"Finished \"us-central1-api\" in 489.7151ms"}}
[debug] [2026-06-29T21:35:18.443Z] [worker-us-central1-api-b1a7cdac-c38d-401a-8897-979a89a013cd]: IDLE {"metadata":{"emulator":{"name":"functions"},"function":{"name":"us-central1-api"},"extension":{},"message":"[worker-us-central1-api-b1a7cdac-c38d-401a-8897-979a89a013cd]: IDLE"}}
[debug] [2026-06-29T21:35:18.443Z] [work-queue] {"queuedWork":[],"queueLength":0,"runningWork":[],"workRunningCount":0}
[debug] [2026-06-29T21:35:18.443Z] Finishing up request with event=pause {"metadata":{"emulator":{"name":"functions"},"function":{"name":"us-central1-api"},"extension":{},"message":"Finishing up request with event=pause"}}
[debug] [2026-06-29T21:35:18.444Z] Finishing up request with event=pause {"metadata":{"emulator":{"name":"functions"},"function":{"name":"us-central1-api"},"extension":{},"message":"Finishing up request with event=pause"}}
[debug] [2026-06-29T21:35:18.444Z] Finishing up request with event=pause {"metadata":{"emulator":{"name":"functions"},"function":{"name":"us-central1-api"},"extension":{},"message":"Finishing up request with event=pause"}}
[debug] [2026-06-29T21:35:18.444Z] Finishing up request with event=finish {"metadata":{"emulator":{"name":"functions"},"function":{"name":"us-central1-api"},"extension":{},"message":"Finishing up request with event=finish"}}
[debug] [2026-06-29T21:35:18.444Z] Finishing up request with event=close {"metadata":{"emulator":{"name":"functions"},"function":{"name":"us-central1-api"},"extension":{},"message":"Finishing up request with event=close"}}
